Watching for file changes with StatReloader
[26/May/2026 21:42:05] "GET /admin/login/?next=/admin/guestbook/ HTTP/1.1" 200 4100
[26/May/2026 21:42:06] "GET /static/admin/css/base.css HTTP/1.1" 304 0
[26/May/2026 21:42:06] "GET /static/admin/css/dark_mode.css HTTP/1.1" 304 0
[26/May/2026 21:42:06] "GET /static/admin/css/nav_sidebar.css HTTP/1.1" 304 0
[26/May/2026 21:42:06] "GET /static/admin/css/login.css HTTP/1.1" 304 0
[26/May/2026 21:42:06] "GET /static/admin/css/responsive.css HTTP/1.1" 304 0
[26/May/2026 21:42:06] "GET /static/admin/js/theme.js HTTP/1.1" 304 0
[26/May/2026 21:42:06] "GET /static/admin/js/nav_sidebar.js HTTP/1.1" 304 0
Internal Server Error: /admin/login/
Traceback (most recent call last):
  File "/home/ubuntu/.cache/pypoetry/virtualenvs/toyproj1-isJ9Rx2b-py3.14/lib/python3.14/site-packages/django/db/backends/utils.py", line 105, in _execute
    return self.cursor.execute(sql, params)
           ~~~~~~~~~~~~~~~~~~~^^^^^^^^^^^^^
  File "/home/ubuntu/.cache/pypoetry/virtualenvs/toyproj1-isJ9Rx2b-py3.14/lib/python3.14/site-packages/django/db/backends/sqlite3/base.py", line 359, in execute
    return super().execute(query, params)
           ~~~~~~~~~~~~~~~^^^^^^^^^^^^^^^
sqlite3.OperationalError: no such table: auth_user

The above exception was the direct cause of the following exception:

Traceback (most recent call last):
  File "/home/ubuntu/.cache/pypoetry/virtualenvs/toyproj1-isJ9Rx2b-py3.14/lib/python3.14/site-packages/django/core/handlers/exception.py", line 55, in inner
    response = get_response(request)
  File "/home/ubuntu/.cache/pypoetry/virtualenvs/toyproj1-isJ9Rx2b-py3.14/lib/python3.14/site-packages/django/core/handlers/base.py", line 198, in _get_response
    response = wrapped_callback(request, *callback_args, **callback_kwargs)
  File "/home/ubuntu/.cache/pypoetry/virtualenvs/toyproj1-isJ9Rx2b-py3.14/lib/python3.14/site-packages/django/utils/decorators.py", line 48, in _wrapper
    return bound_method(*args, **kwargs)
  File "/home/ubuntu/.cache/pypoetry/virtualenvs/toyproj1-isJ9Rx2b-py3.14/lib/python3.14/site-packages/django/views/decorators/cache.py", line 80, in _view_wrapper
    response = view_func(request, *args, **kwargs)
  File "/home/ubuntu/.cache/pypoetry/virtualenvs/toyproj1-isJ9Rx2b-py3.14/lib/python3.14/site-packages/django/contrib/admin/sites.py", line 450, in login
    return LoginView.as_view(**defaults)(request)
           ~~~~~~~~~~~~~~~~~~~~~~~~~~~~~^^^^^^^^^
  File "/home/ubuntu/.cache/pypoetry/virtualenvs/toyproj1-isJ9Rx2b-py3.14/lib/python3.14/site-packages/django/views/generic/base.py", line 106, in view
    return self.dispatch(request, *args, **kwargs)
           ~~~~~~~~~~~~~^^^^^^^^^^^^^^^^^^^^^^^^^^
  File "/home/ubuntu/.cache/pypoetry/virtualenvs/toyproj1-isJ9Rx2b-py3.14/lib/python3.14/site-packages/django/utils/decorators.py", line 48, in _wrapper
    return bound_method(*args, **kwargs)
  File "/home/ubuntu/.cache/pypoetry/virtualenvs/toyproj1-isJ9Rx2b-py3.14/lib/python3.14/site-packages/django/views/decorators/debug.py", line 143, in sensitive_post_parameters_wrapper
    return view(request, *args, **kwargs)
  File "/home/ubuntu/.cache/pypoetry/virtualenvs/toyproj1-isJ9Rx2b-py3.14/lib/python3.14/site-packages/django/utils/decorators.py", line 192, in _view_wrapper
    result = _process_exception(request, e)
  File "/home/ubuntu/.cache/pypoetry/virtualenvs/toyproj1-isJ9Rx2b-py3.14/lib/python3.14/site-packages/django/utils/decorators.py", line 190, in _view_wrapper
    response = view_func(request, *args, **kwargs)
  File "/home/ubuntu/.cache/pypoetry/virtualenvs/toyproj1-isJ9Rx2b-py3.14/lib/python3.14/site-packages/django/views/decorators/cache.py", line 80, in _view_wrapper
    response = view_func(request, *args, **kwargs)
  File "/home/ubuntu/.cache/pypoetry/virtualenvs/toyproj1-isJ9Rx2b-py3.14/lib/python3.14/site-packages/django/contrib/auth/views.py", line 89, in dispatch
    return super().dispatch(request, *args, **kwargs)
           ~~~~~~~~~~~~~~~~^^^^^^^^^^^^^^^^^^^^^^^^^^
  File "/home/ubuntu/.cache/pypoetry/virtualenvs/toyproj1-isJ9Rx2b-py3.14/lib/python3.14/site-packages/django/views/generic/base.py", line 145, in dispatch
    return handler(request, *args, **kwargs)
  File "/home/ubuntu/.cache/pypoetry/virtualenvs/toyproj1-isJ9Rx2b-py3.14/lib/python3.14/site-packages/django/views/generic/edit.py", line 150, in post
    if form.is_valid():
       ~~~~~~~~~~~~~^^
  File "/home/ubuntu/.cache/pypoetry/virtualenvs/toyproj1-isJ9Rx2b-py3.14/lib/python3.14/site-packages/django/forms/forms.py", line 206, in is_valid
    return self.is_bound and not self.errors
                                 ^^^^^^^^^^^
  File "/home/ubuntu/.cache/pypoetry/virtualenvs/toyproj1-isJ9Rx2b-py3.14/lib/python3.14/site-packages/django/forms/forms.py", line 201, in errors
    self.full_clean()
    ~~~~~~~~~~~~~~~^^
  File "/home/ubuntu/.cache/pypoetry/virtualenvs/toyproj1-isJ9Rx2b-py3.14/lib/python3.14/site-packages/django/forms/forms.py", line 338, in full_clean
    self._clean_form()
    ~~~~~~~~~~~~~~~~^^
  File "/home/ubuntu/.cache/pypoetry/virtualenvs/toyproj1-isJ9Rx2b-py3.14/lib/python3.14/site-packages/django/forms/forms.py", line 354, in _clean_form
    cleaned_data = self.clean()
  File "/home/ubuntu/.cache/pypoetry/virtualenvs/toyproj1-isJ9Rx2b-py3.14/lib/python3.14/site-packages/django/views/decorators/debug.py", line 75, in sensitive_variables_wrapper
    return func(*func_args, **func_kwargs)
  File "/home/ubuntu/.cache/pypoetry/virtualenvs/toyproj1-isJ9Rx2b-py3.14/lib/python3.14/site-packages/django/contrib/auth/forms.py", line 349, in clean
    self.user_cache = authenticate(
                      ~~~~~~~~~~~~^
        self.request, username=username, password=password
        ^^^^^^^^^^^^^^^^^^^^^^^^^^^^^^^^^^^^^^^^^^^^^^^^^^
    )
    ^
  File "/home/ubuntu/.cache/pypoetry/virtualenvs/toyproj1-isJ9Rx2b-py3.14/lib/python3.14/site-packages/django/views/decorators/debug.py", line 75, in sensitive_variables_wrapper
    return func(*func_args, **func_kwargs)
  File "/home/ubuntu/.cache/pypoetry/virtualenvs/toyproj1-isJ9Rx2b-py3.14/lib/python3.14/site-packages/django/contrib/auth/__init__.py", line 114, in authenticate
    user = backend.authenticate(request, **credentials)
  File "/home/ubuntu/.cache/pypoetry/virtualenvs/toyproj1-isJ9Rx2b-py3.14/lib/python3.14/site-packages/django/contrib/auth/backends.py", line 65, in authenticate
    user = UserModel._default_manager.get_by_natural_key(username)
  File "/home/ubuntu/.cache/pypoetry/virtualenvs/toyproj1-isJ9Rx2b-py3.14/lib/python3.14/site-packages/django/contrib/auth/base_user.py", line 37, in get_by_natural_key
    return self.get(**{self.model.USERNAME_FIELD: username})
           ~~~~~~~~^^^^^^^^^^^^^^^^^^^^^^^^^^^^^^^^^^^^^^^^^
  File "/home/ubuntu/.cache/pypoetry/virtualenvs/toyproj1-isJ9Rx2b-py3.14/lib/python3.14/site-packages/django/db/models/manager.py", line 87, in manager_method
    return getattr(self.get_queryset(), name)(*args, **kwargs)
           ~~~~~~~~~~~~~~~~~~~~~~~~~~~~~~~~~~^^^^^^^^^^^^^^^^^
  File "/home/ubuntu/.cache/pypoetry/virtualenvs/toyproj1-isJ9Rx2b-py3.14/lib/python3.14/site-packages/django/db/models/query.py", line 635, in get
    num = len(clone)
  File "/home/ubuntu/.cache/pypoetry/virtualenvs/toyproj1-isJ9Rx2b-py3.14/lib/python3.14/site-packages/django/db/models/query.py", line 372, in __len__
    self._fetch_all()
    ~~~~~~~~~~~~~~~^^
  File "/home/ubuntu/.cache/pypoetry/virtualenvs/toyproj1-isJ9Rx2b-py3.14/lib/python3.14/site-packages/django/db/models/query.py", line 2000, in _fetch_all
    self._result_cache = list(self._iterable_class(self))
                         ~~~~^^^^^^^^^^^^^^^^^^^^^^^^^^^^
  File "/home/ubuntu/.cache/pypoetry/virtualenvs/toyproj1-isJ9Rx2b-py3.14/lib/python3.14/site-packages/django/db/models/query.py", line 95, in __iter__
    results = compiler.execute_sql(
        chunked_fetch=self.chunked_fetch, chunk_size=self.chunk_size
    )
  File "/home/ubuntu/.cache/pypoetry/virtualenvs/toyproj1-isJ9Rx2b-py3.14/lib/python3.14/site-packages/django/db/models/sql/compiler.py", line 1624, in execute_sql
    cursor.execute(sql, params)
    ~~~~~~~~~~~~~~^^^^^^^^^^^^^
  File "/home/ubuntu/.cache/pypoetry/virtualenvs/toyproj1-isJ9Rx2b-py3.14/lib/python3.14/site-packages/django/db/backends/utils.py", line 122, in execute
    return super().execute(sql, params)
           ~~~~~~~~~~~~~~~^^^^^^^^^^^^^
  File "/home/ubuntu/.cache/pypoetry/virtualenvs/toyproj1-isJ9Rx2b-py3.14/lib/python3.14/site-packages/django/db/backends/utils.py", line 79, in execute
    return self._execute_with_wrappers(
           ~~~~~~~~~~~~~~~~~~~~~~~~~~~^
        sql, params, many=False, executor=self._execute
        ^^^^^^^^^^^^^^^^^^^^^^^^^^^^^^^^^^^^^^^^^^^^^^^
    )
    ^
  File "/home/ubuntu/.cache/pypoetry/virtualenvs/toyproj1-isJ9Rx2b-py3.14/lib/python3.14/site-packages/django/db/backends/utils.py", line 92, in _execute_with_wrappers
    return executor(sql, params, many, context)
  File "/home/ubuntu/.cache/pypoetry/virtualenvs/toyproj1-isJ9Rx2b-py3.14/lib/python3.14/site-packages/django/db/backends/utils.py", line 100, in _execute
    with self.db.wrap_database_errors:
         ^^^^^^^^^^^^^^^^^^^^^^^^^^^^
  File "/home/ubuntu/.cache/pypoetry/virtualenvs/toyproj1-isJ9Rx2b-py3.14/lib/python3.14/site-packages/django/db/utils.py", line 94, in __exit__
    raise dj_exc_value.with_traceback(traceback) from exc_value
  File "/home/ubuntu/.cache/pypoetry/virtualenvs/toyproj1-isJ9Rx2b-py3.14/lib/python3.14/site-packages/django/db/backends/utils.py", line 105, in _execute
    return self.cursor.execute(sql, params)
           ~~~~~~~~~~~~~~~~~~~^^^^^^^^^^^^^
  File "/home/ubuntu/.cache/pypoetry/virtualenvs/toyproj1-isJ9Rx2b-py3.14/lib/python3.14/site-packages/django/db/backends/sqlite3/base.py", line 359, in execute
    return super().execute(query, params)
           ~~~~~~~~~~~~~~~^^^^^^^^^^^^^^^
django.db.utils.OperationalError: no such table: auth_user
[26/May/2026 21:42:11] "POST /admin/login/?next=/admin/guestbook/ HTTP/1.1" 500 239582
Internal Server Error: /guestbook/
Traceback (most recent call last):
  File "/home/ubuntu/.cache/pypoetry/virtualenvs/toyproj1-isJ9Rx2b-py3.14/lib/python3.14/site-packages/django/db/backends/utils.py", line 105, in _execute
    return self.cursor.execute(sql, params)
           ~~~~~~~~~~~~~~~~~~~^^^^^^^^^^^^^
  File "/home/ubuntu/.cache/pypoetry/virtualenvs/toyproj1-isJ9Rx2b-py3.14/lib/python3.14/site-packages/django/db/backends/sqlite3/base.py", line 359, in execute
    return super().execute(query, params)
           ~~~~~~~~~~~~~~~^^^^^^^^^^^^^^^
sqlite3.OperationalError: no such table: guestbook_guestbook

The above exception was the direct cause of the following exception:

Traceback (most recent call last):
  File "/home/ubuntu/.cache/pypoetry/virtualenvs/toyproj1-isJ9Rx2b-py3.14/lib/python3.14/site-packages/django/core/handlers/exception.py", line 55, in inner
    response = get_response(request)
  File "/home/ubuntu/.cache/pypoetry/virtualenvs/toyproj1-isJ9Rx2b-py3.14/lib/python3.14/site-packages/django/core/handlers/base.py", line 198, in _get_response
    response = wrapped_callback(request, *callback_args, **callback_kwargs)
  File "/home/ubuntu/.cache/pypoetry/virtualenvs/toyproj1-isJ9Rx2b-py3.14/lib/python3.14/site-packages/django/views/decorators/csrf.py", line 65, in _view_wrapper
    return view_func(request, *args, **kwargs)
  File "/home/ubuntu/.cache/pypoetry/virtualenvs/toyproj1-isJ9Rx2b-py3.14/lib/python3.14/site-packages/django/views/generic/base.py", line 106, in view
    return self.dispatch(request, *args, **kwargs)
           ~~~~~~~~~~~~~^^^^^^^^^^^^^^^^^^^^^^^^^^
  File "/home/ubuntu/.cache/pypoetry/virtualenvs/toyproj1-isJ9Rx2b-py3.14/lib/python3.14/site-packages/rest_framework/views.py", line 515, in dispatch
    response = self.handle_exception(exc)
  File "/home/ubuntu/.cache/pypoetry/virtualenvs/toyproj1-isJ9Rx2b-py3.14/lib/python3.14/site-packages/rest_framework/views.py", line 475, in handle_exception
    self.raise_uncaught_exception(exc)
    ~~~~~~~~~~~~~~~~~~~~~~~~~~~~~^^^^^
  File "/home/ubuntu/.cache/pypoetry/virtualenvs/toyproj1-isJ9Rx2b-py3.14/lib/python3.14/site-packages/rest_framework/views.py", line 486, in raise_uncaught_exception
    raise exc
  File "/home/ubuntu/.cache/pypoetry/virtualenvs/toyproj1-isJ9Rx2b-py3.14/lib/python3.14/site-packages/rest_framework/views.py", line 512, in dispatch
    response = handler(request, *args, **kwargs)
  File "/home/ubuntu/toyproj/toyproj1/guestbook/views.py", line 74, in get
    "data": serializer.data
            ^^^^^^^^^^^^^^^
  File "/home/ubuntu/.cache/pypoetry/virtualenvs/toyproj1-isJ9Rx2b-py3.14/lib/python3.14/site-packages/rest_framework/serializers.py", line 809, in data
    ret = super().data
          ^^^^^^^^^^^^
  File "/home/ubuntu/.cache/pypoetry/virtualenvs/toyproj1-isJ9Rx2b-py3.14/lib/python3.14/site-packages/rest_framework/serializers.py", line 251, in data
    self._data = self.to_representation(self.instance)
                 ~~~~~~~~~~~~~~~~~~~~~~^^^^^^^^^^^^^^^
  File "/home/ubuntu/.cache/pypoetry/virtualenvs/toyproj1-isJ9Rx2b-py3.14/lib/python3.14/site-packages/rest_framework/serializers.py", line 728, in to_representation
    self.child.to_representation(item) for item in iterable
                                                   ^^^^^^^^
  File "/home/ubuntu/.cache/pypoetry/virtualenvs/toyproj1-isJ9Rx2b-py3.14/lib/python3.14/site-packages/django/db/models/query.py", line 390, in __iter__
    self._fetch_all()
    ~~~~~~~~~~~~~~~^^
  File "/home/ubuntu/.cache/pypoetry/virtualenvs/toyproj1-isJ9Rx2b-py3.14/lib/python3.14/site-packages/django/db/models/query.py", line 2000, in _fetch_all
    self._result_cache = list(self._iterable_class(self))
                         ~~~~^^^^^^^^^^^^^^^^^^^^^^^^^^^^
  File "/home/ubuntu/.cache/pypoetry/virtualenvs/toyproj1-isJ9Rx2b-py3.14/lib/python3.14/site-packages/django/db/models/query.py", line 95, in __iter__
    results = compiler.execute_sql(
        chunked_fetch=self.chunked_fetch, chunk_size=self.chunk_size
    )
  File "/home/ubuntu/.cache/pypoetry/virtualenvs/toyproj1-isJ9Rx2b-py3.14/lib/python3.14/site-packages/django/db/models/sql/compiler.py", line 1624, in execute_sql
    cursor.execute(sql, params)
    ~~~~~~~~~~~~~~^^^^^^^^^^^^^
  File "/home/ubuntu/.cache/pypoetry/virtualenvs/toyproj1-isJ9Rx2b-py3.14/lib/python3.14/site-packages/django/db/backends/utils.py", line 122, in execute
    return super().execute(sql, params)
           ~~~~~~~~~~~~~~~^^^^^^^^^^^^^
  File "/home/ubuntu/.cache/pypoetry/virtualenvs/toyproj1-isJ9Rx2b-py3.14/lib/python3.14/site-packages/django/db/backends/utils.py", line 79, in execute
    return self._execute_with_wrappers(
           ~~~~~~~~~~~~~~~~~~~~~~~~~~~^
        sql, params, many=False, executor=self._execute
        ^^^^^^^^^^^^^^^^^^^^^^^^^^^^^^^^^^^^^^^^^^^^^^^
    )
    ^
  File "/home/ubuntu/.cache/pypoetry/virtualenvs/toyproj1-isJ9Rx2b-py3.14/lib/python3.14/site-packages/django/db/backends/utils.py", line 92, in _execute_with_wrappers
    return executor(sql, params, many, context)
  File "/home/ubuntu/.cache/pypoetry/virtualenvs/toyproj1-isJ9Rx2b-py3.14/lib/python3.14/site-packages/django/db/backends/utils.py", line 100, in _execute
    with self.db.wrap_database_errors:
         ^^^^^^^^^^^^^^^^^^^^^^^^^^^^
  File "/home/ubuntu/.cache/pypoetry/virtualenvs/toyproj1-isJ9Rx2b-py3.14/lib/python3.14/site-packages/django/db/utils.py", line 94, in __exit__
    raise dj_exc_value.with_traceback(traceback) from exc_value
  File "/home/ubuntu/.cache/pypoetry/virtualenvs/toyproj1-isJ9Rx2b-py3.14/lib/python3.14/site-packages/django/db/backends/utils.py", line 105, in _execute
    return self.cursor.execute(sql, params)
           ~~~~~~~~~~~~~~~~~~~^^^^^^^^^^^^^
  File "/home/ubuntu/.cache/pypoetry/virtualenvs/toyproj1-isJ9Rx2b-py3.14/lib/python3.14/site-packages/django/db/backends/sqlite3/base.py", line 359, in execute
    return super().execute(query, params)
           ~~~~~~~~~~~~~~~^^^^^^^^^^^^^^^
django.db.utils.OperationalError: no such table: guestbook_guestbook
[26/May/2026 21:42:35] "GET /guestbook/ HTTP/1.1" 500 169361
[26/May/2026 21:43:48] "GET /guestbook/ HTTP/1.1" 200 67
[26/May/2026 21:43:57] "POST /admin/login/?next=/admin/guestbook/ HTTP/1.1" 200 4274
[26/May/2026 21:43:57] "GET /static/admin/css/base.css HTTP/1.1" 304 0
[26/May/2026 21:43:57] "GET /static/admin/css/login.css HTTP/1.1" 304 0
[26/May/2026 21:43:57] "GET /static/admin/css/responsive.css HTTP/1.1" 304 0
[26/May/2026 21:43:57] "GET /static/admin/js/theme.js HTTP/1.1" 304 0
[26/May/2026 21:43:57] "GET /static/admin/css/nav_sidebar.css HTTP/1.1" 304 0
[26/May/2026 21:43:57] "GET /static/admin/css/dark_mode.css HTTP/1.1" 304 0
[26/May/2026 21:43:57] "GET /static/admin/js/nav_sidebar.js HTTP/1.1" 304 0
[26/May/2026 21:44:01] "POST /admin/login/?next=/admin/guestbook/ HTTP/1.1" 200 4274
[26/May/2026 21:44:11] "GET /admin/ HTTP/1.1" 302 0
[26/May/2026 21:44:11] "GET /admin/login/?next=/admin/ HTTP/1.1" 200 4080
[26/May/2026 21:44:16] "POST /admin/login/?next=/admin/ HTTP/1.1" 200 4254
[26/May/2026 21:45:10] "GET /guestbook/ HTTP/1.1" 200 6935
[26/May/2026 21:45:10] "GET /static/rest_framework/css/bootstrap-tweaks.css HTTP/1.1" 200 3426
[26/May/2026 21:45:10] "GET /static/rest_framework/css/default.css HTTP/1.1" 200 1152
[26/May/2026 21:45:10] "GET /static/rest_framework/js/ajax-form.js HTTP/1.1" 200 3796
[26/May/2026 21:45:10] "GET /static/rest_framework/css/prettify.css HTTP/1.1" 200 817
[26/May/2026 21:45:10] "GET /static/rest_framework/js/jquery-3.7.1.min.js HTTP/1.1" 200 87533
[26/May/2026 21:45:10] "GET /static/rest_framework/css/bootstrap.min.css HTTP/1.1" 200 121457
[26/May/2026 21:45:10] "GET /static/rest_framework/js/csrf.js HTTP/1.1" 200 1793
[26/May/2026 21:45:10] "GET /static/rest_framework/js/bootstrap.min.js HTTP/1.1" 200 39680
[26/May/2026 21:45:10] "GET /static/rest_framework/js/prettify-min.js HTTP/1.1" 200 13632
[26/May/2026 21:45:10] "GET /static/rest_framework/js/load-ajax-form.js HTTP/1.1" 200 59
[26/May/2026 21:45:10] "GET /static/rest_framework/js/default.js HTTP/1.1" 200 1268
[26/May/2026 21:45:10] "GET /static/rest_framework/img/grid.png HTTP/1.1" 200 1458
[26/May/2026 21:45:19] "GET /guestbook/ HTTP/1.1" 200 6935
[26/May/2026 21:45:20] "GET /guestbook/ HTTP/1.1" 200 6935
[26/May/2026 21:45:20] "GET /guestbook/ HTTP/1.1" 200 6935
[26/May/2026 21:45:22] "GET /guestbook/?format=json HTTP/1.1" 200 67
[26/May/2026 21:45:34] "OPTIONS /guestbook/ HTTP/1.1" 200 7176
[26/May/2026 21:45:35] "OPTIONS /guestbook/ HTTP/1.1" 200 7176
[26/May/2026 21:45:36] "OPTIONS /guestbook/ HTTP/1.1" 200 7176
[26/May/2026 21:45:39] "OPTIONS /guestbook/ HTTP/1.1" 200 7176
[26/May/2026 21:45:39] "GET /guestbook/ HTTP/1.1" 200 6935
[26/May/2026 21:45:40] "GET /guestbook/ HTTP/1.1" 200 6935
[26/May/2026 21:45:40] "GET /guestbook/ HTTP/1.1" 200 6935
[26/May/2026 21:45:40] "GET /guestbook/ HTTP/1.1" 200 6935
[26/May/2026 21:45:40] "GET /guestbook/ HTTP/1.1" 200 6935
[26/May/2026 21:45:41] "GET /guestbook/ HTTP/1.1" 200 6935
Not Found: /guestbook/10/
[26/May/2026 21:45:47] "GET /guestbook/10/ HTTP/1.1" 404 6480
[26/May/2026 21:47:08] "GET /guestbook/ HTTP/1.1" 200 6935
[26/May/2026 21:47:08] "GET /static/rest_framework/css/bootstrap.min.css HTTP/1.1" 304 0
[26/May/2026 21:47:08] "GET /static/rest_framework/css/bootstrap-tweaks.css HTTP/1.1" 304 0
[26/May/2026 21:47:08] "GET /static/rest_framework/js/jquery-3.7.1.min.js HTTP/1.1" 304 0
[26/May/2026 21:47:08] "GET /static/rest_framework/css/default.css HTTP/1.1" 304 0
[26/May/2026 21:47:08] "GET /static/rest_framework/css/prettify.css HTTP/1.1" 304 0
[26/May/2026 21:47:08] "GET /static/rest_framework/js/ajax-form.js HTTP/1.1" 304 0
[26/May/2026 21:47:09] "GET /static/rest_framework/js/default.js HTTP/1.1" 304 0
[26/May/2026 21:47:09] "GET /static/rest_framework/js/bootstrap.min.js HTTP/1.1" 304 0
[26/May/2026 21:47:09] "GET /static/rest_framework/js/csrf.js HTTP/1.1" 304 0
[26/May/2026 21:47:09] "GET /static/rest_framework/js/prettify-min.js HTTP/1.1" 304 0
[26/May/2026 21:47:09] "GET /static/rest_framework/js/load-ajax-form.js HTTP/1.1" 304 0
[27/May/2026 01:35:39] code 400, message Bad request syntax ('\\x03\\x00\\x00\\x13\\x0e\xe0\\x00\\x00\\x00\\x00\\x00\\x01\\x00\\x08\\x00\\x02\\x00\\x00\\x00')
[27/May/2026 01:35:39] "\x03\x00\x00\x13\x0e\xe0\x00\x00\x00\x00\x00\x01\x00\x08\x00\x02\x00\x00\x00" 400 -
[27/May/2026 02:59:40] code 400, message Bad request version ('\xc0#\xc0\xac\xc0\xae\xc0+\xc0')
[27/May/2026 02:59:40] You're accessing the development server over HTTPS, but it only supports HTTP.
Not Found: /
[27/May/2026 02:59:43] "GET / HTTP/1.1" 404 2312
[27/May/2026 03:12:28] code 400, message Bad request syntax ("\\x16\\x03\\x01\\x00\xea\\x01\\x00\\x00\xe6\\x03\\x03Mrk\xc7C\\x87\\x82\\x08?'\\x06\\x12lV*}x\xa7\\x8f\\x07\xba\\x0f\\x7f\\x82@\xee ")
[27/May/2026 03:12:28] You're accessing the development server over HTTPS, but it only supports HTTP.
Not Found: /.env
[27/May/2026 04:02:00] "GET /.env HTTP/1.1" 404 2342
Not Found: /.env
[27/May/2026 04:47:14] "GET /.env HTTP/1.1" 404 2342
Not Found: /
[27/May/2026 06:20:02] "GET / HTTP/1.1" 404 2312
Not Found: /
[27/May/2026 06:20:24] "GET / HTTP/1.1" 404 2312
Not Found: /favicon.ico
[27/May/2026 06:20:25] "GET /favicon.ico HTTP/1.1" 404 2363
[27/May/2026 06:20:29] "GET /guestbook/ HTTP/1.1" 200 67
Not Found: /
[27/May/2026 06:20:33] "GET / HTTP/1.1" 404 2312
[27/May/2026 06:20:44] "GET /guestbook/ HTTP/1.1" 200 6935
[27/May/2026 06:20:44] "GET /static/rest_framework/css/prettify.css HTTP/1.1" 304 0
[27/May/2026 06:20:44] "GET /static/rest_framework/css/bootstrap.min.css HTTP/1.1" 304 0
[27/May/2026 06:20:44] "GET /static/rest_framework/css/bootstrap-tweaks.css HTTP/1.1" 304 0
[27/May/2026 06:20:44] "GET /static/rest_framework/css/default.css HTTP/1.1" 304 0
[27/May/2026 06:20:44] "GET /static/rest_framework/js/jquery-3.7.1.min.js HTTP/1.1" 304 0
[27/May/2026 06:20:44] "GET /static/rest_framework/js/ajax-form.js HTTP/1.1" 304 0
[27/May/2026 06:20:44] "GET /static/rest_framework/js/bootstrap.min.js HTTP/1.1" 304 0
[27/May/2026 06:20:44] "GET /static/rest_framework/js/prettify-min.js HTTP/1.1" 304 0
[27/May/2026 06:20:44] "GET /static/rest_framework/js/csrf.js HTTP/1.1" 304 0
[27/May/2026 06:20:44] "GET /static/rest_framework/js/default.js HTTP/1.1" 304 0
[27/May/2026 06:20:44] "GET /static/rest_framework/js/load-ajax-form.js HTTP/1.1" 304 0
[27/May/2026 06:20:44] "GET /guestbook/ HTTP/1.1" 200 6935
[27/May/2026 06:20:44] "GET /static/rest_framework/img/grid.png HTTP/1.1" 200 1458
[27/May/2026 06:20:44] "GET /static/rest_framework/css/bootstrap-tweaks.css HTTP/1.1" 200 3426
[27/May/2026 06:20:44] "GET /static/rest_framework/css/prettify.css HTTP/1.1" 200 817
[27/May/2026 06:20:44] "GET /static/rest_framework/css/default.css HTTP/1.1" 200 1152
[27/May/2026 06:20:44] "GET /static/rest_framework/js/ajax-form.js HTTP/1.1" 200 3796
[27/May/2026 06:20:44] "GET /static/rest_framework/js/csrf.js HTTP/1.1" 200 1793
[27/May/2026 06:20:44] "GET /static/rest_framework/css/bootstrap.min.css HTTP/1.1" 200 121457
[27/May/2026 06:20:44] "GET /static/rest_framework/js/jquery-3.7.1.min.js HTTP/1.1" 200 87533
[27/May/2026 06:20:44] "GET /static/rest_framework/js/bootstrap.min.js HTTP/1.1" 200 39680
[27/May/2026 06:20:44] "GET /static/rest_framework/js/prettify-min.js HTTP/1.1" 200 13632
[27/May/2026 06:20:44] "GET /static/rest_framework/js/default.js HTTP/1.1" 200 1268
[27/May/2026 06:20:44] "GET /static/rest_framework/js/load-ajax-form.js HTTP/1.1" 200 59
[27/May/2026 06:20:45] "GET /static/rest_framework/img/grid.png HTTP/1.1" 200 1458
[27/May/2026 06:20:58] "GET /guestbook/ HTTP/1.1" 200 6935
Not Found: /
[27/May/2026 06:32:29] "GET / HTTP/1.1" 404 2312
[27/May/2026 06:37:08] "GET /guestbook/ HTTP/1.1" 200 6935
[27/May/2026 06:50:55] "OPTIONS /api/books HTTP/1.1" 200 0
[27/May/2026 06:51:01] "OPTIONS /api/books HTTP/1.1" 200 0
[27/May/2026 06:51:56] "OPTIONS /api/books HTTP/1.1" 200 0
[27/May/2026 06:52:54] "OPTIONS /api/books HTTP/1.1" 200 0
[27/May/2026 06:55:50] "OPTIONS /api/books HTTP/1.1" 200 0
[27/May/2026 06:56:38] "OPTIONS /api/books HTTP/1.1" 200 0
[27/May/2026 06:59:31] "OPTIONS /guestbook/ HTTP/1.1" 200 0
/home/ubuntu/toyproj/toyproj1/config/settings.py changed, reloading.
Performing system checks...

System check identified no issues (0 silenced).

You have 24 unapplied migration(s). Your project may not work properly until you apply the migrations for app(s): admin, auth, contenttypes, guestbook, sessions.
Run 'python manage.py migrate' to apply them.
May 26, 2026 - 21:41:17
Django version 6.0.5, using settings 'config.settings'
Starting development server at http://0.0.0.0:8000/
Quit the server with CONTROL-C.

WARNING: This is a development server. Do not use it in a production setting. Use a production WSGI or ASGI server instead.
For more information on production servers see: https://docs.djangoproject.com/en/6.0/howto/deployment/
Watching for file changes with StatReloader
[27/May/2026 07:01:55] "OPTIONS /guestbook/ HTTP/1.1" 200 0
Bad Request: /guestbook/
[27/May/2026 07:01:55] "POST /guestbook/ HTTP/1.1" 400 130
Not Found: /
[27/May/2026 07:16:54] "GET / HTTP/1.1" 404 2312
Not Found: /
[27/May/2026 07:18:07] "GET / HTTP/1.1" 404 2312
[27/May/2026 07:19:32] code 400, message Bad HTTP/0.9 request type ('\\x16\\x03\\x01\\x00{\\x01\\x00\\x00w\\x03\\x03\\x88\xdel\xd7\xba\xdc\xcc\\x10\xda\xb8_\xca\xb6y\\x11\xd4<\\x01@\\x98\\x86\xbf\\x06k\\x7f\\x8c\\x93\xfc\xf0C|\\x8a\\x00\\x00\\x1a\xc0/\xc0+\xc0\\x11\xc0\\x07\xc0\\x13\xc0')
[27/May/2026 07:19:32] You're accessing the development server over HTTPS, but it only supports HTTP.
[27/May/2026 07:20:45] code 400, message Bad request version ('\xc0\\x14\xc0')
[27/May/2026 07:20:45] You're accessing the development server over HTTPS, but it only supports HTTP.
Bad Request: /guestbook/
[27/May/2026 07:57:49] "POST /guestbook/ HTTP/1.1" 400 130
[27/May/2026 08:03:20] code 400, message Bad request version ('\xc0\\x14\xc0')
[27/May/2026 08:03:20] You're accessing the development server over HTTPS, but it only supports HTTP.
[27/May/2026 08:03:20] code 400, message Bad request syntax ('MGLNDD_3.37.138.89_8000')
[27/May/2026 08:03:20] "MGLNDD_3.37.138.89_8000" 400 -
Not Found: /v1/models
[27/May/2026 09:09:16] "GET /v1/models HTTP/1.1" 404 2357
Not Found: /robots.txt
[27/May/2026 10:57:41] "GET /robots.txt HTTP/1.1" 404 2360
Not Found: /
[27/May/2026 10:57:45] "GET / HTTP/1.1" 404 2312
Not Found: /
[27/May/2026 10:58:15] "GET / HTTP/1.1" 404 2312
Not Found: /
[27/May/2026 12:44:29] "GET / HTTP/1.1" 404 2312
[27/May/2026 12:44:29] code 400, message Bad request syntax ('MGLNDD_3.37.138.89_8000')
[27/May/2026 12:44:29] "MGLNDD_3.37.138.89_8000" 400 -
Not Found: /
[27/May/2026 14:47:17] "GET / HTTP/1.1" 404 2312
Not Found: /
[27/May/2026 15:30:36] "GET / HTTP/1.0" 404 2307
[27/May/2026 20:36:21] code 400, message Bad request version ('\xc0\\x13\xc0')
[27/May/2026 20:36:21] You're accessing the development server over HTTPS, but it only supports HTTP.
Not Found: /
[27/May/2026 20:36:22] "GET / HTTP/1.1" 404 2312
[27/May/2026 21:57:24] code 400, message Bad request version ('\xc0\\x13\xc0')
[27/May/2026 21:57:24] You're accessing the development server over HTTPS, but it only supports HTTP.
Not Found: /
[27/May/2026 21:57:26] "GET / HTTP/1.1" 404 2312
[28/May/2026 00:42:37] code 400, message Bad request version ('\xc0\\x13\xc0')
[28/May/2026 00:42:37] You're accessing the development server over HTTPS, but it only supports HTTP.
Not Found: /.git/config
[28/May/2026 00:42:38] "GET /.git/config HTTP/1.1" 404 2363
Not Found: /
[28/May/2026 01:31:55] "GET / HTTP/1.1" 404 2307
Not Found: /favicon.ico
[28/May/2026 01:31:56] "GET /favicon.ico HTTP/1.1" 404 2358
[28/May/2026 05:10:19] code 400, message Bad request version ('\xc0\\x13\xc0')
[28/May/2026 05:10:19] You're accessing the development server over HTTPS, but it only supports HTTP.
[28/May/2026 05:10:19] code 400, message Bad request version ('\xc0\\x13\xc0')
[28/May/2026 05:10:19] You're accessing the development server over HTTPS, but it only supports HTTP.
[28/May/2026 05:10:19] code 400, message Bad request version ('\xc0\\x13\xc0')
[28/May/2026 05:10:19] You're accessing the development server over HTTPS, but it only supports HTTP.
[28/May/2026 05:10:19] code 400, message Bad request version ('\xc0\\x13\xc0')
[28/May/2026 05:10:19] You're accessing the development server over HTTPS, but it only supports HTTP.
[28/May/2026 05:10:19] code 400, message Bad request version ('\xc0\\x13\xc0')
[28/May/2026 05:10:19] You're accessing the development server over HTTPS, but it only supports HTTP.
Not Found: /wp-json/gravitysmtp/v1/tests/mock-data
[28/May/2026 05:10:22] "GET /wp-json/gravitysmtp/v1/tests/mock-data?page=gravitysmtp-settings HTTP/1.1" 404 2470
Not Found: /wp-json/gravitysmtp/v1/settings
[28/May/2026 05:10:22] "GET /wp-json/gravitysmtp/v1/settings HTTP/1.1" 404 2423
Not Found: /wp-json/gravitysmtp/v1/config
[28/May/2026 05:10:22] "GET /wp-json/gravitysmtp/v1/config HTTP/1.1" 404 2417
Not Found: /wp-json/gravitysmtp/v1/tests/mock-data
[28/May/2026 05:10:22] "GET /wp-json/gravitysmtp/v1/tests/mock-data HTTP/1.1" 404 2444
Not Found: /wp-json/wp/v2/settings
[28/May/2026 05:10:22] "GET /wp-json/wp/v2/settings HTTP/1.1" 404 2396
Not Found: /
[28/May/2026 08:33:05] "GET / HTTP/1.1" 404 2312
Not Found: /
[28/May/2026 08:34:01] "GET / HTTP/1.1" 404 2312
[28/May/2026 08:35:29] code 400, message Bad request version ('\xc0\\x14\xc0')
[28/May/2026 08:35:29] You're accessing the development server over HTTPS, but it only supports HTTP.
[28/May/2026 08:36:54] code 400, message Bad HTTP/0.9 request type ('\\x16\\x03\\x01\\x00{\\x01\\x00\\x00w\\x03\\x03\\x91l2Ce\xf3!J\xac\xbeA\xdd<!\xfd\\x12;\\x82\xa1\\x83\xa7F\xa8+\xf3\\x8d\\x07\\x8f,\xde\xa7\xa7\\x00\\x00\\x1a\xc0/\xc0+\xc0\\x11\xc0\\x07\xc0\\x13\xc0')
[28/May/2026 08:36:54] You're accessing the development server over HTTPS, but it only supports HTTP.
[28/May/2026 09:01:32] code 400, message Bad HTTP/0.9 request type ('\\x16\\x03\\x01\\x00\xee\\x01\\x00\\x00\xea\\x03\\x03\xbe\\x029;\\x06\xde\xbd')
[28/May/2026 09:01:32] You're accessing the development server over HTTPS, but it only supports HTTP.
[28/May/2026 10:16:12] code 400, message Bad HTTP/0.9 request type ('\\x00\\x00\\x00')
[28/May/2026 10:16:12] "\x00\x00\x00 c\x00\x00\x00\x00\x00\x00\x00\x00\x00\x00\x00\x00\x00\x00\x00\x00\x00\x00\x00\x00\x00\x00\x00\x00\x00\x00\x00" 400 -
Not Found: /
[28/May/2026 10:20:08] "GET / HTTP/1.1" 404 2307
[28/May/2026 10:20:08,531] - Broken pipe from ('45.194.70.253', 34714)
[28/May/2026 10:20:08] code 400, message Bad request version ('\xc0\\x13\xc0')
[28/May/2026 10:20:08] You're accessing the development server over HTTPS, but it only supports HTTP.
[28/May/2026 10:20:08] code 400, message Bad HTTP/0.9 request type ('t3')
[28/May/2026 10:20:08] "t3 12.1.2" 400 -
Not Found: /
[28/May/2026 10:20:32] "GET / HTTP/1.1" 404 2312
Not Found: /favicon.ico
[28/May/2026 10:20:33] "GET /favicon.ico HTTP/1.1" 404 2363
Not Found: /sitemap.xml
[28/May/2026 10:20:33] "GET /sitemap.xml HTTP/1.1" 404 2363
Not Found: /robots.txt
[28/May/2026 10:20:33] "GET /robots.txt HTTP/1.1" 404 2360
[28/May/2026 11:35:16] code 400, message Bad HTTP/0.9 request type ('\\x00\\x00\\x00')
[28/May/2026 11:35:16] "\x00\x00\x00 c\x00\x00\x00\x00\x00\x00\x00\x00\x00\x00\x00\x00\x00\x00\x00\x00\x00\x00\x00\x00\x00\x00\x00\x00\x00\x00\x00" 400 -
[28/May/2026 11:59:57] code 400, message Bad request version ('\xc0\\x13\xc0')
[28/May/2026 11:59:57] You're accessing the development server over HTTPS, but it only supports HTTP.
[28/May/2026 11:59:58] code 400, message Bad request version ('\xc0\\x13\xc0')
[28/May/2026 11:59:58] You're accessing the development server over HTTPS, but it only supports HTTP.
Not Found: /
[28/May/2026 11:59:59] "GET / HTTP/1.1" 404 2312
Not Found: /.env.development
[28/May/2026 12:01:23] "GET /.env.development HTTP/1.1" 404 2378
Not Found: /v2/.env
[28/May/2026 12:01:23] "GET /v2/.env HTTP/1.1" 404 2351
Not Found: /v3/.env
[28/May/2026 12:01:23] "GET /v3/.env HTTP/1.1" 404 2351
Not Found: /.env.testing
Not Found: /.env.example
Not Found: /.env.copy
Not Found: /.env.staging
[28/May/2026 12:01:23] "GET /.env.testing HTTP/1.1" 404 2366
Not Found: /temp/.env
[28/May/2026 12:01:23] "GET /.env.copy HTTP/1.1" 404 2357
Not Found: /.env.dev
[28/May/2026 12:01:23] "GET /.env.example HTTP/1.1" 404 2366
Not Found: /.env.save
[28/May/2026 12:01:23] "GET /.env.staging HTTP/1.1" 404 2366
Not Found: /.env.test
[28/May/2026 12:01:23] "GET /temp/.env HTTP/1.1" 404 2357
Not Found: /api/v3/.env
[28/May/2026 12:01:23] "GET /.env.dev HTTP/1.1" 404 2354
[28/May/2026 12:01:23] "GET /.env.save HTTP/1.1" 404 2357
[28/May/2026 12:01:23] "GET /api/v3/.env HTTP/1.1" 404 2363
[28/May/2026 12:01:23] "GET /.env.test HTTP/1.1" 404 2357
Not Found: /portal/.env
Not Found: /backend/.env.local
[28/May/2026 12:01:23] "GET /portal/.env HTTP/1.1" 404 2363
[28/May/2026 12:01:23] "GET /backend/.env.local HTTP/1.1" 404 2384
Not Found: /laravel/.env.production
[28/May/2026 12:01:23] "GET /laravel/.env.production HTTP/1.1" 404 2399
Not Found: /laravel/.env
[28/May/2026 12:01:23] "GET /laravel/.env HTTP/1.1" 404 2366
Not Found: /api/.env.old
[28/May/2026 12:01:23] "GET /api/.env.old HTTP/1.1" 404 2366
Not Found: /app/.env.backup
[28/May/2026 12:01:23] "GET /app/.env.backup HTTP/1.1" 404 2375
Not Found: /var/.env
[28/May/2026 12:01:23] "GET /var/.env HTTP/1.1" 404 2354
Not Found: /backend/.env
Not Found: /nextjs/.env
Not Found: /app/.env
Not Found: /bundle.js.map
[28/May/2026 12:01:23] "GET /nextjs/.env HTTP/1.1" 404 2363
Not Found: /rails/.env
[28/May/2026 12:01:23] "GET /app/.env HTTP/1.1" 404 2354
Not Found: /app.js.map
[28/May/2026 12:01:23] "GET /static/js/main.js.map HTTP/1.1" 404 1858
Not Found: /main.js.map
[28/May/2026 12:01:23] "GET /backend/.env HTTP/1.1" 404 2366
Not Found: /app/.env.local
[28/May/2026 12:01:23] "GET /bundle.js.map HTTP/1.1" 404 2369
[28/May/2026 12:01:23] "GET /app.js.map HTTP/1.1" 404 2360
Not Found: /cms/.env
[28/May/2026 12:01:23] "GET /rails/.env HTTP/1.1" 404 2360
[28/May/2026 12:01:23] "GET /main.js.map HTTP/1.1" 404 2363
Not Found: /apps/backend/.env
[28/May/2026 12:01:23] "GET /app/.env.local HTTP/1.1" 404 2372
[28/May/2026 12:01:23] "GET /cms/.env HTTP/1.1" 404 2354
Not Found: /apps/frontend/.env
[28/May/2026 12:01:23] "GET /apps/backend/.env HTTP/1.1" 404 2381
Not Found: /dist/app.js.map
[28/May/2026 12:01:23] "GET /apps/frontend/.env HTTP/1.1" 404 2384
[28/May/2026 12:01:23] "GET /dist/app.js.map HTTP/1.1" 404 2375
Not Found: /app/api/.env
Not Found: /vendor.js.map
[28/May/2026 12:01:23] "GET /app/api/.env HTTP/1.1" 404 2366
Not Found: /app/.env.production
Not Found: /services/api/.env
[28/May/2026 12:01:23] "GET /vendor.js.map HTTP/1.1" 404 2369
Not Found: /services/auth/.env
Not Found: /dashboard/.env
[28/May/2026 12:01:23] "GET /app/.env.production HTTP/1.1" 404 2387
Not Found: /build/static/js/main.js.map
[28/May/2026 12:01:23] "GET /services/api/.env HTTP/1.1" 404 2381
Not Found: /apps/api/.env
[28/May/2026 12:01:23] "GET /services/auth/.env HTTP/1.1" 404 2384
[28/May/2026 12:01:23] "GET /apps/api/.env HTTP/1.1" 404 2369
[28/May/2026 12:01:23] "GET /build/static/js/main.js.map HTTP/1.1" 404 2411
Not Found: /app/.env.old
[28/May/2026 12:01:23] "GET /dashboard/.env HTTP/1.1" 404 2372
Not Found: /django/.env
[28/May/2026 12:01:23] "GET /app/.env.old HTTP/1.1" 404 2366
Not Found: /app/backend/.env
Not Found: /packages/api/.env
[28/May/2026 12:01:23] "GET /django/.env HTTP/1.1" 404 2363
Not Found: /symfony/.env
[28/May/2026 12:01:23] "GET /app/backend/.env HTTP/1.1" 404 2378
Not Found: /services/backend/.env
[28/May/2026 12:01:23] "GET /symfony/.env HTTP/1.1" 404 2366
Not Found: /api/backend/.env
[28/May/2026 12:01:23] "GET /services/backend/.env HTTP/1.1" 404 2393
Not Found: /v1/.env
[28/May/2026 12:01:23] "GET /packages/api/.env HTTP/1.1" 404 2381
[28/May/2026 12:01:23] "GET /api/backend/.env HTTP/1.1" 404 2378
Not Found: /tmp/.env
[28/May/2026 12:01:23] "GET /v1/.env HTTP/1.1" 404 2351
[28/May/2026 12:01:23] "GET /tmp/.env HTTP/1.1" 404 2354
Not Found: /nuxt/.env
Not Found: /symfony/.env.local
[28/May/2026 12:01:24] "GET /nuxt/.env HTTP/1.1" 404 2357
Not Found: /express/.env
[28/May/2026 12:01:24] "GET /symfony/.env.local HTTP/1.1" 404 2384
Not Found: /flask/.env
[28/May/2026 12:01:24] "GET /express/.env HTTP/1.1" 404 2366
[28/May/2026 12:01:24] "GET /flask/.env HTTP/1.1" 404 2360
Not Found: /env
[28/May/2026 12:01:24] "GET /env HTTP/1.1" 404 2339
Not Found: /.env.dist
[28/May/2026 12:01:24] "GET /.env.dist HTTP/1.1" 404 2357
Not Found: /api/.env.local
Not Found: /env.txt
[28/May/2026 12:01:24] "GET /env.txt HTTP/1.1" 404 2351
[28/May/2026 12:01:24] "GET /api/.env.local HTTP/1.1" 404 2372
Not Found: /internal/.env
[28/May/2026 12:01:24] "GET /internal/.env HTTP/1.1" 404 2369
Not Found: /backend/api/.env
[28/May/2026 12:01:24] "GET /backend/api/.env HTTP/1.1" 404 2378
Not Found: /api/v2/.env
[28/May/2026 12:01:24] "GET /api/v2/.env HTTP/1.1" 404 2363
Not Found: /app/.env.bak
[28/May/2026 12:01:24] "GET /app/.env.bak HTTP/1.1" 404 2366
Not Found: /storage/.env
[28/May/2026 12:01:24] "GET /storage/.env HTTP/1.1" 404 2366
Not Found: /src/.env.local
[28/May/2026 12:01:24] "GET /src/.env.local HTTP/1.1" 404 2372
Not Found: /src/api/.env
[28/May/2026 12:01:24] "GET /src/api/.env HTTP/1.1" 404 2366
Not Found: /data/.env
[28/May/2026 12:01:24] "GET /data/.env HTTP/1.1" 404 2357
Not Found: /server/.env.backup
Not Found: /internal/.env.production
[28/May/2026 12:01:24] "GET /server/.env.backup HTTP/1.1" 404 2384
Not Found: /public/.env
[28/May/2026 12:01:24] "GET /internal/.env.production HTTP/1.1" 404 2402
[28/May/2026 12:01:24] "GET /public/.env HTTP/1.1" 404 2363
Not Found: /private/.env
[28/May/2026 12:01:25] "GET /private/.env HTTP/1.1" 404 2366
Not Found: /backend/.env.backup
[28/May/2026 12:01:25] "GET /backend/.env.backup HTTP/1.1" 404 2387
Not Found: /.env.bak
Not Found: /.env.local
Not Found: /.env.prod
[28/May/2026 12:01:25] "GET /.env.local HTTP/1.1" 404 2360
[28/May/2026 12:01:25] "GET /.env.bak HTTP/1.1" 404 2354
Not Found: /.env.backup
[28/May/2026 12:01:25] "GET /.env.prod HTTP/1.1" 404 2357
[28/May/2026 12:01:25] "GET /.env.backup HTTP/1.1" 404 2363
Not Found: /.env
Not Found: /
[28/May/2026 12:01:25] "GET /.env HTTP/1.1" 404 2342
Not Found: /.env.production
[28/May/2026 12:01:25] "GET / HTTP/1.1" 404 2312
Not Found: /.env.old
[28/May/2026 12:01:25] "GET /.env.old HTTP/1.1" 404 2354
[28/May/2026 12:01:25] "GET /.env.production HTTP/1.1" 404 2375
Not Found: /release/.env
[28/May/2026 12:01:25] "GET /release/.env HTTP/1.1" 404 2366
Not Found: /frontend/.env.backup
Not Found: /src/.env.backup
Not Found: /conf/.env
[28/May/2026 12:01:25] "GET /frontend/.env.backup HTTP/1.1" 404 2390
[28/May/2026 12:01:25] "GET /src/.env.backup HTTP/1.1" 404 2375
Not Found: /backend/.env.production
Not Found: /server/.env.production
[28/May/2026 12:01:25] "GET /conf/.env HTTP/1.1" 404 2357
[28/May/2026 12:01:25] "GET /backend/.env.production HTTP/1.1" 404 2399
[28/May/2026 12:01:25] "GET /server/.env.production HTTP/1.1" 404 2396
[28/May/2026 12:01:25] "GET /admin/.env.local HTTP/1.1" 302 0
Not Found: /frontend/.env
Not Found: /config/.env
[28/May/2026 12:01:25] "GET /frontend/.env HTTP/1.1" 404 2369
[28/May/2026 12:01:25] "GET /config/.env HTTP/1.1" 404 2363
Not Found: /config/.env.local
Not Found: /backend/.env.old
[28/May/2026 12:01:25] "GET /config/.env.local HTTP/1.1" 404 2381
[28/May/2026 12:01:25] "GET /backend/.env.old HTTP/1.1" 404 2378
Not Found: /deploy/.env
[28/May/2026 12:01:25] "GET /deploy/.env HTTP/1.1" 404 2363
Not Found: /build/.env
Not Found: /htdocs/.env
[28/May/2026 12:01:25] "GET /htdocs/.env HTTP/1.1" 404 2363
Not Found: /dist/.env
[28/May/2026 12:01:25] "GET /build/.env HTTP/1.1" 404 2360
Not Found: /src/.env
Not Found: /html/.env
[28/May/2026 12:01:25] "GET /src/.env HTTP/1.1" 404 2354
[28/May/2026 12:01:25] "GET /html/.env HTTP/1.1" 404 2357
[28/May/2026 12:01:25] "GET /dist/.env HTTP/1.1" 404 2357
Not Found: /src/.env.production
[28/May/2026 12:01:25] "GET /src/.env.production HTTP/1.1" 404 2387
[28/May/2026 12:01:25] "GET /admin/.env.backup HTTP/1.1" 302 0
Not Found: /server/.env
[28/May/2026 12:01:25] "GET /server/.env HTTP/1.1" 404 2363
Not Found: /backend/.env.bak
Not Found: /services/.env
[28/May/2026 12:01:25] "GET /backend/.env.bak HTTP/1.1" 404 2378
[28/May/2026 12:01:25] "GET /services/.env HTTP/1.1" 404 2369
Not Found: /uploads/.env
Not Found: /private/.env.production
Not Found: /server/.env.local
[28/May/2026 12:01:25] "GET /private/.env.production HTTP/1.1" 404 2399
[28/May/2026 12:01:25] "GET /uploads/.env HTTP/1.1" 404 2366
[28/May/2026 12:01:25] "GET /server/.env.local HTTP/1.1" 404 2381
Not Found: /frontend/.env.production
Not Found: /services/.env.production
[28/May/2026 12:01:25] "GET /frontend/.env.production HTTP/1.1" 404 2402
Not Found: /www/.env
[28/May/2026 12:01:25] "GET /www/.env HTTP/1.1" 404 2354
[28/May/2026 12:01:25] "GET /services/.env.production HTTP/1.1" 404 2402
Not Found: /web/.env
Not Found: /frontend/.env.local
[28/May/2026 12:01:25] "GET /web/.env HTTP/1.1" 404 2354
[28/May/2026 12:01:25] "GET /frontend/.env.local HTTP/1.1" 404 2387
[28/May/2026 12:01:25] "GET /admin/.env.production HTTP/1.1" 302 0
Not Found: /services/.env.local
Not Found: /config/.env.production
[28/May/2026 12:01:25] "GET /services/.env.local HTTP/1.1" 404 2387
[28/May/2026 12:01:25] "GET /admin/.env HTTP/1.1" 302 0
[28/May/2026 12:01:25] "GET /config/.env.production HTTP/1.1" 404 2396
[28/May/2026 12:01:25,788] - Broken pipe from ('34.140.78.226', 59862)
[28/May/2026 12:01:25,789] - Broken pipe from ('34.140.78.226', 59874)
Not Found: /v3/.env
Not Found: /nuxt/.env
Not Found: /v2/.env
Not Found: /app/.env
[28/May/2026 12:01:26] "GET /v3/.env HTTP/1.1" 404 2351
Not Found: /app/.env.local
[28/May/2026 12:01:26] "GET /v2/.env HTTP/1.1" 404 2351
Not Found: /backend/.env.local
[28/May/2026 12:01:26] "GET /app/.env.local HTTP/1.1" 404 2372
[28/May/2026 12:01:26] "GET /nuxt/.env HTTP/1.1" 404 2357
[28/May/2026 12:01:26] "GET /app/.env HTTP/1.1" 404 2354
[28/May/2026 12:01:26] "GET /backend/.env.local HTTP/1.1" 404 2384
Not Found: /api/.env.bak
Not Found: /api/v3/.env
[28/May/2026 12:01:26] "GET /api/v3/.env HTTP/1.1" 404 2363
[28/May/2026 12:01:26] "GET /api/.env.bak HTTP/1.1" 404 2366
Not Found: /api/.env.production
[28/May/2026 12:01:26] "GET /api/.env.production HTTP/1.1" 404 2387
Not Found: /api/.env
[28/May/2026 12:01:26] "GET /api/.env HTTP/1.1" 404 2354
Not Found: /flask/.env
Not Found: /rails/.env
Not Found: /symfony/.env.local
[28/May/2026 12:01:26] "GET /rails/.env HTTP/1.1" 404 2360
[28/May/2026 12:01:26] "GET /flask/.env HTTP/1.1" 404 2360
[28/May/2026 12:01:26] "GET /symfony/.env.local HTTP/1.1" 404 2384
Not Found: /portal/.env
Not Found: /apps/backend/.env
Not Found: /express/.env
[28/May/2026 12:01:26] "GET /apps/backend/.env HTTP/1.1" 404 2381
Not Found: /main.js.map
[28/May/2026 12:01:26] "GET /express/.env HTTP/1.1" 404 2366
Not Found: /bundle.js.map
[28/May/2026 12:01:26] "GET /portal/.env HTTP/1.1" 404 2363
[28/May/2026 12:01:26] "GET /main.js.map HTTP/1.1" 404 2363
[28/May/2026 12:01:26] "GET /bundle.js.map HTTP/1.1" 404 2369
Not Found: /dist/app.js.map
[28/May/2026 12:01:26] "GET /dist/app.js.map HTTP/1.1" 404 2375
Not Found: /apps/frontend/.env
[28/May/2026 12:01:26] "GET /apps/frontend/.env HTTP/1.1" 404 2384
[28/May/2026 12:01:26] "GET /admin/.env HTTP/1.1" 302 0
Not Found: /web/.env
Not Found: /config/.env.production
[28/May/2026 12:01:26] "GET /web/.env HTTP/1.1" 404 2354
[28/May/2026 12:01:26] "GET /admin/.env.production HTTP/1.1" 302 0
[28/May/2026 12:01:26] "GET /config/.env.production HTTP/1.1" 404 2396
Not Found: /www/.env
Not Found: /services/.env.local
[28/May/2026 12:01:26] "GET /www/.env HTTP/1.1" 404 2354
[28/May/2026 12:01:26] "GET /services/.env.local HTTP/1.1" 404 2387
Not Found: /.env.default
Not Found: /.env.save
[28/May/2026 12:01:27] "GET /.env.default HTTP/1.1" 404 2366
Not Found: /.env.template
[28/May/2026 12:01:27] "GET /.env.save HTTP/1.1" 404 2357
[28/May/2026 12:01:27] "GET /.env.template HTTP/1.1" 404 2369
Not Found: /.env.test
Not Found: /.env.example
Not Found: /.env.copy
[28/May/2026 12:01:27] "GET /.env.test HTTP/1.1" 404 2357
Not Found: /.env~
[28/May/2026 12:01:27] "GET /.env.example HTTP/1.1" 404 2366
Not Found: /.env.txt
[28/May/2026 12:01:27] "GET /.env~ HTTP/1.1" 404 2345
[28/May/2026 12:01:27] "GET /.env.copy HTTP/1.1" 404 2357
Not Found: /api/.env.backup
[28/May/2026 12:01:27] "GET /.env.txt HTTP/1.1" 404 2354
Not Found: /.env.dev
[28/May/2026 12:01:27] "GET /api/.env.backup HTTP/1.1" 404 2375
Not Found: /.env.sample
[28/May/2026 12:01:27] "GET /.env.dev HTTP/1.1" 404 2354
Not Found: /.env.staging
[28/May/2026 12:01:27] "GET /.env.sample HTTP/1.1" 404 2363
[28/May/2026 12:01:27] "GET /.env.staging HTTP/1.1" 404 2366
Not Found: /api/v1/.env
Not Found: /laravel/.env.production
[28/May/2026 12:01:27] "GET /api/v1/.env HTTP/1.1" 404 2363
[28/May/2026 12:01:27] "GET /laravel/.env.production HTTP/1.1" 404 2399
Not Found: /.env.testing
[28/May/2026 12:01:27] "GET /admin/.env.local HTTP/1.1" 302 0
Not Found: /.env.swp
[28/May/2026 12:01:27] "GET /.env.testing HTTP/1.1" 404 2366
[28/May/2026 12:01:27] "GET /.env.swp HTTP/1.1" 404 2354
Not Found: /frontend/.env.local
[28/May/2026 12:01:27] "GET /frontend/.env.local HTTP/1.1" 404 2387
Not Found: /html/.env
[28/May/2026 12:01:27] "GET /html/.env HTTP/1.1" 404 2357
Not Found: /services/.env.production
Not Found: /uploads/.env
[28/May/2026 12:01:27] "GET /uploads/.env HTTP/1.1" 404 2366
Not Found: /private/.env.production
[28/May/2026 12:01:27] "GET /services/.env.production HTTP/1.1" 404 2402
[28/May/2026 12:01:27] "GET /private/.env.production HTTP/1.1" 404 2399
[28/May/2026 12:01:27] "GET /admin/.env.backup HTTP/1.1" 302 0
Not Found: /server/.env
[28/May/2026 12:01:27] "GET /server/.env HTTP/1.1" 404 2363
Not Found: /src/.env.production
[28/May/2026 12:01:28] "GET /src/.env.production HTTP/1.1" 404 2387
[28/May/2026 12:01:28] "GET /admin/login/?next=/admin/.env HTTP/1.1" 200 4088
[28/May/2026 12:01:28] "GET /admin/login/?next=/admin/.env.production HTTP/1.1" 200 4110
[28/May/2026 12:01:28] "GET /admin/login/?next=/admin/.env.local HTTP/1.1" 200 4100
[28/May/2026 12:01:28] "GET /admin/login/?next=/admin/.env.backup HTTP/1.1" 200 4102
Not Found: /
[28/May/2026 12:31:23] "GET / HTTP/1.1" 404 2312
Not Found: /
[28/May/2026 13:25:51] "GET / HTTP/1.1" 404 2312
Not Found: /favicon.ico
[28/May/2026 13:25:51] "GET /favicon.ico HTTP/1.1" 404 2363
[28/May/2026 14:38:22] code 400, message Bad request version ('\xc0\\x14\xc0')
[28/May/2026 14:38:22] You're accessing the development server over HTTPS, but it only supports HTTP.
[28/May/2026 14:38:23] code 400, message Bad request syntax ('MGLNDD_3.37.138.89_8000')
[28/May/2026 14:38:23] "MGLNDD_3.37.138.89_8000" 400 -
Not Found: /
[28/May/2026 14:44:32] "GET / HTTP/1.1" 404 2307
Not Found: /favicon.ico
[28/May/2026 14:44:34] "GET /favicon.ico HTTP/1.1" 404 2358
[28/May/2026 14:52:35] code 400, message Bad request version ('\xc0\\x13\xc0')
[28/May/2026 14:52:35] You're accessing the development server over HTTPS, but it only supports HTTP.
[28/May/2026 14:52:35] code 400, message Bad HTTP/0.9 request type ('\\x16\\x03\\x01\\x00\xca\\x01\\x00\\x00\xc6\\x03\\x03\\x97\xe1\xe4\xfb')
[28/May/2026 14:52:35] You're accessing the development server over HTTPS, but it only supports HTTP.
Not Found: /
[28/May/2026 16:56:37] "GET / HTTP/1.0" 404 2348
[28/May/2026 16:56:43] code 400, message Bad HTTP/0.9 request type ('l\\x00')
[28/May/2026 16:56:43] "l\x00\x0b\x00\x00\x00\x00\x00\x00\x00\x00\x00" 400 -
Not Found: /nice ports,/Trinity.txt.bak
[28/May/2026 16:56:43] "GET /nice%20ports%2C/Tri%6Eity.txt%2ebak HTTP/1.0" 404 2449
[28/May/2026 16:56:43] code 400, message Bad request syntax ('\\x05\\x04\\x00\\x01\\x02\\x80\\x05\\x01\\x00\\x03')
[28/May/2026 16:56:43] "\x05\x04\x00\x01\x02\x80\x05\x01\x00\x03" 400 -
[28/May/2026 16:56:48] code 400, message Bad request syntax ('\\x04\\x01\\x00\\x16\\x7f\\x00\\x00\\x01root\\x00')
[28/May/2026 16:56:48] "\x04\x01\x00\x16\x7f\x00\x00\x01root\x00" 400 -
Not Found: /
[28/May/2026 16:56:48] "OPTIONS / HTTP/1.0" 404 2352
[28/May/2026 16:56:48] code 400, message Bad request version ('RTSP/1.0')
[28/May/2026 16:56:48] "OPTIONS / RTSP/1.0" 400 -
[28/May/2026 16:56:54] code 400, message Bad request version ('\\x00\\x01\\x97|\\x00\\x00\\x00\\x00\\x00\\x00\\x00\\x00\\x00\\x00\\x00\\x00\\x00\\x00\\x00\\x00\\x00\\x00\\x00\\x00')
[28/May/2026 16:56:54] "\x80\x00\x00(r\xfe\x1d\x13\x00\x00\x00\x00\x00\x00\x00\x02\x00\x01\x86\xa0\x00\x01\x97|\x00\x00\x00\x00\x00\x00\x00\x00\x00\x00\x00\x00\x00\x00\x00\x00\x00\x00\x00\x00" 400 -
[28/May/2026 16:56:59] code 400, message Bad HTTP/0.9 request type ('\\x00')
[28/May/2026 16:56:59] "\x00\x1e\x00\x06\x01\x00\x00\x01\x00\x00\x00\x00\x00\x00\x07version\x04bind\x00\x00\x10\x00\x03" 400 -
[28/May/2026 16:57:04] code 400, message Bad HTTP/0.9 request type ('\\x00')
[28/May/2026 16:57:04] "\x00\x0c\x00\x00\x10\x00\x00\x00\x00\x00\x00\x00\x00\x00" 400 -
[28/May/2026 16:57:04] code 400, message Bad request syntax ('HELP')
[28/May/2026 16:57:04] "HELP" 400 -
[28/May/2026 16:57:04] code 400, message Bad request syntax ('\\x16\\x03\\x00\\x00S\\x01\\x00\\x00O\\x03\\x00?G\xd7\xf7\xba,\xee\xea\xb2`~\xf3\\x00\xfd\\x82{\xb9\xd5\\x96\xc8w\\x9b\xe6\xc4\xdb<=\xdbo\xef\\x10n\\x00\\x00(\\x00\\x16\\x00\\x13\\x00')
[28/May/2026 16:57:04] You're accessing the development server over HTTPS, but it only supports HTTP.
[28/May/2026 16:57:04] code 400, message Bad HTTP/0.9 request type ('\\x03\\x00\\x00*%\xe0\\x00\\x00\\x00\\x00\\x00Cookie:')
[28/May/2026 16:57:04] "\x03\x00\x00*%\xe0\x00\x00\x00\x00\x00Cookie: mstshash=nmap" 400 -
[28/May/2026 16:57:04] code 400, message Bad request version ('\\x00/\\x00')
[28/May/2026 16:57:04] You're accessing the development server over HTTPS, but it only supports HTTP.
[28/May/2026 16:57:05] code 400, message Bad request syntax ('\\x00\\x00\\x00qj\\x81n0\\x81k\xa1\\x03\\x02\\x01\\x05\xa2\\x03\\x02\\x01')
[28/May/2026 16:57:05] "\x00\x00\x00qj\x81n0\x81k\xa1\x03\x02\x01\x05\xa2\x03\x02\x01" 400 -
[28/May/2026 16:57:10] code 400, message Bad request version ('0.12\\x00')
[28/May/2026 16:57:10] "\x00\x00\x00\xa4\xffSMBr\x00\x00\x00\x00\x08\x01@\x00\x00\x00\x00\x00\x00\x00\x00\x00\x00\x00\x00\x00\x00@\x06\x00\x00\x01\x00\x00\x81\x00\x02PC NETWORK PROGRAM 1.0\x00\x02MICROSOFT NETWORKS 1.03\x00\x02MICROSOFT NETWORKS 3.0\x00\x02LANMAN1.0\x00\x02LM1.2X002\x00\x02Samba\x00\x02NT LANMAN 1.0\x00\x02NT LM 0.12\x00" 400 -
[28/May/2026 16:57:10] code 400, message Bad request syntax ('\\x01default')
[28/May/2026 16:57:10] "\x01default" 400 -
[28/May/2026 16:57:10] code 400, message Bad request syntax ('0\\x84\\x00\\x00\\x00-\\x02\\x01\\x07c\\x84\\x00\\x00\\x00$\\x04\\x00')
[28/May/2026 16:57:10] "0\x84\x00\x00\x00-\x02\x01\x07c\x84\x00\x00\x00$\x04\x00" 400 -
[28/May/2026 16:57:15] code 400, message Bad HTTP/0.9 request type ('0')
[28/May/2026 16:57:15] "0\x0c\x02\x01\x01`\x07\x02\x01\x02\x04\x00\x80\x00" 400 -
[28/May/2026 16:57:15] code 400, message Bad request version ('SIP/2.0')
[28/May/2026 16:57:15] "OPTIONS sip:nm SIP/2.0" 400 -
[28/May/2026 16:57:21] code 400, message Bad request syntax ('TNMP\\x04\\x00\\x00\\x00TNME\\x00\\x00\\x04\\x00')
[28/May/2026 16:57:21] "TNMP\x04\x00\x00\x00TNME\x00\x00\x04\x00" 400 -
[28/May/2026 16:57:26] code 400, message Bad HTTP/0.9 request type ('\\x03\\x00\\x00')
[28/May/2026 16:57:26] "\x03\x00\x00\x0b\x06\xe0\x00\x00\x00\x00\x00" 400 -
[28/May/2026 16:57:31] code 400, message Bad request syntax ('DmdT\\x00\\x00\\x00\\x17\\x00\\x00\\x00\\x01\\x00\\x00\\x00\\x00\\x11\\x11\\x00\xff\\x01\xff\\x13')
[28/May/2026 16:57:31] "DmdT\x00\x00\x00\x17\x00\x00\x00\x01\x00\x00\x00\x00\x11\x11\x00\xff\x01\xff\x13" 400 -
[28/May/2026 16:57:36] code 400, message Bad HTTP/0.9 request type (':\\x00\\x00\\x00/\\x00\\x00\\x00\\x02\\x00\\x00@\\x02\\x0f\\x00\\x01\\x00=\\x05\\x00\\x00\\x00\\x00\\x00\\x00\\x00\\x00\\x00\\x00\\x00\\x00/\\x00\\x00\\x00\\x00\\x00\\x00\\x00\\x00\\x00@')
[28/May/2026 16:57:36] ":\x00\x00\x00/\x00\x00\x00\x02\x00\x00@\x02\x0f\x00\x01\x00=\x05\x00\x00\x00\x00\x00\x00\x00\x00\x00\x00\x00\x00/\x00\x00\x00\x00\x00\x00\x00\x00\x00@\x1f\x00\x00\x00\x00\x00\x00\x00\x00\x00\x00\x00\x00\x00\x00\x00\x00\x00" 400 -
[28/May/2026 16:57:41] code 400, message Bad request syntax ('JRMI\\x00\\x02K')
[28/May/2026 16:57:41] "JRMI\x00\x02K" 400 -
[28/May/2026 16:57:46] code 400, message Bad request version ('\\x00{\\x000\\x000\\x000\\x000\\x00A\\x00A\\x000\\x000\\x00-\\x000\\x00A\\x000\\x000\\x00-\\x000\\x000\\x00a\\x000\\x00-\\x00A\\x00A\\x000\\x00A\\x00-\\x000\\x000\\x000\\x000\\x00A\\x000\\x00A\\x00A\\x000\\x00A\\x00A\\x000\\x00}\\x00\\x00\\x00\xe0m\xdf_')
[28/May/2026 16:57:46] "\x01\x00\x00\xfd\xce\xfa\x0b\xb0\xa0\x00\x00\x00MMS\x14\x00\x00\x00\x00\x00\x00\x00\x00\x00\x00\x00\x00\x00\x00\x00\x12\x00\x00\x00\x01\x00\x03\x00\xf0\xf0\xf0\xf0\x0b\x00\x04\x00\x1c\x00\x03\x00N\x00S\x00P\x00l\x00a\x00y\x00e\x00r\x00/\x009\x00.\x000\x00.\x000\x00.\x002\x009\x008\x000\x00;\x00 \x00{\x000\x000\x000\x000\x00A\x00A\x000\x000\x00-\x000\x00A\x000\x000\x00-\x000\x000\x00a\x000\x00-\x00A\x00A\x000\x00A\x00-\x000\x000\x000\x000\x00A\x000\x00A\x00A\x000\x00A\x00A\x000\x00}\x00\x00\x00\xe0m\xdf_" 400 -
[28/May/2026 16:57:51] code 400, message Bad HTTP/0.9 request type ('\\x00Z\\x00\\x00\\x01\\x00\\x00\\x00\\x016\\x01,\\x00\\x00\\x08\\x00\\x7f\xff\\x7f\\x08\\x00\\x00\\x00\\x01\\x00')
[28/May/2026 16:57:51] "\x00Z\x00\x00\x01\x00\x00\x00\x016\x01,\x00\x00\x08\x00\x7f\xff\x7f\x08\x00\x00\x00\x01\x00 \x00:\x00\x00\x00\x00\x00\x00\x00\x00\x00\x00\x00\x00\x00\x00\x00\x004\xe6\x00\x00\x00\x01\x00\x00\x00\x00\x00\x00\x00\x00(CONNECT_DATA=(COMMAND=version))" 400 -
[28/May/2026 16:57:56] code 400, message Bad request version ('\\x03\\x00(\\x00\\x04\xff\\x08\\x00\\x01U\\x00\\x00\\x00MSSQLServer\\x00H\\x0f\\x00\\x00')
[28/May/2026 16:57:56] "\x12\x01\x004\x00\x00\x00\x00\x00\x00\x15\x00\x06\x01\x00\x1b\x00\x01\x02\x00\x1c\x00\x0c\x03\x00(\x00\x04\xff\x08\x00\x01U\x00\x00\x00MSSQLServer\x00H\x0f\x00\x00" 400 -
[28/May/2026 16:58:01] code 400, message Bad request syntax ('\\x00\\x03\\x00\\x01\\x00\\x00\\x00\\x00\\x00\\x00\\x00\\x02\\x00\\x00\\x00\\x00\\x0f\\x00')
[28/May/2026 16:58:01] "\x00\x03\x00\x01\x00\x00\x00\x00\x00\x00\x00\x02\x00\x00\x00\x00\x0f\x00" 400 -
[28/May/2026 16:58:06] code 400, message Bad request syntax ('GIOP\\x01\\x00\\x01\\x00$\\x00\\x00\\x00\\x00\\x00\\x00\\x00\\x01\\x00\\x00\\x00\\x01\\x00\\x00\\x00\\x06\\x00\\x00\\x00abcdef\\x00\\x00\\x04\\x00\\x00\\x00get\\x00\\x00\\x00\\x00\\x00')
[28/May/2026 16:58:06] "GIOP\x01\x00\x01\x00$\x00\x00\x00\x00\x00\x00\x00\x01\x00\x00\x00\x01\x00\x00\x00\x06\x00\x00\x00abcdef\x00\x00\x04\x00\x00\x00get\x00\x00\x00\x00\x00" 400 -
[28/May/2026 16:58:11] code 400, message Bad HTTP/0.9 request type ('AMQP\\x00\\x00')
[28/May/2026 16:58:12] "AMQP\x00\x00\t\x01" 400 -
Not Found: /devicedesc.xml
[28/May/2026 16:58:12] "GET /devicedesc.xml HTTP/1.1" 404 2408
[28/May/2026 16:58:17] code 400, message Bad request syntax ('CONNECT')
[28/May/2026 16:58:17] "CONNECT" 400 -
[28/May/2026 16:58:22] code 400, message Bad HTTP/0.9 request type ('\xa4\\x00\\x00\\x00\\x00\\x00\\x00\\x00')
[28/May/2026 16:58:22] "\xa4\x00\x00\x00\x00\x00\x00\x00\x0b\x00\x00\x00\x00\x00\x00\x00\x00\x00\x00\x00\x00\x00\x00\x00\x00\x00\x00\x00\x00\x00\x00\x00\xa4\x00\x00\x00\x00\x00\x00\x00\x08\x00\x00\x00\x00\x00\x00\x00\x00\x00\x00\x00\x00\x00\x00\x00\x00\x00\x00\x00\x00\x00\x00\x00" 400 -
[28/May/2026 16:58:27] code 400, message Bad request syntax ('\\x01\\x00\\x00\\x00')
[28/May/2026 16:58:27] "\x01\x00\x00\x00" 400 -
[28/May/2026 16:58:32] code 400, message Bad request syntax ('c\\x00\\x00\\x00\\x00\\x00\\x00\\x00\\x00\\x00\\x00\\x00\\x00\\x00\\x00\\x00\xc1\xde\xbe\xd1\\x00\\x00\\x00\\x00')
[28/May/2026 16:58:32] "c\x00\x00\x00\x00\x00\x00\x00\x00\x00\x00\x00\x00\x00\x00\x00\xc1\xde\xbe\xd1\x00\x00\x00\x00" 400 -
Not Found: /nmaplowercheck1779987512
[28/May/2026 16:58:33] code 400, message Bad request version ('\\x00/\\x00')
Not Found: /base.aspx
[28/May/2026 16:58:33] "GET /nmaplowercheck1779987512 HTTP/1.1" 404 2443
[28/May/2026 16:58:33] You're accessing the development server over HTTPS, but it only supports HTTP.
Not Found: /
[28/May/2026 16:58:33] "GET /base.aspx HTTP/1.1" 404 2398
Not Found: /cgi-mod/header_logo.cgi
[28/May/2026 16:58:33] "GET /cgi-mod/header_logo.cgi?size=big HTTP/1.1" 404 2449
[28/May/2026 16:58:33] "GET / HTTP/1.1" 404 2353
Not Found: /rest/applinks/1.0/manifest
Not Found: /sdk
Not Found: /health
[28/May/2026 16:58:33] "GET /rest/applinks/1.0/manifest HTTP/1.1" 404 2449
Not Found: /http:/www.google.com
[28/May/2026 16:58:33] "GET /health HTTP/1.1" 404 2389
Not Found: /nmaplowercheck1779987513
[28/May/2026 16:58:33] "GET /nmaplowercheck1779987513 HTTP/1.1" 404 2443
[28/May/2026 16:58:33] "GET http://www.google.com HTTP/1.0" 404 1862
[28/May/2026 16:58:33] "POST /sdk HTTP/1.1" 404 2381
Not Found: /human.aspx
[28/May/2026 16:58:33] "GET /human.aspx?arg12=infotech HTTP/1.1" 404 2416
Not Found: /user
[28/May/2026 16:58:33] "GET /user HTTP/1.1" 404 2383
Not Found: /login.php
[28/May/2026 16:58:33] "GET /login.php HTTP/1.1" 404 2398
Not Found: /
[28/May/2026 16:58:33] "GET / HTTP/1.1" 404 2353
Not Found: /CFIDE/componentutils/
Not Found: /evox/about
[28/May/2026 16:58:33] "GET /CFIDE/componentutils/ HTTP/1.1" 404 2434
Not Found: /favicon.ico
[28/May/2026 16:58:33] "GET /evox/about HTTP/1.1" 404 2401
[28/May/2026 16:58:33] "GET /favicon.ico HTTP/1.1" 404 2404
Not Found: /home.jhtml
[28/May/2026 16:58:33] "GET /home.jhtml HTTP/1.1" 404 2401
Not Found: /http:/www.google.com
[28/May/2026 16:58:33] "HEAD http://www.google.com HTTP/1.0" 404 0
Not Found: /confluence/rest/applinks/1.0/manifest
Not Found: /dana-na/nc/nc_gina_ver.txt
[28/May/2026 16:58:34] "GET /confluence/rest/applinks/1.0/manifest HTTP/1.1" 404 2482
Not Found: /+CSCOE+/logon.html
[28/May/2026 16:58:34] "GET /dana-na/nc/nc_gina_ver.txt HTTP/1.1" 404 2449
[28/May/2026 16:58:34] "GET /+CSCOE+/logon.html HTTP/1.1" 404 2425
Not Found: /HNAP1
[28/May/2026 16:58:34] "GET /HNAP1 HTTP/1.1" 404 2386
Not Found: /dniapi/userInfos
[28/May/2026 16:58:35] "GET /dniapi/userInfos HTTP/1.1" 404 2419
Not Found: /dana-cached/hc/HostCheckerInstaller.osx
Not Found: /webui
[28/May/2026 16:58:35] "GET /dana-cached/hc/HostCheckerInstaller.osx HTTP/1.1" 404 2488
Not Found: /api/v2/about
[28/May/2026 16:58:35] "GET /webui HTTP/1.1" 404 2386
[28/May/2026 16:58:35] "GET /api/v2/about HTTP/1.1" 404 2407
Not Found: /webui
[28/May/2026 16:58:35] "GET /webui HTTP/1.1" 404 2386
Not Found: /geoserver/index.html
Not Found: /indice.jhtml
[28/May/2026 16:58:35] "GET /indice.jhtml HTTP/1.1" 404 2407
[28/May/2026 16:58:35] "GET /geoserver/index.html HTTP/1.1" 404 2431
Not Found: /www.google.com:80
[28/May/2026 16:58:35] "CONNECT www.google.com:80 HTTP/1.0" 404 1893
Not Found: /geoserver/
[28/May/2026 16:58:35] "GET /geoserver/ HTTP/1.1" 404 2401
Not Found: /geoserver/web/wicket/bookmarkable/org.geoserver.web.AboutGeoServerPage
[28/May/2026 16:58:35] "GET /geoserver/web/wicket/bookmarkable/org.geoserver.web.AboutGeoServerPage HTTP/1.1" 404 2581
Not Found: /robots.txt
[28/May/2026 16:58:35] "GET /robots.txt HTTP/1.1" 404 2401
Not Found: /ise/img/rm-logo_small.png
[28/May/2026 16:58:35] "GET /ise/img/rm-logo_small.png HTTP/1.1" 404 2446
Not Found: /Account/Login
[28/May/2026 16:58:35] "GET /Account/Login HTTP/1.1" 404 2410
Not Found: /cgi-bin/info.cgi
[28/May/2026 16:58:35] "GET /cgi-bin/info.cgi HTTP/1.1" 404 2419
Not Found: /dashboard/
[28/May/2026 16:58:35] "GET /dashboard/ HTTP/1.1" 404 2401
Not Found: /inicio.jsp
[28/May/2026 16:58:35] "GET /inicio.jsp HTTP/1.1" 404 2401
Not Found: /xml/info.xml
[28/May/2026 16:58:35] "GET /xml/info.xml HTTP/1.1" 404 2407
Not Found: /
[28/May/2026 16:58:35] "GET / HTTP/1.1" 404 2353
Not Found: /api/v1/check-version
Not Found: /magento_version
[28/May/2026 16:58:35] "GET /api/v1/check-version HTTP/1.1" 404 2431
[28/May/2026 16:58:35] "GET /magento_version HTTP/1.1" 404 2416
Not Found: /readme.txt
[28/May/2026 16:58:35] "GET /readme.txt HTTP/1.1" 404 2401
Not Found: /fog/management/index.php
[28/May/2026 16:58:35] "GET /fog/management/index.php?node=client&sub=logininfo HTTP/1.1" 404 2473
Not Found: /cluster/list.query
[28/May/2026 16:58:36] "GET /cluster/list.query HTTP/1.1" 404 2425
Not Found: /helpdesk/WebObjects/Helpdesk.woa
[28/May/2026 16:58:36] "GET /helpdesk/WebObjects/Helpdesk.woa HTTP/1.1" 404 2467
Not Found: /images/logo.png
[28/May/2026 16:58:36] "GET /images/logo.png HTTP/1.1" 404 2416
Not Found: /apps/zxtm/login.cgi
Not Found: /api/server/version
[28/May/2026 16:58:36] "GET /apps/zxtm/login.cgi HTTP/1.1" 404 2428
[28/May/2026 16:58:36] "GET /api/server/version HTTP/1.1" 404 2425
Not Found: /admin.shtml
[28/May/2026 16:58:36] "GET /admin.shtml HTTP/1.1" 404 2404
Not Found: /administrator/manifests/files/joomla.xml
[28/May/2026 16:58:36] "GET /administrator/manifests/files/joomla.xml HTTP/1.1" 404 2491
Not Found: /webui/index.html
[28/May/2026 16:58:36] "GET /webui/index.html HTTP/1.1" 404 2419
Not Found: /language/en-GB/en-GB.xml
Not Found: /owa/
[28/May/2026 16:58:36] "GET /language/en-GB/en-GB.xml HTTP/1.1" 404 2443
[28/May/2026 16:58:36] "GET /owa/ HTTP/1.1" 404 2383
Not Found: /admin.pl
[28/May/2026 16:58:36] "GET /admin.pl HTTP/1.1" 404 2395
Not Found: /versa/login
[28/May/2026 16:58:36] "GET /versa/login HTTP/1.1" 404 2404
Not Found: /p/login/
Not Found: /login.html
[28/May/2026 16:58:36] "GET /p/login/ HTTP/1.1" 404 2395
[28/May/2026 16:58:36] "GET /login.html HTTP/1.1" 404 2401
Not Found: /phoenix/favicon.ico
[28/May/2026 16:58:36] "GET /phoenix/favicon.ico HTTP/1.1" 404 2428
Not Found: /api/version
[28/May/2026 16:58:36] "GET /api/version HTTP/1.1" 404 2404
Not Found: /portal/
[28/May/2026 16:58:36] "GET /portal/ HTTP/1.1" 404 2392
Not Found: /inicio.shtml
[28/May/2026 16:58:36] "GET /inicio.shtml HTTP/1.1" 404 2407
Not Found: /info.asp
[28/May/2026 16:58:36] "GET /info.asp HTTP/1.1" 404 2395
Not Found: /status
[28/May/2026 16:58:36] "GET /status HTTP/1.1" 404 2389
Not Found: /localstart.pl
[28/May/2026 16:58:37] "GET /localstart.pl HTTP/1.1" 404 2410
Not Found: /cgi-bin/param.cgi
Not Found: /routes
[28/May/2026 16:58:37] "GET /cgi-bin/param.cgi?get_device_conf HTTP/1.1" 404 2438
[28/May/2026 16:58:37] "GET /routes HTTP/1.1" 404 2389
Not Found: /lms/db
[28/May/2026 16:58:37] "GET /lms/db HTTP/1.1" 404 2389
Not Found: /owa/
[28/May/2026 16:58:37] "GET /owa/ HTTP/1.1" 404 2383
Not Found: /ext-js/app/common/zld_product_spec.js
[28/May/2026 16:58:37] "GET /ext-js/app/common/zld_product_spec.js HTTP/1.1" 404 2482
Not Found: /login/login.html
[28/May/2026 16:58:37] "GET /login/login.html HTTP/1.1" 404 2419
Not Found: /admin.php
[28/May/2026 16:58:37] "GET /admin.php HTTP/1.1" 404 2398
Not Found: /assets/png/favicon-abe32304.png
[28/May/2026 16:58:37] "GET /assets/png/favicon-abe32304.png HTTP/1.1" 404 2464
Not Found: /versions
[28/May/2026 16:58:37] "GET /versions HTTP/1.1" 404 2395
Not Found: /allversions
[28/May/2026 16:58:37] "GET /allversions HTTP/1.1" 404 2404
Not Found: /r-seenet/index.php
[28/May/2026 16:58:37] "GET /r-seenet/index.php HTTP/1.1" 404 2425
Not Found: /menu.asp
[28/May/2026 16:58:37] "GET /menu.asp HTTP/1.1" 404 2395
Not Found: /tos/index.php
[28/May/2026 16:58:37] "GET /tos/index.php?user/login HTTP/1.1" 404 2421
Not Found: /api/vip/i18n/api/v2/translation/products/vRNIUI/versions/1
[28/May/2026 16:58:37] "GET /api/vip/i18n/api/v2/translation/products/vRNIUI/versions/1 HTTP/1.1" 404 2545
Not Found: /WebApp/js/UI_String.js
[28/May/2026 16:58:38] "GET /WebApp/js/UI_String.js HTTP/1.1" 404 2437
Not Found: /c/login
[28/May/2026 16:58:38] "GET /c/login HTTP/1.1" 404 2392
Not Found: /menu.jhtml
[28/May/2026 16:58:38] "GET /menu.jhtml HTTP/1.1" 404 2401
Not Found: /login.aspx
[28/May/2026 16:58:38] "GET /login.aspx HTTP/1.1" 404 2401
Not Found: /
[28/May/2026 16:58:38] "GET / HTTP/1.1" 404 2299
Not Found: /App_Themes/Default/Images/favicon.ico
[28/May/2026 16:58:38] "GET /App_Themes/Default/Images/favicon.ico HTTP/1.1" 404 2482
Not Found: /officescan/console/html/localization.js
[28/May/2026 16:58:38] "GET /officescan/console/html/localization.js HTTP/1.1" 404 2488
Not Found: /officescan/console/cgi/cgiChkMasterPwd.exe
[28/May/2026 16:58:38] "GET /officescan/console/cgi/cgiChkMasterPwd.exe HTTP/1.1" 404 2497
Not Found: /IPCamDesc.xml
[28/May/2026 16:58:38] "GET /IPCamDesc.xml HTTP/1.1" 404 2410
Not Found: /default.asp
[28/May/2026 16:58:38] "GET default.asp HTTP/1.1" 404 1876
Not Found: /api/v1.0/environment
Not Found: /kylin/
[28/May/2026 16:58:38] "GET /api/v1.0/environment HTTP/1.1" 404 2431
[28/May/2026 16:58:38] "GET /kylin/ HTTP/1.1" 404 2389
Not Found: /config
[28/May/2026 16:58:38] "GET /config HTTP/1.1" 404 2389
Not Found: /cslu/v1/core/conf
Not Found: /start.shtml
[28/May/2026 16:58:38] "GET /cslu/v1/core/conf HTTP/1.1" 404 2422
[28/May/2026 16:58:38] "GET /start.shtml HTTP/1.1" 404 2404
Not Found: /images/logo.gif
[28/May/2026 16:58:38] "GET /images/logo.gif HTTP/1.1" 404 2416
[28/May/2026 16:58:38] "GET /admin/reports/status HTTP/1.1" 302 0
Not Found: /CHANGELOG.txt
[28/May/2026 16:58:38] "GET /CHANGELOG.txt HTTP/1.1" 404 2410
[28/May/2026 16:58:39] "GET /admin/reports/updates HTTP/1.1" 302 0
Not Found: /menu.aspx
[28/May/2026 16:58:39] "GET /menu.aspx HTTP/1.1" 404 2398
[28/May/2026 16:58:39] "GET /admin/login/?next=/admin/reports/status HTTP/1.1" 200 4108
Not Found: /build.gradle
Not Found: /pom.xml
Not Found: /javascript/validation/OEM.js
[28/May/2026 16:58:39] "GET /pom.xml HTTP/1.1" 404 2392
[28/May/2026 16:58:39] "GET /build.gradle HTTP/1.1" 404 2407
[28/May/2026 16:58:39] "GET /javascript/validation/OEM.js HTTP/1.1" 404 2455
Not Found: /webportal.cgi
[28/May/2026 16:58:39] "GET /webportal.cgi HTTP/1.1" 404 2410
Not Found: /start.cgi
[28/May/2026 16:58:39] "GET /start.cgi HTTP/1.1" 404 2398
[28/May/2026 16:58:39] "GET /admin/login/?next=/admin/reports/updates HTTP/1.1" 200 4110
Not Found: /assets/img/favicon.ico
[28/May/2026 16:58:39] "GET /assets/img/favicon.ico HTTP/1.1" 404 2437
Not Found: /workplace/home.action
[28/May/2026 16:58:39] "GET /workplace/home.action HTTP/1.1" 404 2434
Not Found: /css/eonweb.css
[28/May/2026 16:58:39] "GET /css/eonweb.css HTTP/1.1" 404 2413
Not Found: /cgi-bin/authLogin.cgi
[28/May/2026 16:58:40] "GET /cgi-bin/authLogin.cgi HTTP/1.1" 404 2434
Not Found: /geoserver/web/
Not Found: /pandora_console/
[28/May/2026 16:58:40] "GET /pandora_console/ HTTP/1.1" 404 2419
[28/May/2026 16:58:40] "GET /geoserver/web/ HTTP/1.1" 404 2413
Not Found: /centreon/api/latest/platform/versions
Not Found: /css/elfinder.min.css
[28/May/2026 16:58:40] "GET /centreon/api/latest/platform/versions HTTP/1.1" 404 2482
Not Found: /api/v3/meta
Not Found: /menu.html
[28/May/2026 16:58:40] "GET /menu.html HTTP/1.1" 404 2398
[28/May/2026 16:58:40] "GET /api/v3/meta HTTP/1.1" 404 2404
[28/May/2026 16:58:40] "GET /css/elfinder.min.css HTTP/1.1" 404 2431
Not Found: /themes/admin/default/build/assets/favicon-19fbef86.svg
[28/May/2026 16:58:40] "GET /themes/admin/default/build/assets/favicon-19fbef86.svg HTTP/1.1" 404 2533
Not Found: /am_bin/amlogin
Not Found: /system/version/current
[28/May/2026 16:58:40] "GET /am_bin/amlogin HTTP/1.1" 404 2413
[28/May/2026 16:58:40] "GET /system/version/current HTTP/1.1" 404 2437
Not Found: /i18n/component/JS
[28/May/2026 16:58:40] "GET /i18n/component/JS HTTP/1.1" 404 2422
Not Found: /api/v1/version
[28/May/2026 16:58:40] "GET /api/v1/version HTTP/1.1" 404 2413
Not Found: /admin.jsp
[28/May/2026 16:58:40] "GET /admin.jsp HTTP/1.1" 404 2398
Not Found: /hx/api/about
Not Found: /dashboard/favicon.ico
[28/May/2026 16:58:40] "GET /dashboard/favicon.ico HTTP/1.1" 404 2434
[28/May/2026 16:58:40] "GET /hx/api/about HTTP/1.1" 404 2407
Not Found: /cgi-bin/luci
Not Found: /Main_Login.asp
Not Found: /MagicInfo/config.js
[28/May/2026 16:58:40] "GET /cgi-bin/luci HTTP/1.1" 404 2407
Not Found: /login/
[28/May/2026 16:58:40] "GET /Main_Login.asp HTTP/1.1" 404 2413
Not Found: /app/ui/login.jsp
[28/May/2026 16:58:40] "GET /login/?next=/ HTTP/1.1" 404 2396
Not Found: /plugin/webs_model_cfg.js
Not Found: /photo/webapi/query.php
[28/May/2026 16:58:40] "GET /MagicInfo/config.js HTTP/1.1" 404 2428
[28/May/2026 16:58:40] "GET /app/ui/login.jsp HTTP/1.1" 404 2419
[28/May/2026 16:58:40] "GET /photo/webapi/query.php?api=SYNO.API.Info&method=query&version=1 HTTP/1.1" 404 2486
[28/May/2026 16:58:40] "GET /plugin/webs_model_cfg.js HTTP/1.1" 404 2443
Not Found: /admin.jsa
[28/May/2026 16:58:40] "GET /admin.jsa HTTP/1.1" 404 2398
Not Found: /kubepi/fav.png
[28/May/2026 16:58:40] "GET /kubepi/fav.png HTTP/1.1" 404 2413
Not Found: /rs/application-about
[28/May/2026 16:58:41] "GET /rs/application-about HTTP/1.1" 404 2431
Not Found: /json/login_session
[28/May/2026 16:58:41] "GET /json/login_session HTTP/1.1" 404 2425
Not Found: /nidp/app/login
[28/May/2026 16:58:41] "GET /nidp/app/login HTTP/1.1" 404 2413
Not Found: /home.aspx
[28/May/2026 16:58:41] "GET /home.aspx HTTP/1.1" 404 2398
Not Found: /public/static/favicon.png
[28/May/2026 16:58:41] "GET /public/static/favicon.png HTTP/1.1" 404 2446
Not Found: /login
Not Found: /index.html
Not Found: /api/v2/hoverfly/version
[28/May/2026 16:58:41] "GET /login HTTP/1.1" 404 2386
Not Found: /ui/login.action
[28/May/2026 16:58:41] "GET /api/v2/hoverfly/version HTTP/1.1" 404 2440
Not Found: /metrics
[28/May/2026 16:58:41] "GET /index.html HTTP/1.1" 404 2401
Not Found: /about
[28/May/2026 16:58:41] "GET /ui/login.action HTTP/1.1" 404 2416
[28/May/2026 16:58:41] "GET /metrics HTTP/1.1" 404 2392
[28/May/2026 16:58:41] "GET /about HTTP/1.1" 404 2386
Not Found: /main/main.html
[28/May/2026 16:58:41] "GET /main/main.html HTTP/1.1" 404 2413
Not Found: /core/auth/login/
[28/May/2026 16:58:42] "GET /core/auth/login/ HTTP/1.1" 404 2419
Not Found: /home.cfm
[28/May/2026 16:58:42] "GET /home.cfm HTTP/1.1" 404 2395
Not Found: /api/v1/info
[28/May/2026 16:58:42] "GET /api/v1/info HTTP/1.1" 404 2404
Not Found: /assets/favicon.png
[28/May/2026 16:58:42] "GET /assets/favicon.png HTTP/1.1" 404 2425
[28/May/2026 16:58:42] "GET /admin/config.php HTTP/1.1" 302 0
Not Found: /inicio.cfm
[28/May/2026 16:58:42] "GET /inicio.cfm HTTP/1.1" 404 2401
Not Found: /favicon.png
Not Found: /agc/vicidial.php
Not Found: /mailinspector/login.php
[28/May/2026 16:58:42] "GET /favicon.png HTTP/1.1" 404 2404
Not Found: /config_dump
Not Found: /index.do
[28/May/2026 16:58:42] "GET /agc/vicidial.php HTTP/1.1" 404 2419
Not Found: /api/status
[28/May/2026 16:58:42] "GET /mailinspector/login.php HTTP/1.1" 404 2440
Not Found: /~login
[28/May/2026 16:58:42] "GET /config_dump HTTP/1.1" 404 2404
Not Found: /agent/vicidial.php
[28/May/2026 16:58:42] "GET /index.do HTTP/1.1" 404 2395
[28/May/2026 16:58:42] "GET /~login HTTP/1.1" 404 2389
[28/May/2026 16:58:42] "GET /api/status HTTP/1.1" 404 2401
[28/May/2026 16:58:42] "GET /agent/vicidial.php HTTP/1.1" 404 2425
[28/May/2026 16:58:42] "GET /admin/login/?next=/admin/config.php HTTP/1.1" 200 4100
Not Found: /AppsHome.do
[28/May/2026 16:58:42] "GET /AppsHome.do HTTP/1.1" 404 2404
Not Found: /system/gwinfo
[28/May/2026 16:58:42] "GET /system/gwinfo HTTP/1.1" 404 2410
Not Found: /index.html
[28/May/2026 16:58:42] "GET /index.html HTTP/1.1" 404 2401
Not Found: /openapi.json
[28/May/2026 16:58:42] "GET /openapi.json HTTP/1.1" 404 2407
Not Found: /localstart.cgi
Not Found: /nifi/
Not Found: /api-description
[28/May/2026 16:58:42] "GET /localstart.cgi HTTP/1.1" 404 2413
Not Found: /cgi-bin/meteobridge.cgi
[28/May/2026 16:58:42] "GET /api-description HTTP/1.1" 404 2416
Not Found: /jtcgi/wte.pyc
[28/May/2026 16:58:42] "GET /cgi-bin/meteobridge.cgi HTTP/1.1" 404 2440
Not Found: /index.lua
[28/May/2026 16:58:42] "GET /nifi/ HTTP/1.1" 404 2386
Not Found: /decisioncenter-api/v1/about
[28/May/2026 16:58:42] "GET /jtcgi/wte.pyc HTTP/1.1" 404 2410
Not Found: /v2
[28/May/2026 16:58:42] "GET /decisioncenter-api/v1/about HTTP/1.1" 404 2452
[28/May/2026 16:58:42] "GET /index.lua HTTP/1.1" 404 2398
Not Found: /info.htm
Not Found: /nifi-api/flow/about
[28/May/2026 16:58:42] "GET /info.htm HTTP/1.1" 404 2395
[28/May/2026 16:58:42] "GET /nifi-api/flow/about HTTP/1.1" 404 2428
[28/May/2026 16:58:42] "GET /v2 HTTP/1.1" 404 2377
Not Found: /sys/en/neoclassic/login/login
[28/May/2026 16:58:43] "GET /sys/en/neoclassic/login/login HTTP/1.1" 404 2458
Not Found: /admin.jhtml
[28/May/2026 16:58:43] "GET /admin.jhtml HTTP/1.1" 404 2404
[28/May/2026 16:58:43] code 400, message Bad request version ("\xf1\xe19\\x03\xb6\xf7~\xe1r\xff\xd0\xf6\xa8\\x84v\\x00\\x9c\\x13\\x02\\x13\\x03\\x13\\x01\\x003\\x009\\x005\\x00/\xc0,\xc00\\x00\xa3\\x00\\x9f\xcc\xa9\xcc\xa8\xcc\xaa\xc0\xaf\xc0\\xad\xc0\xa3\xc0\\x9f\xc0]\xc0a\xc0W\xc0S\xc0+\xc0/\\x00\xa2\\x00\\x9e\xc0\xae\xc0\xac\xc0\xa2\xc0\\x9e\xc0\\\\\xc0`\xc0V\xc0R\xc0$\xc0(\\x00k\\x00j\xc0s\xc0w\\x00\xc4\\x00\xc3\xc0#\xc0'\\x00g\\x00@\xc0r\xc0v\\x00\xbe\\x00\xbd\xc0")
[28/May/2026 16:58:43] You're accessing the development server over HTTPS, but it only supports HTTP.
Not Found: /wp-content/plugins/post-smtp/readme.txt
[28/May/2026 16:58:43] "GET /wp-content/plugins/post-smtp/readme.txt HTTP/1.1" 404 2488
Not Found: /monitor/index.php/auth/login
Not Found: /sap/bc/ui2/flp
[28/May/2026 16:58:43] "GET /sap/bc/ui2/flp HTTP/1.1" 404 2413
[28/May/2026 16:58:43] "GET /monitor/index.php/auth/login HTTP/1.1" 404 2455
Not Found: /ignite
Not Found: /api/v2.0/systeminfo
Not Found: /management/v1/cluster/state
Not Found: /help/en_US/Content/utm/utmAdminGuide/WebAdmin.htm
Not Found: /browser/index.html
[28/May/2026 16:58:43] "GET /ignite?cmd=version HTTP/1.1" 404 2401
Not Found: /api/v1/cluster/summary
[28/May/2026 16:58:43] "GET /management/v1/cluster/state HTTP/1.1" 404 2452
[28/May/2026 16:58:43] "GET /browser/index.html HTTP/1.1" 404 2425
[28/May/2026 16:58:43] "GET /help/en_US/Content/utm/utmAdminGuide/WebAdmin.htm HTTP/1.1" 404 2518
[28/May/2026 16:58:43] "GET /api/v1/cluster/summary HTTP/1.1" 404 2437
[28/May/2026 16:58:43] "GET /api/v2.0/systeminfo HTTP/1.1" 404 2428
Not Found: /main.cgi
[28/May/2026 16:58:43] "GET /main.cgi HTTP/1.1" 404 2395
Not Found: /cgi-bin/getagent.cgi
[28/May/2026 16:58:43] "GET /cgi-bin/getagent.cgi?type=s HTTP/1.1" 404 2438
Not Found: /ScadaBR/login.htm
[28/May/2026 16:58:43] "GET /ScadaBR/login.htm HTTP/1.1" 404 2422
Not Found: /nmc/rss/server
Not Found: /api/system/status
[28/May/2026 16:58:43] "GET /nmc/rss/server HTTP/1.1" 404 2413
[28/May/2026 16:58:43] "GET /api/system/status HTTP/1.1" 404 2422
Not Found: /admin.html
[28/May/2026 16:58:44] "GET /admin.html HTTP/1.1" 404 2401
Not Found: /download/python/
[28/May/2026 16:58:44] "GET /download/python/ HTTP/1.1" 404 2419
Not Found: /rest/settings
[28/May/2026 16:58:44] "GET /admin HTTP/1.1" 301 0
Not Found: /sms_mp/.sms_aut
[28/May/2026 16:58:44] "GET /rest/settings HTTP/1.1" 404 2410
Not Found: /webpages/login.html
Not Found: /angular.js
[28/May/2026 16:58:44] "GET /sms_mp/.sms_aut?mplist HTTP/1.1" 404 2423
[28/May/2026 16:58:44] "GET /webpages/login.html HTTP/1.1" 404 2428
[28/May/2026 16:58:44] "GET /angular.js HTTP/1.1" 404 2401
Not Found: /start.php
Not Found: /_matrix/identity/v2
[28/May/2026 16:58:44] "GET /start.php HTTP/1.1" 404 2398
[28/May/2026 16:58:44] "GET /_matrix/identity/v2 HTTP/1.1" 404 2428
[28/May/2026 16:58:44] "GET /admin/ HTTP/1.1" 302 0
Not Found: /remote/login
[28/May/2026 16:58:44] "GET /remote/login HTTP/1.1" 404 2407
Not Found: /scripts/languages/en-US.json
[28/May/2026 16:58:44] "GET /scripts/languages/en-US.json HTTP/1.1" 404 2455
Not Found: /metasys/com/jci/metasys/MetasysProperties.properties
[28/May/2026 16:58:44] "GET /metasys/com/jci/metasys/MetasysProperties.properties HTTP/1.1" 404 2527
Not Found: /rustfs/console/version
Not Found: /backend/banner
Not Found: /index.php
Not Found: /objects/
[28/May/2026 16:58:44] "GET /rustfs/console/version HTTP/1.1" 404 2437
Not Found: /idexpert/
[28/May/2026 16:58:44] "GET /index.php HTTP/1.1" 404 2398
Not Found: /UOF/Login.aspx
[28/May/2026 16:58:44] "GET /objects/?module=saverestore HTTP/1.1" 404 2414
[28/May/2026 16:58:44] "GET /backend/banner HTTP/1.1" 404 2413
[28/May/2026 16:58:44] "GET /UOF/Login.aspx HTTP/1.1" 404 2413
[28/May/2026 16:58:44] "GET /idexpert/ HTTP/1.1" 404 2398
[28/May/2026 16:58:45] "GET /admin/login/?next=/admin/ HTTP/1.1" 200 4080
Not Found: /application/login
[28/May/2026 16:58:45] "GET /application/login HTTP/1.1" 404 2422
Not Found: /admin.cgi
[28/May/2026 16:58:45] "GET /admin.cgi HTTP/1.1" 404 2398
Not Found: /System/info/Public
[28/May/2026 16:58:45] "GET /System/info/Public HTTP/1.1" 404 2425
Not Found: /pluginManager/api/json
[28/May/2026 16:58:45] "GET /pluginManager/api/json?depth=1 HTTP/1.1" 404 2445
Not Found: /login/login.cgi
[28/May/2026 16:58:45] "GET /login/login.cgi HTTP/1.1" 404 2416
Not Found: /giris
[28/May/2026 16:58:45] "GET /giris HTTP/1.1" 404 2386
Not Found: /health
[28/May/2026 16:58:45] "GET /health HTTP/1.1" 404 2389
Not Found: /start.pl
[28/May/2026 16:58:45] "GET /start.pl HTTP/1.1" 404 2395
Not Found: /home.pl
[28/May/2026 16:58:46] "GET /home.pl HTTP/1.1" 404 2392
Not Found: /home.cgi
[28/May/2026 16:58:46] "GET /home.cgi HTTP/1.1" 404 2395
Not Found: /main.pl
[28/May/2026 16:58:46] "GET /main.pl HTTP/1.1" 404 2392
Not Found: /inicio.jhtml
[28/May/2026 16:58:46] "GET /inicio.jhtml HTTP/1.1" 404 2407
Not Found: /admin.aspx
[28/May/2026 16:58:46] "GET /admin.aspx HTTP/1.1" 404 2401
Not Found: /start.aspx
[28/May/2026 16:58:47] "GET /start.aspx HTTP/1.1" 404 2401
Not Found: /base.shtml
[28/May/2026 16:58:47] "GET /base.shtml HTTP/1.1" 404 2401
Not Found: /admin.asp
[28/May/2026 16:58:47] "GET /admin.asp HTTP/1.1" 404 2398
Not Found: /base.pl
[28/May/2026 16:58:47] "GET /base.pl HTTP/1.1" 404 2392
Not Found: /menu.php
[28/May/2026 16:58:48] "GET /menu.php HTTP/1.1" 404 2395
Not Found: /indice.aspx
[28/May/2026 16:58:48] "GET /indice.aspx HTTP/1.1" 404 2404
Not Found: /base.php
[28/May/2026 16:58:48] "GET /base.php HTTP/1.1" 404 2395
Not Found: /inicio.cgi
[28/May/2026 16:58:48] "GET /inicio.cgi HTTP/1.1" 404 2401
Not Found: /default.cgi
[28/May/2026 16:58:48] "GET /default.cgi HTTP/1.1" 404 2404
Not Found: /base.jsa
[28/May/2026 16:58:49] "GET /base.jsa HTTP/1.1" 404 2395
Not Found: /default.html
[28/May/2026 16:58:49] "GET /default.html HTTP/1.1" 404 2407
Not Found: /localstart.aspx
[28/May/2026 16:58:49] "GET /localstart.aspx HTTP/1.1" 404 2416
Not Found: /localstart.html
[28/May/2026 16:58:49] "GET /localstart.html HTTP/1.1" 404 2416
Not Found: /home.html
[28/May/2026 16:58:49] "GET /home.html HTTP/1.1" 404 2398
Not Found: /base.inc
[28/May/2026 16:58:50] "GET /base.inc HTTP/1.1" 404 2395
Not Found: /indice.cfm
[28/May/2026 16:58:50] "GET /indice.cfm HTTP/1.1" 404 2401
Not Found: /index.asp
[28/May/2026 16:58:50] "GET /index.asp HTTP/1.1" 404 2398
Not Found: /main.html
[28/May/2026 16:58:50] "GET /main.html HTTP/1.1" 404 2398
Not Found: /index.shtml
[28/May/2026 16:58:51] "GET /index.shtml HTTP/1.1" 404 2404
Not Found: /index.jhtml
[28/May/2026 16:58:51] "GET /index.jhtml HTTP/1.1" 404 2404
Not Found: /inicio.pl
[28/May/2026 16:58:51] "GET /inicio.pl HTTP/1.1" 404 2398
Not Found: /localstart.jsa
[28/May/2026 16:58:51] "GET /localstart.jsa HTTP/1.1" 404 2413
Not Found: /base.html
[28/May/2026 16:58:52] "GET /base.html HTTP/1.1" 404 2398
Not Found: /localstart.asp
[28/May/2026 16:58:52] "GET /localstart.asp HTTP/1.1" 404 2413
Not Found: /inicio.html
[28/May/2026 16:58:52] "GET /inicio.html HTTP/1.1" 404 2404
Not Found: /base.cgi
[28/May/2026 16:58:52] "GET /base.cgi HTTP/1.1" 404 2395
Not Found: /base.cfm
[28/May/2026 16:58:52] "GET /base.cfm HTTP/1.1" 404 2395
Not Found: /main.aspx
[28/May/2026 16:58:53] "GET /main.aspx HTTP/1.1" 404 2398
Not Found: /base.asp
[28/May/2026 16:58:53] "GET /base.asp HTTP/1.1" 404 2395
Not Found: /indice.jsa
[28/May/2026 16:58:53] "GET /indice.jsa HTTP/1.1" 404 2401
Not Found: /indice.shtml
[28/May/2026 16:58:53] "GET /indice.shtml HTTP/1.1" 404 2407
Not Found: /menu.cfm
[28/May/2026 16:58:53] "GET /menu.cfm HTTP/1.1" 404 2395
Not Found: /indice.pl
[28/May/2026 16:58:54] "GET /indice.pl HTTP/1.1" 404 2398
Not Found: /index.pl
[28/May/2026 16:58:54] "GET /index.pl HTTP/1.1" 404 2395
Not Found: /indice.php
[28/May/2026 16:58:54] "GET /indice.php HTTP/1.1" 404 2401
Not Found: /start.asp
[28/May/2026 16:58:54] "GET /start.asp HTTP/1.1" 404 2398
Not Found: /main.jhtml
[28/May/2026 16:58:54] "GET /main.jhtml HTTP/1.1" 404 2401
Not Found: /index.cfm
[28/May/2026 16:58:55] "GET /index.cfm HTTP/1.1" 404 2398
Not Found: /default.asp
[28/May/2026 16:58:55] "GET /default.asp HTTP/1.1" 404 2404
Not Found: /default.php
[28/May/2026 16:58:55] "GET /default.php HTTP/1.1" 404 2404
Not Found: /menu.pl
[28/May/2026 16:58:55] "GET /menu.pl HTTP/1.1" 404 2392
Not Found: /localstart.cfm
[28/May/2026 16:58:56] "GET /localstart.cfm HTTP/1.1" 404 2413
Not Found: /default.jsa
[28/May/2026 16:58:56] "GET /default.jsa HTTP/1.1" 404 2404
Not Found: /indice.html
[28/May/2026 16:58:56] "GET /indice.html HTTP/1.1" 404 2404
Not Found: /start.html
[28/May/2026 16:58:56] "GET /start.html HTTP/1.1" 404 2401
Not Found: /localstart.shtml
[28/May/2026 16:58:56] "GET /localstart.shtml HTTP/1.1" 404 2419
Not Found: /indice.cgi
[28/May/2026 16:58:57] "GET /indice.cgi HTTP/1.1" 404 2401
Not Found: /start.jsp
[28/May/2026 16:58:57] "GET /start.jsp HTTP/1.1" 404 2398
Not Found: /localstart.php
[28/May/2026 16:58:57] "GET /localstart.php HTTP/1.1" 404 2413
Not Found: /indice.asp
[28/May/2026 16:58:57] "GET /indice.asp HTTP/1.1" 404 2401
Not Found: /inicio.php
[28/May/2026 16:58:58] "GET /inicio.php HTTP/1.1" 404 2401
Not Found: /index.aspx
[28/May/2026 16:58:58] "GET /index.aspx HTTP/1.1" 404 2401
Not Found: /inicio.jsa
[28/May/2026 16:58:58] "GET /inicio.jsa HTTP/1.1" 404 2401
Not Found: /inicio.aspx
[28/May/2026 16:58:58] "GET /inicio.aspx HTTP/1.1" 404 2404
Not Found: /inicio.asp
[28/May/2026 16:58:59] "GET /inicio.asp HTTP/1.1" 404 2401
Not Found: /base.jhtml
[28/May/2026 16:58:59] "GET /base.jhtml HTTP/1.1" 404 2401
Not Found: /localstart.jhtml
[28/May/2026 16:58:59] "GET /localstart.jhtml HTTP/1.1" 404 2419
Not Found: /admin.cfm
[28/May/2026 16:58:59] "GET /admin.cfm HTTP/1.1" 404 2398
Not Found: /start.jhtml
[28/May/2026 16:58:59] "GET /start.jhtml HTTP/1.1" 404 2404
Not Found: /menu.cgi
[28/May/2026 16:59:00] "GET /menu.cgi HTTP/1.1" 404 2395
Not Found: /index.cgi
[28/May/2026 16:59:00] "GET /index.cgi HTTP/1.1" 404 2398
Not Found: /main.php
[28/May/2026 16:59:00] "GET /main.php HTTP/1.1" 404 2395
Not Found: /index.jsa
[28/May/2026 16:59:00] "GET /index.jsa HTTP/1.1" 404 2398
Not Found: /index.jsp
[28/May/2026 16:59:01] "GET /index.jsp HTTP/1.1" 404 2398
Not Found: /menu.shtml
[28/May/2026 16:59:01] "GET /menu.shtml HTTP/1.1" 404 2401
Not Found: /home.asp
[28/May/2026 16:59:01] "GET /home.asp HTTP/1.1" 404 2395
Not Found: /main.shtml
[28/May/2026 16:59:01] "GET /main.shtml HTTP/1.1" 404 2401
Not Found: /default.pl
[28/May/2026 16:59:01] "GET /default.pl HTTP/1.1" 404 2401
Not Found: /default.jsp
[28/May/2026 16:59:02] "GET /default.jsp HTTP/1.1" 404 2404
Not Found: /menu.jsa
[28/May/2026 16:59:02] "GET /menu.jsa HTTP/1.1" 404 2395
Not Found: /home.jsa
[28/May/2026 16:59:02] "GET /home.jsa HTTP/1.1" 404 2395
Not Found: /start.cfm
[28/May/2026 16:59:02] "GET /start.cfm HTTP/1.1" 404 2398
Not Found: /home.php
[28/May/2026 16:59:03] "GET /home.php HTTP/1.1" 404 2395
Not Found: /
[28/May/2026 16:59:03] "GET / HTTP/1.0" 404 2348
Not Found: /
[28/May/2026 16:59:03] "GET / HTTP/1.1" 404 2348
[28/May/2026 16:59:03,580] - Broken pipe from ('172.232.253.221', 59076)
[28/May/2026 19:19:51] code 400, message Bad request syntax ('\\x16\\x03\\x01\\x05\xc2\\x01\\x00\\x05\xbe\\x03\\x03\xbd\xda\\x05\xd4\\x8dD\xb2\\x0f\\x01\\x0f\\x9c\\x91*X\\x12\\x9ad\\x87\xd4\\x0e\xd9\xfck\\x01rO\\x83\xee')
[28/May/2026 19:19:51] You're accessing the development server over HTTPS, but it only supports HTTP.
Not Found: /.git/config
[28/May/2026 19:19:51] "GET /.git/config HTTP/1.1" 404 2363
[28/May/2026 19:19:52,593] - Broken pipe from ('35.220.228.59', 35884)
Not Found: /
[28/May/2026 19:51:42] "GET / HTTP/1.0" 404 2307
Not Found: /
[28/May/2026 20:20:31] "GET / HTTP/1.0" 404 2312
[28/May/2026 21:12:45] code 400, message Bad request version ('\xc0\\x13\xc0')
[28/May/2026 21:12:45] You're accessing the development server over HTTPS, but it only supports HTTP.
[28/May/2026 21:12:45] code 400, message Bad request version ('k\xbd\\x161\xb1\\x94\\x83Cl\xdb\\x08')
[28/May/2026 21:12:45] You're accessing the development server over HTTPS, but it only supports HTTP.
[28/May/2026 21:12:45] code 400, message Bad request version ('\xc0\\x13\xc0')
[28/May/2026 21:12:45] You're accessing the development server over HTTPS, but it only supports HTTP.
[28/May/2026 21:12:45] code 400, message Bad request version ('\xc0\\x13\xc0')
[28/May/2026 21:12:45] You're accessing the development server over HTTPS, but it only supports HTTP.
[28/May/2026 21:12:45] code 400, message Bad request version ('\xc0\\x13\xc0')
[28/May/2026 21:12:45] You're accessing the development server over HTTPS, but it only supports HTTP.
Not Found: /wp-json/gravitysmtp/v1/tests/mock-data
[28/May/2026 21:12:48] "GET /wp-json/gravitysmtp/v1/tests/mock-data?page=gravitysmtp-settings HTTP/1.1" 404 2470
Not Found: /wp-json/gravitysmtp/v1/settings
[28/May/2026 21:12:48] "GET /wp-json/gravitysmtp/v1/settings HTTP/1.1" 404 2423
Not Found: /wp-json/gravitysmtp/v1/config
[28/May/2026 21:12:48] "GET /wp-json/gravitysmtp/v1/config HTTP/1.1" 404 2417
Not Found: /wp-json/gravitysmtp/v1/tests/mock-data
[28/May/2026 21:12:48] "GET /wp-json/gravitysmtp/v1/tests/mock-data HTTP/1.1" 404 2444
Not Found: /wp-json/wp/v2/settings
[28/May/2026 21:12:48] "GET /wp-json/wp/v2/settings HTTP/1.1" 404 2396
[28/May/2026 21:15:42] code 400, message Bad request version ('\xc0\\x13\xc0')
[28/May/2026 21:15:42] You're accessing the development server over HTTPS, but it only supports HTTP.
[28/May/2026 21:16:03] code 400, message Bad request version ('\xc0\\x13\xc0')
[28/May/2026 21:16:03] You're accessing the development server over HTTPS, but it only supports HTTP.
[28/May/2026 21:28:27] code 400, message Bad request version ('\xc0\\x13\xc0')
[28/May/2026 21:28:27] You're accessing the development server over HTTPS, but it only supports HTTP.
[28/May/2026 21:28:27] code 400, message Bad request version ('\xc0\\x13\xc0')
[28/May/2026 21:28:27] You're accessing the development server over HTTPS, but it only supports HTTP.
[28/May/2026 21:28:27] code 400, message Bad request version ('\xc0\\x13\xc0')
[28/May/2026 21:28:27] You're accessing the development server over HTTPS, but it only supports HTTP.
[28/May/2026 21:28:27] code 400, message Bad request version ('\xc0\\x13\xc0')
[28/May/2026 21:28:27] You're accessing the development server over HTTPS, but it only supports HTTP.
[28/May/2026 21:28:27] code 400, message Bad request version ('\xc0\\x13\xc0')
[28/May/2026 21:28:27] You're accessing the development server over HTTPS, but it only supports HTTP.
[28/May/2026 21:28:27] code 400, message Bad request syntax ('\\x16\\x03\\x01\\x00\xea\\x01\\x00\\x00\xe6\\x03\\x03\\x9bZ2>\xf6M\\x12\\x16\xd4\xb4\xfa3\xed\xe8\\x97|\xb2A')
[28/May/2026 21:28:27] You're accessing the development server over HTTPS, but it only supports HTTP.
[28/May/2026 21:28:27] code 400, message Bad request version ('\xc0\\x13\xc0')
[28/May/2026 21:28:27] You're accessing the development server over HTTPS, but it only supports HTTP.
[28/May/2026 21:28:27] code 400, message Bad request version ('\xc0\\x13\xc0')
[28/May/2026 21:28:27] You're accessing the development server over HTTPS, but it only supports HTTP.
[28/May/2026 21:28:27] code 400, message Bad request version ('\xc0\\x13\xc0')
[28/May/2026 21:28:27] You're accessing the development server over HTTPS, but it only supports HTTP.
[28/May/2026 21:28:27] code 400, message Bad request version ('\xc0\\x13\xc0')
[28/May/2026 21:28:27] You're accessing the development server over HTTPS, but it only supports HTTP.
[28/May/2026 21:28:27] code 400, message Bad request version ('\xc0\\x13\xc0')
[28/May/2026 21:28:27] You're accessing the development server over HTTPS, but it only supports HTTP.
[28/May/2026 21:28:27] code 400, message Bad HTTP/0.9 request type ('\\x16\\x03\\x01\\x00\xea\\x01\\x00\\x00\xe6\\x03\\x03\\x030\xe5\xef\\x93\xc8-\\x04\\x16\xf7-\xae\xfc0')
[28/May/2026 21:28:27] You're accessing the development server over HTTPS, but it only supports HTTP.
[28/May/2026 21:28:27] code 400, message Bad request version ('\xc0\\x13\xc0')
[28/May/2026 21:28:27] You're accessing the development server over HTTPS, but it only supports HTTP.
[28/May/2026 21:28:27] code 400, message Bad request version ('\xc0\\x13\xc0')
[28/May/2026 21:28:27] You're accessing the development server over HTTPS, but it only supports HTTP.
[28/May/2026 21:28:27] code 400, message Bad request version ('\xc0\\x13\xc0')
[28/May/2026 21:28:27] You're accessing the development server over HTTPS, but it only supports HTTP.
[28/May/2026 21:28:27] code 400, message Bad request version ('\xc0\\x13\xc0')
[28/May/2026 21:28:27] You're accessing the development server over HTTPS, but it only supports HTTP.
[28/May/2026 21:28:27] code 400, message Bad request version ('\xc0\\x13\xc0')
[28/May/2026 21:28:27] You're accessing the development server over HTTPS, but it only supports HTTP.
[28/May/2026 21:28:27] code 400, message Bad request version ('\xc0\\x13\xc0')
[28/May/2026 21:28:27] You're accessing the development server over HTTPS, but it only supports HTTP.
[28/May/2026 21:28:27] code 400, message Bad request version ('\xc0\\x13\xc0')
[28/May/2026 21:28:27] You're accessing the development server over HTTPS, but it only supports HTTP.
[28/May/2026 21:28:27] code 400, message Bad request version ('\xc5')
[28/May/2026 21:28:27] You're accessing the development server over HTTPS, but it only supports HTTP.
[28/May/2026 21:28:27] code 400, message Bad request version ('\xc0\\x13\xc0')
[28/May/2026 21:28:27] You're accessing the development server over HTTPS, but it only supports HTTP.
[28/May/2026 21:28:27] code 400, message Bad request version ('\xc0\\x13\xc0')
[28/May/2026 21:28:27] You're accessing the development server over HTTPS, but it only supports HTTP.
[28/May/2026 21:28:27] code 400, message Bad request version ('\xc0\\x13\xc0')
[28/May/2026 21:28:27] You're accessing the development server over HTTPS, but it only supports HTTP.
[28/May/2026 21:28:27] code 400, message Bad request version ('\xc0\\x13\xc0')
[28/May/2026 21:28:27] You're accessing the development server over HTTPS, but it only supports HTTP.
[28/May/2026 21:28:27] code 400, message Bad request version ('\xc0\\x13\xc0')
[28/May/2026 21:28:27] You're accessing the development server over HTTPS, but it only supports HTTP.
[28/May/2026 21:28:27] code 400, message Bad request version ('\xc0\\x13\xc0')
[28/May/2026 21:28:27] You're accessing the development server over HTTPS, but it only supports HTTP.
[28/May/2026 21:28:27] code 400, message Bad request version ('\xc0\\x13\xc0')
[28/May/2026 21:28:27] You're accessing the development server over HTTPS, but it only supports HTTP.
[28/May/2026 21:28:27] code 400, message Bad request version ('\xc0\\x13\xc0')
[28/May/2026 21:28:27] You're accessing the development server over HTTPS, but it only supports HTTP.
[28/May/2026 21:28:27] code 400, message Bad request version ('\xc0\\x13\xc0')
[28/May/2026 21:28:27] You're accessing the development server over HTTPS, but it only supports HTTP.
[28/May/2026 21:28:27] code 400, message Bad request version ('\xc0\\x13\xc0')
[28/May/2026 21:28:27] You're accessing the development server over HTTPS, but it only supports HTTP.
[28/May/2026 21:28:27] code 400, message Bad request version ('\xc0\\x13\xc0')
[28/May/2026 21:28:27] You're accessing the development server over HTTPS, but it only supports HTTP.
[28/May/2026 21:28:27] code 400, message Bad request version ('\xc0\\x13\xc0')
[28/May/2026 21:28:27] You're accessing the development server over HTTPS, but it only supports HTTP.
[28/May/2026 21:28:27] code 400, message Bad request version ('\xca)\xb6Q\\x1a\xb7\xef\xca\xde\\x11d')
[28/May/2026 21:28:27] You're accessing the development server over HTTPS, but it only supports HTTP.
[28/May/2026 21:28:27] code 400, message Bad request version ('\xc0\\x13\xc0')
[28/May/2026 21:28:27] You're accessing the development server over HTTPS, but it only supports HTTP.
[28/May/2026 21:28:27] code 400, message Bad request version ('\xc0\\x13\xc0')
[28/May/2026 21:28:27] You're accessing the development server over HTTPS, but it only supports HTTP.
[28/May/2026 21:28:27] code 400, message Bad request version ('\xc0\\x13\xc0')
[28/May/2026 21:28:27] You're accessing the development server over HTTPS, but it only supports HTTP.
[28/May/2026 21:28:27] code 400, message Bad request version ('\xc0\\x13\xc0')
[28/May/2026 21:28:27] You're accessing the development server over HTTPS, but it only supports HTTP.
[28/May/2026 21:28:27] code 400, message Bad request version ('\xc0\\x13\xc0')
[28/May/2026 21:28:27] You're accessing the development server over HTTPS, but it only supports HTTP.
[28/May/2026 21:28:27] code 400, message Bad request version ('\xc0\\x13\xc0')
[28/May/2026 21:28:27] You're accessing the development server over HTTPS, but it only supports HTTP.
[28/May/2026 21:28:27] code 400, message Bad request version ('\xc0\\x13\xc0')
[28/May/2026 21:28:27] You're accessing the development server over HTTPS, but it only supports HTTP.
[28/May/2026 21:28:28] code 400, message Bad request version ('\xc0\\x13\xc0')
[28/May/2026 21:28:28] You're accessing the development server over HTTPS, but it only supports HTTP.
[28/May/2026 21:28:28] code 400, message Bad request version ('\xc0\\x13\xc0')
[28/May/2026 21:28:28] You're accessing the development server over HTTPS, but it only supports HTTP.
[28/May/2026 21:28:28] code 400, message Bad request version ('\xc0\\x13\xc0')
[28/May/2026 21:28:28] You're accessing the development server over HTTPS, but it only supports HTTP.
[28/May/2026 21:28:28] code 400, message Bad request version ('\xc0\\x13\xc0')
[28/May/2026 21:28:28] You're accessing the development server over HTTPS, but it only supports HTTP.
[28/May/2026 21:28:28] code 400, message Bad HTTP/0.9 request type ('\\x16\\x03\\x01\\x00\xea\\x01\\x00\\x00\xe6\\x03\\x03\\\\\\x8cj\xc0\\x94(\xa91+\xbf@n\xd9\xf8')
[28/May/2026 21:28:28] You're accessing the development server over HTTPS, but it only supports HTTP.
[28/May/2026 21:28:28] code 400, message Bad request version ('\xc0\\x13\xc0')
[28/May/2026 21:28:28] You're accessing the development server over HTTPS, but it only supports HTTP.
[28/May/2026 21:28:28] code 400, message Bad request version ('\xc0\\x13\xc0')
[28/May/2026 21:28:28] You're accessing the development server over HTTPS, but it only supports HTTP.
[28/May/2026 21:28:28] code 400, message Bad request version ('\xc0\\x13\xc0')
[28/May/2026 21:28:28] You're accessing the development server over HTTPS, but it only supports HTTP.
[28/May/2026 21:28:28] code 400, message Bad request version ('\xc0\\x13\xc0')
[28/May/2026 21:28:28] You're accessing the development server over HTTPS, but it only supports HTTP.
[28/May/2026 21:28:28] code 400, message Bad request version ('\xc0\\x13\xc0')
[28/May/2026 21:28:28] You're accessing the development server over HTTPS, but it only supports HTTP.
[28/May/2026 21:28:28] code 400, message Bad request version ('\xc0\\x13\xc0')
[28/May/2026 21:28:28] You're accessing the development server over HTTPS, but it only supports HTTP.
[28/May/2026 21:28:28] code 400, message Bad request version ('\xc0\\x13\xc0')
[28/May/2026 21:28:28] You're accessing the development server over HTTPS, but it only supports HTTP.
[28/May/2026 21:28:28] code 400, message Bad HTTP/0.9 request type ('\\x16\\x03\\x01\\x00\xea\\x01\\x00\\x00\xe6\\x03\\x03\\x96')
[28/May/2026 21:28:28] You're accessing the development server over HTTPS, but it only supports HTTP.
[28/May/2026 21:28:28] code 400, message Bad request version ('\xc0\\x13\xc0')
[28/May/2026 21:28:28] You're accessing the development server over HTTPS, but it only supports HTTP.
[28/May/2026 21:28:28] code 400, message Bad request version ('\xc0\\x13\xc0')
[28/May/2026 21:28:28] You're accessing the development server over HTTPS, but it only supports HTTP.
[28/May/2026 21:28:28] code 400, message Bad request version ('\xc0\\x13\xc0')
[28/May/2026 21:28:28] You're accessing the development server over HTTPS, but it only supports HTTP.
[28/May/2026 21:28:28] code 400, message Bad request version ('\xc0\\x13\xc0')
[28/May/2026 21:28:28] You're accessing the development server over HTTPS, but it only supports HTTP.
[28/May/2026 21:28:28] code 400, message Bad request version ('\xc0\\x13\xc0')
[28/May/2026 21:28:28] You're accessing the development server over HTTPS, but it only supports HTTP.
[28/May/2026 21:28:28] code 400, message Bad request version ('\xc0\\x13\xc0')
[28/May/2026 21:28:28] You're accessing the development server over HTTPS, but it only supports HTTP.
[28/May/2026 21:28:28] code 400, message Bad request version ('\xc0\\x13\xc0')
[28/May/2026 21:28:28] You're accessing the development server over HTTPS, but it only supports HTTP.
[28/May/2026 21:28:28] code 400, message Bad request version ('t\xc8h\xe8np\xbe\\x82\\x9a\\x07]\xd1\\x89')
[28/May/2026 21:28:28] You're accessing the development server over HTTPS, but it only supports HTTP.
[28/May/2026 21:28:28] code 400, message Bad request version ('\xc0\\x13\xc0')
[28/May/2026 21:28:28] You're accessing the development server over HTTPS, but it only supports HTTP.
[28/May/2026 21:28:28] code 400, message Bad request version ('\xc0\\x13\xc0')
[28/May/2026 21:28:28] You're accessing the development server over HTTPS, but it only supports HTTP.
[28/May/2026 21:28:28] code 400, message Bad request version (';/\xe4\xc2\xd2lc')
[28/May/2026 21:28:28] You're accessing the development server over HTTPS, but it only supports HTTP.
[28/May/2026 21:28:28] code 400, message Bad request syntax ('\\x16\\x03\\x01\\x00\xea\\x01\\x00\\x00\xe6\\x03\\x03\xb5')
[28/May/2026 21:28:28] You're accessing the development server over HTTPS, but it only supports HTTP.
[28/May/2026 21:28:28] code 400, message Bad request version ('\xc0\\x13\xc0')
[28/May/2026 21:28:28] You're accessing the development server over HTTPS, but it only supports HTTP.
[28/May/2026 21:28:28] code 400, message Bad request version ('\xc0\\x13\xc0')
[28/May/2026 21:28:28] You're accessing the development server over HTTPS, but it only supports HTTP.
[28/May/2026 21:28:28] code 400, message Bad request version ('\\x1bMr\xa9\\x80S\xcamHd|9\xe6\xdb+6\xbe')
[28/May/2026 21:28:28] You're accessing the development server over HTTPS, but it only supports HTTP.
[28/May/2026 21:28:28] code 400, message Bad request version ('\xc0\\x13\xc0')
[28/May/2026 21:28:28] You're accessing the development server over HTTPS, but it only supports HTTP.
[28/May/2026 21:28:28] code 400, message Bad request version ('\xfe\\x8c\xbc')
[28/May/2026 21:28:28] You're accessing the development server over HTTPS, but it only supports HTTP.
[28/May/2026 21:28:28] code 400, message Bad HTTP/0.9 request type ('\\x16\\x03\\x01\\x00\xea\\x01\\x00\\x00\xe6\\x03\\x03\\x8c\xb9\xf3\xee\xf0{\\x95r\xae2D*f\xc6\xbdm')
[28/May/2026 21:28:28] You're accessing the development server over HTTPS, but it only supports HTTP.
[28/May/2026 21:28:28] code 400, message Bad request version ('\xc0\\x13\xc0')
[28/May/2026 21:28:28] You're accessing the development server over HTTPS, but it only supports HTTP.
[28/May/2026 21:28:28] code 400, message Bad request version ('\xc0\\x13\xc0')
[28/May/2026 21:28:28] You're accessing the development server over HTTPS, but it only supports HTTP.
[28/May/2026 21:28:28] code 400, message Bad request version ('\xc0\\x13\xc0')
[28/May/2026 21:28:28] You're accessing the development server over HTTPS, but it only supports HTTP.
[28/May/2026 21:28:28] code 400, message Bad request version ('\xc0\\x13\xc0')
[28/May/2026 21:28:28] You're accessing the development server over HTTPS, but it only supports HTTP.
[28/May/2026 21:28:28] code 400, message Bad request version ('\xc0\\x13\xc0')
[28/May/2026 21:28:28] You're accessing the development server over HTTPS, but it only supports HTTP.
[28/May/2026 21:28:28] code 400, message Bad request version ('\xc0\\x13\xc0')
[28/May/2026 21:28:28] You're accessing the development server over HTTPS, but it only supports HTTP.
[28/May/2026 21:28:28] code 400, message Bad request version ('\xc0\\x13\xc0')
[28/May/2026 21:28:28] You're accessing the development server over HTTPS, but it only supports HTTP.
[28/May/2026 21:28:28] code 400, message Bad request version ('\xc0\\x13\xc0')
[28/May/2026 21:28:28] You're accessing the development server over HTTPS, but it only supports HTTP.
[28/May/2026 21:28:28] code 400, message Bad request version ('\xc0\\x13\xc0')
[28/May/2026 21:28:28] You're accessing the development server over HTTPS, but it only supports HTTP.
[28/May/2026 21:28:28] code 400, message Bad request version ('\xc0\\x13\xc0')
[28/May/2026 21:28:28] You're accessing the development server over HTTPS, but it only supports HTTP.
[28/May/2026 21:28:28] code 400, message Bad request version ('\xc0\\x13\xc0')
[28/May/2026 21:28:28] You're accessing the development server over HTTPS, but it only supports HTTP.
[28/May/2026 21:28:28] code 400, message Bad request syntax ('\\x16\\x03\\x01\\x00\xea\\x01\\x00\\x00\xe6\\x03\\x03')
[28/May/2026 21:28:28] You're accessing the development server over HTTPS, but it only supports HTTP.
[28/May/2026 21:28:28] code 400, message Bad request version ('\xc0\\x13\xc0')
[28/May/2026 21:28:28] You're accessing the development server over HTTPS, but it only supports HTTP.
[28/May/2026 21:28:28] code 400, message Bad request version ('\\x11')
[28/May/2026 21:28:28] You're accessing the development server over HTTPS, but it only supports HTTP.
[28/May/2026 21:28:28] code 400, message Bad request version ('\xc0\\x13\xc0')
[28/May/2026 21:28:28] You're accessing the development server over HTTPS, but it only supports HTTP.
[28/May/2026 21:28:28] code 400, message Bad request version ('\xc0\\x13\xc0')
[28/May/2026 21:28:28] You're accessing the development server over HTTPS, but it only supports HTTP.
[28/May/2026 21:28:28] code 400, message Bad request version ('\xc0\\x13\xc0')
[28/May/2026 21:28:28] You're accessing the development server over HTTPS, but it only supports HTTP.
[28/May/2026 21:28:28] code 400, message Bad request version ('\xc0\\x13\xc0')
[28/May/2026 21:28:28] You're accessing the development server over HTTPS, but it only supports HTTP.
[28/May/2026 21:28:28] code 400, message Bad request syntax ('\\x16\\x03\\x01\\x00\xea\\x01\\x00\\x00\xe6\\x03\\x034!\\x05\xcc\xc2\\x0e\\x0f\xdb\\\\\\x80\\x11\xdc:\xfe\xc0\\x9f:L\\x96)A\xd4\\x08\xd6\xc1\xc6')
[28/May/2026 21:28:28] You're accessing the development server over HTTPS, but it only supports HTTP.
[28/May/2026 21:28:28] code 400, message Bad request syntax ('\\x16\\x03\\x01\\x00\xea\\x01\\x00\\x00\xe6\\x03\\x03{\xfc\xdc\\x0f\xe3/14h-\xe5\xef\\x02J\xc2Y\xb1m>')
[28/May/2026 21:28:28] You're accessing the development server over HTTPS, but it only supports HTTP.
[28/May/2026 21:28:28] code 400, message Bad request version ('\xc0\\x13\xc0')
[28/May/2026 21:28:28] You're accessing the development server over HTTPS, but it only supports HTTP.
[28/May/2026 21:28:28] code 400, message Bad request version ('\xc0\\x13\xc0')
[28/May/2026 21:28:28] You're accessing the development server over HTTPS, but it only supports HTTP.
[28/May/2026 21:28:28] code 400, message Bad request version ('\xc0\\x13\xc0')
[28/May/2026 21:28:28] You're accessing the development server over HTTPS, but it only supports HTTP.
[28/May/2026 21:28:28] code 400, message Bad request version ('\xc0\\x13\xc0')
[28/May/2026 21:28:28] You're accessing the development server over HTTPS, but it only supports HTTP.
[28/May/2026 21:28:28] code 400, message Bad request version ('\xc0\\x13\xc0')
[28/May/2026 21:28:28] You're accessing the development server over HTTPS, but it only supports HTTP.
[28/May/2026 21:28:28] code 400, message Bad request version ('\xc0\\x13\xc0')
[28/May/2026 21:28:28] You're accessing the development server over HTTPS, but it only supports HTTP.
Not Found: /actuator/heapdump
Not Found: /actuator/env
[28/May/2026 21:28:28] "GET /actuator/heapdump HTTP/1.1" 404 2381
[28/May/2026 21:28:28] "GET /actuator/env HTTP/1.1" 404 2366
Not Found: /actuator/configprops
[28/May/2026 21:28:28] "GET /actuator/configprops HTTP/1.1" 404 2390
[28/May/2026 21:28:28] code 400, message Bad request version ('\xc0\\x13\xc0')
[28/May/2026 21:28:28] You're accessing the development server over HTTPS, but it only supports HTTP.
[28/May/2026 21:28:28] code 400, message Bad request version ('\xc0\\x13\xc0')
[28/May/2026 21:28:28] You're accessing the development server over HTTPS, but it only supports HTTP.
[28/May/2026 21:28:28] code 400, message Bad request version ('#\xb5\\x15+\\x19t\xa1\\x1b\xf3+\\x80\xb0g\\x99\xca\xff')
[28/May/2026 21:28:28] You're accessing the development server over HTTPS, but it only supports HTTP.
Not Found: /actuator/logfile
[28/May/2026 21:28:28] "GET /actuator/logfile HTTP/1.1" 404 2378
[28/May/2026 21:28:28] code 400, message Bad request version ('\xc0\\x13\xc0')
[28/May/2026 21:28:28] You're accessing the development server over HTTPS, but it only supports HTTP.
Not Found: /actuator/auditevents
Not Found: /actuator/dump
[28/May/2026 21:28:28] "GET /actuator/auditevents HTTP/1.1" 404 2390
[28/May/2026 21:28:28] "GET /actuator/dump HTTP/1.1" 404 2369
Not Found: /actuator/trace
Not Found: /actuator/threaddump
[28/May/2026 21:28:28] code 400, message Bad request version ('\xc0\\x13\xc0')
[28/May/2026 21:28:28] You're accessing the development server over HTTPS, but it only supports HTTP.
[28/May/2026 21:28:28] "GET /actuator/threaddump HTTP/1.1" 404 2387
[28/May/2026 21:28:28] "GET /actuator/trace HTTP/1.1" 404 2372
[28/May/2026 21:28:28] code 400, message Bad request version ('\xc0\\x13\xc0')
[28/May/2026 21:28:28] You're accessing the development server over HTTPS, but it only supports HTTP.
Not Found: /actuator/httptrace
[28/May/2026 21:28:28] "GET /actuator/httptrace HTTP/1.1" 404 2384
[28/May/2026 21:28:28] code 400, message Bad request version ('\\x94\\x18`\xf5*:uZD\xa6\\x9d\xea\\x97p\xae\\x13W\\x7f,\xcd\xe9\xb9')
[28/May/2026 21:28:28] You're accessing the development server over HTTPS, but it only supports HTTP.
Not Found: /configprops
[28/May/2026 21:28:28] "GET /configprops HTTP/1.1" 404 2363
Not Found: /actuator/sessions
[28/May/2026 21:28:28] "GET /actuator/sessions HTTP/1.1" 404 2381
[28/May/2026 21:28:28] code 400, message Bad request version ('\xc0\\x13\xc0')
[28/May/2026 21:28:28] You're accessing the development server over HTTPS, but it only supports HTTP.
[28/May/2026 21:28:28] code 400, message Bad request version ('\xc0\\x13\xc0')
[28/May/2026 21:28:28] You're accessing the development server over HTTPS, but it only supports HTTP.
[28/May/2026 21:28:28] code 400, message Bad request version ('\xc0\\x13\xc0')
[28/May/2026 21:28:28] You're accessing the development server over HTTPS, but it only supports HTTP.
[28/May/2026 21:28:28] code 400, message Bad request version ('Z\xa4\xcd\xd3\xc6')
[28/May/2026 21:28:28] You're accessing the development server over HTTPS, but it only supports HTTP.
Not Found: /heapdump
[28/May/2026 21:28:28] "GET /heapdump HTTP/1.1" 404 2354
Not Found: /env
[28/May/2026 21:28:28] "GET /env HTTP/1.1" 404 2339
Not Found: /trace
[28/May/2026 21:28:28] "GET /trace HTTP/1.1" 404 2345
[28/May/2026 21:28:28] code 400, message Bad request version ('t\xd3\\x9c\xea\\\\rv\xcb\\x02\xdb\xa6\xd8#\xe9')
[28/May/2026 21:28:28] You're accessing the development server over HTTPS, but it only supports HTTP.
Not Found: /dump
[28/May/2026 21:28:28] code 400, message Bad request version ('\xc0\\x13\xc0')
[28/May/2026 21:28:28] You're accessing the development server over HTTPS, but it only supports HTTP.
[28/May/2026 21:28:28] "GET /dump HTTP/1.1" 404 2342
Not Found: /logfile
[28/May/2026 21:28:28] "GET /logfile HTTP/1.1" 404 2351
[28/May/2026 21:28:28] code 400, message Bad HTTP/0.9 request type ('\\x16\\x03\\x01\\x00\xea\\x01\\x00\\x00\xe6\\x03\\x03\xef\\x8c\xb1')
[28/May/2026 21:28:28] You're accessing the development server over HTTPS, but it only supports HTTP.
Not Found: /api/actuator/env
[28/May/2026 21:28:28] "GET /api/actuator/env HTTP/1.1" 404 2378
[28/May/2026 21:28:28] code 400, message Bad request version ('\xc0\\x13\xc0')
[28/May/2026 21:28:28] You're accessing the development server over HTTPS, but it only supports HTTP.
Not Found: /api/actuator/heapdump
[28/May/2026 21:28:28] "GET /api/actuator/heapdump HTTP/1.1" 404 2393
Not Found: /threaddump
[28/May/2026 21:28:28] "GET /threaddump HTTP/1.1" 404 2360
[28/May/2026 21:28:28] code 400, message Bad request version ('\xc0\\x13\xc0')
[28/May/2026 21:28:28] You're accessing the development server over HTTPS, but it only supports HTTP.
Not Found: /api/actuator/configprops
[28/May/2026 21:28:28] "GET /api/actuator/configprops HTTP/1.1" 404 2402
Not Found: /api/heapdump
[28/May/2026 21:28:28] "GET /api/heapdump HTTP/1.1" 404 2366
Not Found: /api/actuator/logfile
[28/May/2026 21:28:28] "GET /api/actuator/logfile HTTP/1.1" 404 2390
[28/May/2026 21:28:28] code 400, message Bad request syntax ('\\x16\\x03\\x01\\x00\xea\\x01\\x00\\x00\xe6\\x03\\x03\xe6')
[28/May/2026 21:28:28] You're accessing the development server over HTTPS, but it only supports HTTP.
Not Found: /api/env
[28/May/2026 21:28:28] "GET /api/env HTTP/1.1" 404 2351
[28/May/2026 21:28:28] code 400, message Bad request version ('\xc0\\x13\xc0')
[28/May/2026 21:28:28] You're accessing the development server over HTTPS, but it only supports HTTP.
[28/May/2026 21:28:28] code 400, message Bad request version ('\xc0\\x13\xc0')
[28/May/2026 21:28:28] You're accessing the development server over HTTPS, but it only supports HTTP.
Not Found: /api/configprops
[28/May/2026 21:28:28] "GET /api/configprops HTTP/1.1" 404 2375
[28/May/2026 21:28:28] code 400, message Bad request version ('\xc0\\x13\xc0')
[28/May/2026 21:28:28] You're accessing the development server over HTTPS, but it only supports HTTP.
[28/May/2026 21:28:28] code 400, message Bad request version ('\xc0\\x13\xc0')
[28/May/2026 21:28:28] You're accessing the development server over HTTPS, but it only supports HTTP.
Not Found: /app/actuator/env
[28/May/2026 21:28:28] code 400, message Bad request version ('i\xc6\\x1b')
[28/May/2026 21:28:28] You're accessing the development server over HTTPS, but it only supports HTTP.
[28/May/2026 21:28:28] "GET /app/actuator/env HTTP/1.1" 404 2378
Not Found: /app/actuator/configprops
[28/May/2026 21:28:28] "GET /app/actuator/configprops HTTP/1.1" 404 2402
Not Found: /app/actuator/logfile
[28/May/2026 21:28:28] "GET /app/actuator/logfile HTTP/1.1" 404 2390
Not Found: /app/actuator/heapdump
[28/May/2026 21:28:28] "GET /app/actuator/heapdump HTTP/1.1" 404 2393
[28/May/2026 21:28:28] code 400, message Bad request version ('\xa6')
[28/May/2026 21:28:28] You're accessing the development server over HTTPS, but it only supports HTTP.
[28/May/2026 21:28:28] code 400, message Bad request version ('\xc0\\x13\xc0')
[28/May/2026 21:28:28] You're accessing the development server over HTTPS, but it only supports HTTP.
Not Found: /app/heapdump
[28/May/2026 21:28:28] "GET /app/heapdump HTTP/1.1" 404 2366
Not Found: /v1/actuator/heapdump
[28/May/2026 21:28:28] "GET /v1/actuator/heapdump HTTP/1.1" 404 2390
[28/May/2026 21:28:28] code 400, message Bad request version ('\xc0\\x13\xc0')
[28/May/2026 21:28:28] You're accessing the development server over HTTPS, but it only supports HTTP.
Not Found: /v1/actuator/env
[28/May/2026 21:28:28] "GET /v1/actuator/env HTTP/1.1" 404 2375
Not Found: /v1/actuator/configprops
[28/May/2026 21:28:28] "GET /v1/actuator/configprops HTTP/1.1" 404 2399
Not Found: /v2/actuator/heapdump
[28/May/2026 21:28:28] "GET /v2/actuator/heapdump HTTP/1.1" 404 2390
[28/May/2026 21:28:28] code 400, message Bad request version ('\xc0\\x13\xc0')
[28/May/2026 21:28:28] You're accessing the development server over HTTPS, but it only supports HTTP.
[28/May/2026 21:28:28] code 400, message Bad request version ('"\\x1b\\x14\xfc\xa6\\x8f\xfdBw\\x87#{\xfc\xe5~')
[28/May/2026 21:28:28] You're accessing the development server over HTTPS, but it only supports HTTP.
[28/May/2026 21:28:28] code 400, message Bad request version ('\xc0\\x13\xc0')
[28/May/2026 21:28:28] You're accessing the development server over HTTPS, but it only supports HTTP.
[28/May/2026 21:28:28] code 400, message Bad request version ('\xc0\\x13\xc0')
[28/May/2026 21:28:28] You're accessing the development server over HTTPS, but it only supports HTTP.
[28/May/2026 21:28:28] code 400, message Bad request version ('\xc0\\x13\xc0')
[28/May/2026 21:28:28] You're accessing the development server over HTTPS, but it only supports HTTP.
[28/May/2026 21:28:28] code 400, message Bad request version ('\xc0\\x13\xc0')
[28/May/2026 21:28:28] You're accessing the development server over HTTPS, but it only supports HTTP.
[28/May/2026 21:28:28] code 400, message Bad request version ("j'\\x8f")
[28/May/2026 21:28:28] You're accessing the development server over HTTPS, but it only supports HTTP.
Not Found: /v2/actuator/env
[28/May/2026 21:28:28] "GET /v2/actuator/env HTTP/1.1" 404 2375
Not Found: /v2/actuator/configprops
[28/May/2026 21:28:28] "GET /v2/actuator/configprops HTTP/1.1" 404 2399
[28/May/2026 21:28:28] code 400, message Bad request version ('\xc0\\x13\xc0')
[28/May/2026 21:28:28] You're accessing the development server over HTTPS, but it only supports HTTP.
[28/May/2026 21:28:28] code 400, message Bad request version ('\xc0\\x13\xc0')
[28/May/2026 21:28:28] You're accessing the development server over HTTPS, but it only supports HTTP.
[28/May/2026 21:28:28] code 400, message Bad request version ('\xc0\\x13\xc0')
[28/May/2026 21:28:28] You're accessing the development server over HTTPS, but it only supports HTTP.
[28/May/2026 21:28:28] code 400, message Bad request version ('\xc0\\x13\xc0')
[28/May/2026 21:28:28] You're accessing the development server over HTTPS, but it only supports HTTP.
Not Found: /backend/actuator/heapdump
[28/May/2026 21:28:28] "GET /backend/actuator/heapdump HTTP/1.1" 404 2405
Not Found: /backend/actuator/env
[28/May/2026 21:28:28] "GET /backend/actuator/env HTTP/1.1" 404 2390
Not Found: /backend/actuator/configprops
[28/May/2026 21:28:28] code 400, message Bad request version ('\xc0\\x13\xc0')
[28/May/2026 21:28:28] You're accessing the development server over HTTPS, but it only supports HTTP.
[28/May/2026 21:28:28] "GET /backend/actuator/configprops HTTP/1.1" 404 2414
[28/May/2026 21:28:28] code 400, message Bad request version ('\xc0\\x13\xc0')
Not Found: /server/actuator/env
[28/May/2026 21:28:28] You're accessing the development server over HTTPS, but it only supports HTTP.
Not Found: /server/actuator/heapdump
[28/May/2026 21:28:28] "GET /server/actuator/env HTTP/1.1" 404 2387
[28/May/2026 21:28:28] "GET /server/actuator/heapdump HTTP/1.1" 404 2402
[28/May/2026 21:28:28] code 400, message Bad request version ('\\x80\xfb\\x0e')
[28/May/2026 21:28:28] You're accessing the development server over HTTPS, but it only supports HTTP.
[28/May/2026 21:28:28] code 400, message Bad request version ('\xc0\\x13\xc0')
[28/May/2026 21:28:28] You're accessing the development server over HTTPS, but it only supports HTTP.
Not Found: /internal/actuator/env
[28/May/2026 21:28:28] "GET /internal/actuator/env HTTP/1.1" 404 2393
Not Found: /internal/actuator/heapdump
[28/May/2026 21:28:28] "GET /internal/actuator/heapdump HTTP/1.1" 404 2408
Not Found: /.aws/credentials
[28/May/2026 21:28:28] "GET /.aws/credentials HTTP/1.1" 404 2378
[28/May/2026 21:28:28] code 400, message Bad request version ('\xc0\\x13\xc0')
[28/May/2026 21:28:28] You're accessing the development server over HTTPS, but it only supports HTTP.
[28/May/2026 21:28:28] code 400, message Bad request version ('\xe4\xf2\xed\xb8\xfd\xc8\xec\xa1yHH\\x8d\xaa\\x04\xe9\xb7\xf8r=')
[28/May/2026 21:28:28] You're accessing the development server over HTTPS, but it only supports HTTP.
[28/May/2026 21:28:28] code 400, message Bad request version ('\xc0\\x13\xc0')
[28/May/2026 21:28:28] You're accessing the development server over HTTPS, but it only supports HTTP.
Not Found: /.aws/config
[28/May/2026 21:28:28] "GET /.aws/config HTTP/1.1" 404 2363
[28/May/2026 21:28:28] code 400, message Bad request version ('\xc0\\x13\xc0')
[28/May/2026 21:28:28] You're accessing the development server over HTTPS, but it only supports HTTP.
[28/May/2026 21:28:28] code 400, message Bad request version ('\xc0\\x13\xc0')
[28/May/2026 21:28:28] You're accessing the development server over HTTPS, but it only supports HTTP.
[28/May/2026 21:28:28] code 400, message Bad request version ('\xc0\\x13\xc0')
[28/May/2026 21:28:28] You're accessing the development server over HTTPS, but it only supports HTTP.
Not Found: /.azure/credentials
Not Found: /.gcloud/credentials.json
[28/May/2026 21:28:28] "GET /.azure/credentials HTTP/1.1" 404 2384
[28/May/2026 21:28:28] "GET /.gcloud/credentials.json HTTP/1.1" 404 2402
Not Found: /.config/gcloud/credentials.db
[28/May/2026 21:28:28] "GET /.config/gcloud/credentials.db HTTP/1.1" 404 2417
[28/May/2026 21:28:28] code 400, message Bad request version ('\xc5E\\\\\\x17\xb8N\\x1b\xdb\\x10\xca')
[28/May/2026 21:28:28] You're accessing the development server over HTTPS, but it only supports HTTP.
Not Found: /credentials
[28/May/2026 21:28:28] "GET /credentials HTTP/1.1" 404 2363
Not Found: /aws.json
[28/May/2026 21:28:28] "GET /aws.json HTTP/1.1" 404 2354
Not Found: /aws_credentials.json
[28/May/2026 21:28:28] code 400, message Bad request version ('\xc0\\x13\xc0')
[28/May/2026 21:28:29] You're accessing the development server over HTTPS, but it only supports HTTP.
[28/May/2026 21:28:29] "GET /aws_credentials.json HTTP/1.1" 404 2390
Not Found: /service-account.json
[28/May/2026 21:28:29] "GET /service-account.json HTTP/1.1" 404 2390
[28/May/2026 21:28:29] code 400, message Bad request version ('\xc0\\x13\xc0')
[28/May/2026 21:28:29] You're accessing the development server over HTTPS, but it only supports HTTP.
Not Found: /aws-credentials.json
[28/May/2026 21:28:29] "GET /aws-credentials.json HTTP/1.1" 404 2390
[28/May/2026 21:28:29] code 400, message Bad request version ('\xc0\\x13\xc0')
[28/May/2026 21:28:29] You're accessing the development server over HTTPS, but it only supports HTTP.
[28/May/2026 21:28:29] code 400, message Bad request version ('\xc0\\x13\xc0')
[28/May/2026 21:28:29] You're accessing the development server over HTTPS, but it only supports HTTP.
[28/May/2026 21:28:29] code 400, message Bad request version ('\xc0\\x13\xc0')
[28/May/2026 21:28:29] You're accessing the development server over HTTPS, but it only supports HTTP.
[28/May/2026 21:28:29] code 400, message Bad HTTP/0.9 request type ('\\x16\\x03\\x01\\x00\xea\\x01\\x00\\x00\xe6\\x03\\x03\xf9\xce\xc3')
[28/May/2026 21:28:29] You're accessing the development server over HTTPS, but it only supports HTTP.
[28/May/2026 21:28:29] code 400, message Bad request version ('\xc0\\x13\xc0')
[28/May/2026 21:28:29] You're accessing the development server over HTTPS, but it only supports HTTP.
[28/May/2026 21:28:29] code 400, message Bad request version ('\xc0\\x13\xc0')
[28/May/2026 21:28:29] You're accessing the development server over HTTPS, but it only supports HTTP.
[28/May/2026 21:28:29] code 400, message Bad request version ('\xc0\\x13\xc0')
[28/May/2026 21:28:29] You're accessing the development server over HTTPS, but it only supports HTTP.
[28/May/2026 21:28:29] code 400, message Bad request version ('\\x06')
[28/May/2026 21:28:29] You're accessing the development server over HTTPS, but it only supports HTTP.
[28/May/2026 21:28:29] code 400, message Bad request version ('\xc0\\x13\xc0')
[28/May/2026 21:28:29] You're accessing the development server over HTTPS, but it only supports HTTP.
[28/May/2026 21:28:29] code 400, message Bad request version ('\\x1aY\xcc\xa1\xedG\xc7\\x8c\\x13|\\x86i`\xd5\xabS')
[28/May/2026 21:28:29] You're accessing the development server over HTTPS, but it only supports HTTP.
Not Found: /serviceaccount.json
[28/May/2026 21:28:29] "GET /serviceaccount.json HTTP/1.1" 404 2387
[28/May/2026 21:28:29] code 400, message Bad request version ('eS\xdb\xd4^4\\x18\xfd\\x07\xa3\xe4_\xb9-\\x18\xd9f')
[28/May/2026 21:28:29] You're accessing the development server over HTTPS, but it only supports HTTP.
Not Found: /gcp-credentials.json
[28/May/2026 21:28:29] "GET /gcp-credentials.json HTTP/1.1" 404 2390
[28/May/2026 21:28:29] code 400, message Bad request version ('\xc0\\x13\xc0')
[28/May/2026 21:28:29] You're accessing the development server over HTTPS, but it only supports HTTP.
Not Found: /gcp.json
[28/May/2026 21:28:29] "GET /gcp.json HTTP/1.1" 404 2354
Not Found: /firebase-credentials.json
[28/May/2026 21:28:29] "GET /firebase-credentials.json HTTP/1.1" 404 2405
Not Found: /google-credentials.json
[28/May/2026 21:28:29] "GET /google-credentials.json HTTP/1.1" 404 2399
[28/May/2026 21:28:29] code 400, message Bad request version ('\xc0\\x13\xc0')
[28/May/2026 21:28:29] You're accessing the development server over HTTPS, but it only supports HTTP.
Not Found: /cloud.json
[28/May/2026 21:28:29] "GET /cloud.json HTTP/1.1" 404 2360
[28/May/2026 21:28:29] code 400, message Bad request version ('\xc0\\x13\xc0')
[28/May/2026 21:28:29] You're accessing the development server over HTTPS, but it only supports HTTP.
[28/May/2026 21:28:29] code 400, message Bad request version ('\xc0\\x13\xc0')
[28/May/2026 21:28:29] You're accessing the development server over HTTPS, but it only supports HTTP.
Not Found: /firebase-adminsdk.json
[28/May/2026 21:28:29] "GET /firebase-adminsdk.json HTTP/1.1" 404 2396
Not Found: /.credentials
[28/May/2026 21:28:29] code 400, message Bad request version ('\\x08\xb8tU\xb9\xe8[\xa8:"H\\x16d\xd9g\\x9dU')
[28/May/2026 21:28:29] You're accessing the development server over HTTPS, but it only supports HTTP.
[28/May/2026 21:28:29] "GET /.credentials HTTP/1.1" 404 2366
Not Found: /config/.aws/credentials
[28/May/2026 21:28:29] "GET /config/.aws/credentials HTTP/1.1" 404 2399
[28/May/2026 21:28:29] code 400, message Bad request version ('\xc0\\x13\xc0')
[28/May/2026 21:28:29] You're accessing the development server over HTTPS, but it only supports HTTP.
Not Found: /config/service-account.json
Not Found: /config/aws.json
[28/May/2026 21:28:29] "GET /config/service-account.json HTTP/1.1" 404 2411
[28/May/2026 21:28:29] "GET /config/aws.json HTTP/1.1" 404 2375
[28/May/2026 21:28:29] code 400, message Bad request version ('\xc0\\x13\xc0')
[28/May/2026 21:28:29] You're accessing the development server over HTTPS, but it only supports HTTP.
[28/May/2026 21:28:29] code 400, message Bad request version ('\xcc\xca\\x18\xb8')
[28/May/2026 21:28:29] You're accessing the development server over HTTPS, but it only supports HTTP.
Not Found: /backend/service-account.json
[28/May/2026 21:28:29] code 400, message Bad request version ('\xc0\\x13\xc0')
[28/May/2026 21:28:29] You're accessing the development server over HTTPS, but it only supports HTTP.
[28/May/2026 21:28:29] "GET /backend/service-account.json HTTP/1.1" 404 2414
Not Found: /api/aws.json
[28/May/2026 21:28:29] "GET /api/aws.json HTTP/1.1" 404 2366
Not Found: /backend/aws.json
[28/May/2026 21:28:29] "GET /backend/aws.json HTTP/1.1" 404 2378
Not Found: /app/service-account.json
[28/May/2026 21:28:29] "GET /app/service-account.json HTTP/1.1" 404 2402
Not Found: /api/credentials.json
[28/May/2026 21:28:29] "GET /api/credentials.json HTTP/1.1" 404 2390
Not Found: /deploy/credentials.json
[28/May/2026 21:28:29] "GET /deploy/credentials.json HTTP/1.1" 404 2399
[28/May/2026 21:28:29] code 400, message Bad request syntax ('\\x16\\x03\\x01\\x00\xea\\x01\\x00\\x00\xe6\\x03\\x03')
[28/May/2026 21:28:29] You're accessing the development server over HTTPS, but it only supports HTTP.
[28/May/2026 21:28:29] code 400, message Bad request version ('\xc0\\x13\xc0')
[28/May/2026 21:28:29] You're accessing the development server over HTTPS, but it only supports HTTP.
[28/May/2026 21:28:29] code 400, message Bad request version ('\\x8dB~\\x9d1T\\x9f\xf0881\xbbD\xbf\xdfJ_\\x00@~\xbe\\x84Q(')
[28/May/2026 21:28:29] You're accessing the development server over HTTPS, but it only supports HTTP.
[28/May/2026 21:28:29] code 400, message Bad request version ('\xc0\\x13\xc0')
[28/May/2026 21:28:29] You're accessing the development server over HTTPS, but it only supports HTTP.
Not Found: /deploy/service-account.json
[28/May/2026 21:28:29] "GET /deploy/service-account.json HTTP/1.1" 404 2411
Not Found: /private/service-account.json
[28/May/2026 21:28:29] code 400, message Bad request version ('\xbe!o\\x89\\x809\xd9')
[28/May/2026 21:28:29] You're accessing the development server over HTTPS, but it only supports HTTP.
[28/May/2026 21:28:29] "GET /private/service-account.json HTTP/1.1" 404 2414
Not Found: /private/credentials.json
[28/May/2026 21:28:29] "GET /private/credentials.json HTTP/1.1" 404 2402
Not Found: /secrets/aws.json
[28/May/2026 21:28:29] "GET /secrets/aws.json HTTP/1.1" 404 2378
[28/May/2026 21:28:29] code 400, message Bad request version ('\xc3\\x0e@\\x7f\xf3\xaad\xe4')
[28/May/2026 21:28:29] You're accessing the development server over HTTPS, but it only supports HTTP.
Not Found: /secrets/gcp.json
[28/May/2026 21:28:29] "GET /secrets/gcp.json HTTP/1.1" 404 2378
[28/May/2026 21:28:29] code 400, message Bad request syntax ('\\x16\\x03\\x01\\x00\xea\\x01\\x00\\x00\xe6\\x03\\x03\xd1\xa2n|\\x15d\\x8d\xfa\xb2\\x84ph\\\\J\xd4\xba\\x02\xb2\\x9fE>\xc3Z\\x91\xe2\xb5\xcd\xca')
[28/May/2026 21:28:29] You're accessing the development server over HTTPS, but it only supports HTTP.
Not Found: /secrets/credentials.json
[28/May/2026 21:28:29] "GET /secrets/credentials.json HTTP/1.1" 404 2402
Not Found: /secrets/azure.json
[28/May/2026 21:28:29] code 400, message Bad request version ('\xc0\\x13\xc0')
[28/May/2026 21:28:29] You're accessing the development server over HTTPS, but it only supports HTTP.
[28/May/2026 21:28:29] "GET /secrets/azure.json HTTP/1.1" 404 2384
Not Found: /info.php
[28/May/2026 21:28:29] "GET /info.php HTTP/1.1" 404 2354
[28/May/2026 21:28:29] code 400, message Bad request version ('\xc0\\x13\xc0')
[28/May/2026 21:28:29] You're accessing the development server over HTTPS, but it only supports HTTP.
Not Found: /php.php
[28/May/2026 21:28:29] "GET /php.php HTTP/1.1" 404 2351
Not Found: /phpinfo.php
[28/May/2026 21:28:29] "GET /phpinfo.php HTTP/1.1" 404 2363
Not Found: /test.php
[28/May/2026 21:28:29] "GET /test.php HTTP/1.1" 404 2354
Not Found: /debug.php
[28/May/2026 21:28:29] "GET /debug.php HTTP/1.1" 404 2357
Not Found: /_profiler/open
[28/May/2026 21:28:29] "GET /_profiler/open HTTP/1.1" 404 2372
[28/May/2026 21:28:29] code 400, message Bad request version ('\xc0\\x13\xc0')
[28/May/2026 21:28:29] You're accessing the development server over HTTPS, but it only supports HTTP.
[28/May/2026 21:28:29] code 400, message Bad request version ('\xc0\\x13\xc0')
[28/May/2026 21:28:29] You're accessing the development server over HTTPS, but it only supports HTTP.
Not Found: /_profiler
[28/May/2026 21:28:29] "GET /_profiler HTTP/1.1" 404 2357
[28/May/2026 21:28:29] code 400, message Bad request version ('\xc0\\x13\xc0')
[28/May/2026 21:28:29] You're accessing the development server over HTTPS, but it only supports HTTP.
Not Found: /phptest.php
[28/May/2026 21:28:29] "GET /phptest.php HTTP/1.1" 404 2363
Not Found: /profiler/phpinfo
[28/May/2026 21:28:29] "GET /profiler/phpinfo HTTP/1.1" 404 2378
Not Found: /_profiler/phpinfo
[28/May/2026 21:28:29] "GET /_profiler/phpinfo HTTP/1.1" 404 2381
Not Found: /profiler
[28/May/2026 21:28:29] code 400, message Bad request version ('\xc0\\x13\xc0')
[28/May/2026 21:28:29] You're accessing the development server over HTTPS, but it only supports HTTP.
[28/May/2026 21:28:29] "GET /profiler HTTP/1.1" 404 2354
[28/May/2026 21:28:29] "GET /admin/phpinfo.php HTTP/1.1" 302 0
[28/May/2026 21:28:29] code 400, message Bad HTTP/0.9 request type ("\\x16\\x03\\x01\\x00\xea\\x01\\x00\\x00\xe6\\x03\\x03x\xdc7tx'\xd2\\x98\xb1-\xdf\xbb$\\x83\\x7f\\x8d\\x82\\x92\\x8c\xa1\\x97\\x87\\x01|G\xd2\xdc\\x84#\xb5\xf79")
[28/May/2026 21:28:29] You're accessing the development server over HTTPS, but it only supports HTTP.
Not Found: /api/phpinfo.php
[28/May/2026 21:28:29] "GET /api/phpinfo.php HTTP/1.1" 404 2375
Not Found: /docker-compose.yml
[28/May/2026 21:28:29] code 400, message Bad request version ('\xc0\\x13\xc0')
[28/May/2026 21:28:29] You're accessing the development server over HTTPS, but it only supports HTTP.
[28/May/2026 21:28:29] "GET /docker-compose.yml HTTP/1.1" 404 2384
[28/May/2026 21:28:29] code 400, message Bad request version ('{\xca{\xec2\\x01y\xf6\xed\xd8O\\x18')
[28/May/2026 21:28:29] You're accessing the development server over HTTPS, but it only supports HTTP.
[28/May/2026 21:28:29] code 400, message Bad request version ('\xc0\\x13\xc0')
[28/May/2026 21:28:29] You're accessing the development server over HTTPS, but it only supports HTTP.
Not Found: /docker-compose.prod.yml
[28/May/2026 21:28:29] "GET /docker-compose.prod.yml HTTP/1.1" 404 2399
[28/May/2026 21:28:29] code 400, message Bad request version ('\xc0\\x13\xc0')
[28/May/2026 21:28:29] You're accessing the development server over HTTPS, but it only supports HTTP.
Not Found: /docker-compose.production.yml
[28/May/2026 21:28:29] "GET /docker-compose.production.yml HTTP/1.1" 404 2417
Not Found: /docker-compose.prod.yaml
[28/May/2026 21:28:29] "GET /docker-compose.prod.yaml HTTP/1.1" 404 2402
Not Found: /docker-compose.yaml
[28/May/2026 21:28:29] "GET /docker-compose.yaml HTTP/1.1" 404 2387
[28/May/2026 21:28:29] code 400, message Bad request version ('\xc0\\x13\xc0')
[28/May/2026 21:28:29] You're accessing the development server over HTTPS, but it only supports HTTP.
[28/May/2026 21:28:29] code 400, message Bad request version ('\xc0\\x13\xc0')
[28/May/2026 21:28:29] You're accessing the development server over HTTPS, but it only supports HTTP.
Not Found: /docker-compose.dev.yml
[28/May/2026 21:28:29] "GET /docker-compose.dev.yml HTTP/1.1" 404 2396
[28/May/2026 21:28:29] code 400, message Bad request version ('\\x83\xf9\xc1\\x9a\xb2\xe6?\\x15v\xab\\x82\xeca\xfc\\x8e\xb1\\x8bV\\x0f')
[28/May/2026 21:28:29] You're accessing the development server over HTTPS, but it only supports HTTP.
[28/May/2026 21:28:29] code 400, message Bad request version ('\xc0\\x13\xc0')
[28/May/2026 21:28:29] You're accessing the development server over HTTPS, but it only supports HTTP.
Not Found: /docker-compose.staging.yml
[28/May/2026 21:28:29] "GET /docker-compose.staging.yml HTTP/1.1" 404 2408
Not Found: /docker-compose.override.yml
[28/May/2026 21:28:29] "GET /docker-compose.override.yml HTTP/1.1" 404 2411
[28/May/2026 21:28:29] code 400, message Bad request version ('\xc0\\x13\xc0')
[28/May/2026 21:28:29] You're accessing the development server over HTTPS, but it only supports HTTP.
Not Found: /docker-compose.local.yml
[28/May/2026 21:28:29] "GET /docker-compose.local.yml HTTP/1.1" 404 2402
Not Found: /Dockerfile
[28/May/2026 21:28:29] "GET /Dockerfile HTTP/1.1" 404 2360
[28/May/2026 21:28:29] code 400, message Bad request version ('\xfeYo')
[28/May/2026 21:28:29] You're accessing the development server over HTTPS, but it only supports HTTP.
[28/May/2026 21:28:29] code 400, message Bad request version ('\xc0\\x13\xc0')
[28/May/2026 21:28:29] You're accessing the development server over HTTPS, but it only supports HTTP.
Not Found: /.docker/config.json
[28/May/2026 21:28:29] "GET /.docker/config.json HTTP/1.1" 404 2387
[28/May/2026 21:28:29] code 400, message Bad request version ('9\xd4\xbe\xe5')
[28/May/2026 21:28:29] You're accessing the development server over HTTPS, but it only supports HTTP.
[28/May/2026 21:28:29] code 400, message Bad request version ('\\x13\xe2\\x8d\\x90')
[28/May/2026 21:28:29] You're accessing the development server over HTTPS, but it only supports HTTP.
[28/May/2026 21:28:29] code 400, message Bad request version ('\xc0\\x13\xc0')
[28/May/2026 21:28:29] You're accessing the development server over HTTPS, but it only supports HTTP.
[28/May/2026 21:28:29] code 400, message Bad HTTP/0.9 request type ('\\x16\\x03\\x01\\x00\xea\\x01\\x00\\x00\xe6\\x03\\x03\xb1m')
[28/May/2026 21:28:29] You're accessing the development server over HTTPS, but it only supports HTTP.
Not Found: /api/docker-compose.yml
[28/May/2026 21:28:29] "GET /api/docker-compose.yml HTTP/1.1" 404 2396
[28/May/2026 21:28:29] code 400, message Bad request version ('\xc0\\x13\xc0')
[28/May/2026 21:28:29] You're accessing the development server over HTTPS, but it only supports HTTP.
[28/May/2026 21:28:29] code 400, message Bad request version ('\xc0\\x13\xc0')
[28/May/2026 21:28:29] You're accessing the development server over HTTPS, but it only supports HTTP.
[28/May/2026 21:28:29] code 400, message Bad request version ('\xc0\\x13\xc0')
[28/May/2026 21:28:29] You're accessing the development server over HTTPS, but it only supports HTTP.
[28/May/2026 21:28:29] code 400, message Bad request version ('\xc0\\x13\xc0')
[28/May/2026 21:28:29] You're accessing the development server over HTTPS, but it only supports HTTP.
[28/May/2026 21:28:29] code 400, message Bad request version ('\xc0\\x13\xc0')
[28/May/2026 21:28:29] You're accessing the development server over HTTPS, but it only supports HTTP.
[28/May/2026 21:28:29] code 400, message Bad request version ('\xc0\\x13\xc0')
[28/May/2026 21:28:29] You're accessing the development server over HTTPS, but it only supports HTTP.
[28/May/2026 21:28:29] code 400, message Bad request version ('\xc0\\x13\xc0')
[28/May/2026 21:28:29] You're accessing the development server over HTTPS, but it only supports HTTP.
[28/May/2026 21:28:29] code 400, message Bad request version ('\xc0\\x13\xc0')
[28/May/2026 21:28:29] You're accessing the development server over HTTPS, but it only supports HTTP.
[28/May/2026 21:28:29] code 400, message Bad request version ('\xc0\\x13\xc0')
[28/May/2026 21:28:29] You're accessing the development server over HTTPS, but it only supports HTTP.
Not Found: /api/docker-compose.prod.yml
[28/May/2026 21:28:29] "GET /api/docker-compose.prod.yml HTTP/1.1" 404 2411
[28/May/2026 21:28:29] code 400, message Bad request version ('\xc0\\x13\xc0')
[28/May/2026 21:28:29] You're accessing the development server over HTTPS, but it only supports HTTP.
[28/May/2026 21:28:29] code 400, message Bad request syntax ('\\x16\\x03\\x01\\x00\xea\\x01\\x00\\x00\xe6\\x03\\x03\xba\xf0\xb3')
[28/May/2026 21:28:29] You're accessing the development server over HTTPS, but it only supports HTTP.
[28/May/2026 21:28:29] code 400, message Bad request version ('\xc0\\x13\xc0')
[28/May/2026 21:28:29] You're accessing the development server over HTTPS, but it only supports HTTP.
Not Found: /app/docker-compose.yml
[28/May/2026 21:28:29] "GET /app/docker-compose.yml HTTP/1.1" 404 2396
[28/May/2026 21:28:29] code 400, message Bad request version ('\xc0\\x13\xc0')
[28/May/2026 21:28:29] You're accessing the development server over HTTPS, but it only supports HTTP.
[28/May/2026 21:28:29] code 400, message Bad request version ('\xc0\\x13\xc0')
[28/May/2026 21:28:29] You're accessing the development server over HTTPS, but it only supports HTTP.
[28/May/2026 21:28:29] code 400, message Bad request version ('\xc0\\x13\xc0')
[28/May/2026 21:28:29] You're accessing the development server over HTTPS, but it only supports HTTP.
Not Found: /app/docker-compose.prod.yml
[28/May/2026 21:28:29] code 400, message Bad request version ('\xd6\\x89\xc4\\x97RN')
[28/May/2026 21:28:29] You're accessing the development server over HTTPS, but it only supports HTTP.
[28/May/2026 21:28:29] code 400, message Bad request version ('\xe6')
[28/May/2026 21:28:29] You're accessing the development server over HTTPS, but it only supports HTTP.
[28/May/2026 21:28:29] "GET /app/docker-compose.prod.yml HTTP/1.1" 404 2411
[28/May/2026 21:28:29] code 400, message Bad request version ('\xc0\\x13\xc0')
[28/May/2026 21:28:29] You're accessing the development server over HTTPS, but it only supports HTTP.
[28/May/2026 21:28:29] code 400, message Bad request version ('\xc0\\x13\xc0')
[28/May/2026 21:28:29] You're accessing the development server over HTTPS, but it only supports HTTP.
[28/May/2026 21:28:29] code 400, message Bad request version ('\xc0\\x13\xc0')
[28/May/2026 21:28:29] You're accessing the development server over HTTPS, but it only supports HTTP.
[28/May/2026 21:28:29] code 400, message Bad request version ('\xc0\\x13\xc0')
[28/May/2026 21:28:29] You're accessing the development server over HTTPS, but it only supports HTTP.
Not Found: /backend/docker-compose.yml
[28/May/2026 21:28:29] "GET /backend/docker-compose.yml HTTP/1.1" 404 2408
[28/May/2026 21:28:29] code 400, message Bad request version ('\xc0\\x13\xc0')
[28/May/2026 21:28:29] You're accessing the development server over HTTPS, but it only supports HTTP.
Not Found: /deploy/docker-compose.yml
[28/May/2026 21:28:29] "GET /deploy/docker-compose.yml HTTP/1.1" 404 2405
Not Found: /backend/docker-compose.prod.yml
[28/May/2026 21:28:29] "GET /backend/docker-compose.prod.yml HTTP/1.1" 404 2423
[28/May/2026 21:28:29] code 400, message Bad request version ('\xc0\\x13\xc0')
[28/May/2026 21:28:29] You're accessing the development server over HTTPS, but it only supports HTTP.
Not Found: /deploy/docker-compose.prod.yml
[28/May/2026 21:28:29] "GET /deploy/docker-compose.prod.yml HTTP/1.1" 404 2420
[28/May/2026 21:28:29] code 400, message Bad request version ('\xc0\\x13\xc0')
[28/May/2026 21:28:29] You're accessing the development server over HTTPS, but it only supports HTTP.
[28/May/2026 21:28:29] code 400, message Bad request version ('\\x08\\x01M~\xf4J\\x8f')
[28/May/2026 21:28:29] You're accessing the development server over HTTPS, but it only supports HTTP.
[28/May/2026 21:28:29] code 400, message Bad request version ('\xc0\\x13\xc0')
[28/May/2026 21:28:29] You're accessing the development server over HTTPS, but it only supports HTTP.
[28/May/2026 21:28:29] code 400, message Bad request version ('\xc0\\x13\xc0')
[28/May/2026 21:28:29] You're accessing the development server over HTTPS, but it only supports HTTP.
[28/May/2026 21:28:29] code 400, message Bad request version ('\xc0\\x13\xc0')
[28/May/2026 21:28:29] You're accessing the development server over HTTPS, but it only supports HTTP.
[28/May/2026 21:28:29] code 400, message Bad request version ('\xc0\\x13\xc0')
[28/May/2026 21:28:29] You're accessing the development server over HTTPS, but it only supports HTTP.
[28/May/2026 21:28:29] code 400, message Bad request version ('\xc0\\x13\xc0')
[28/May/2026 21:28:29] You're accessing the development server over HTTPS, but it only supports HTTP.
Not Found: /infra/docker-compose.yml
[28/May/2026 21:28:29] "GET /infra/docker-compose.yml HTTP/1.1" 404 2402
[28/May/2026 21:28:29] code 400, message Bad request version ('\xc0\\x13\xc0')
[28/May/2026 21:28:29] You're accessing the development server over HTTPS, but it only supports HTTP.
Not Found: /infrastructure/docker-compose.yml
[28/May/2026 21:28:29] "GET /infrastructure/docker-compose.yml HTTP/1.1" 404 2429
[28/May/2026 21:28:29] code 400, message Bad request version ('\\x05i\\x8f')
[28/May/2026 21:28:29] You're accessing the development server over HTTPS, but it only supports HTTP.
[28/May/2026 21:28:29] code 400, message Bad request version ('\xc0\\x13\xc0')
[28/May/2026 21:28:29] You're accessing the development server over HTTPS, but it only supports HTTP.
Not Found: /devops/docker-compose.yml
[28/May/2026 21:28:29] "GET /devops/docker-compose.yml HTTP/1.1" 404 2405
[28/May/2026 21:28:29] code 400, message Bad request version ('\xc0\\x13\xc0')
[28/May/2026 21:28:29] You're accessing the development server over HTTPS, but it only supports HTTP.
[28/May/2026 21:28:29] code 400, message Bad request version ('\xc0\\x13\xc0')
[28/May/2026 21:28:29] You're accessing the development server over HTTPS, but it only supports HTTP.
[28/May/2026 21:28:29] code 400, message Bad request version ('\xc0\\x13\xc0')
[28/May/2026 21:28:29] You're accessing the development server over HTTPS, but it only supports HTTP.
[28/May/2026 21:28:29] code 400, message Bad request version ('\xc0\\x13\xc0')
[28/May/2026 21:28:29] You're accessing the development server over HTTPS, but it only supports HTTP.
Not Found: /services/docker-compose.yml
[28/May/2026 21:28:29] "GET /services/docker-compose.yml HTTP/1.1" 404 2411
[28/May/2026 21:28:30] code 400, message Bad HTTP/0.9 request type ('\\x16\\x03\\x01\\x00\xea\\x01\\x00\\x00\xe6\\x03\\x03\\x15\\x86\xd1CKi\\x90A?"\xc2p`o\xd0{\xdc\xa6\\x01u;\xc4\\x12\\x01\xbe4\\x11(\xdd\xe9\xac\xbf')
[28/May/2026 21:28:30] You're accessing the development server over HTTPS, but it only supports HTTP.
[28/May/2026 21:28:30] code 400, message Bad request version ('\xc0\\x13\xc0')
[28/May/2026 21:28:30] You're accessing the development server over HTTPS, but it only supports HTTP.
[28/May/2026 21:28:30] code 400, message Bad request version ('\\x8f\xb0\\x08\xb2Q\\x8c\xbb\\x05\xed\xcc\xb5KU\xea\xae\\x08\\x00\xcf\xc5\xaa\\x96\xcc\\x97\\x06\\x9d')
[28/May/2026 21:28:30] You're accessing the development server over HTTPS, but it only supports HTTP.
[28/May/2026 21:28:30] code 400, message Bad request version ('\xc0\\x13\xc0')
[28/May/2026 21:28:30] You're accessing the development server over HTTPS, but it only supports HTTP.
[28/May/2026 21:28:30] code 400, message Bad request version ('\xc0\\x13\xc0')
[28/May/2026 21:28:30] You're accessing the development server over HTTPS, but it only supports HTTP.
[28/May/2026 21:28:30] code 400, message Bad request version ('\xc0\\x13\xc0')
[28/May/2026 21:28:30] You're accessing the development server over HTTPS, but it only supports HTTP.
[28/May/2026 21:28:30] code 400, message Bad request version ('\xc0\\x13\xc0')
[28/May/2026 21:28:30] You're accessing the development server over HTTPS, but it only supports HTTP.
Not Found: /server/docker-compose.yml
[28/May/2026 21:28:30] code 400, message Bad request version ('\xc0\\x13\xc0')
[28/May/2026 21:28:30] You're accessing the development server over HTTPS, but it only supports HTTP.
[28/May/2026 21:28:30] "GET /server/docker-compose.yml HTTP/1.1" 404 2405
[28/May/2026 21:28:30] code 400, message Bad request version ('\xc0\\x13\xc0')
[28/May/2026 21:28:30] You're accessing the development server over HTTPS, but it only supports HTTP.
[28/May/2026 21:28:30] code 400, message Bad request version ('\xc0\\x13\xc0')
[28/May/2026 21:28:30] You're accessing the development server over HTTPS, but it only supports HTTP.
[28/May/2026 21:28:30] code 400, message Bad request syntax ('\\x16\\x03\\x01\\x00\xea\\x01\\x00\\x00\xe6\\x03\\x03R\xee\\x8bA\xcc\\x1b\\x07|\xae\xf4\\x87\\xad\\x96')
[28/May/2026 21:28:30] You're accessing the development server over HTTPS, but it only supports HTTP.
Not Found: /internal/docker-compose.yml
[28/May/2026 21:28:30] "GET /internal/docker-compose.yml HTTP/1.1" 404 2411
[28/May/2026 21:28:30] code 400, message Bad request version ('\xc0\\x13\xc0')
[28/May/2026 21:28:30] You're accessing the development server over HTTPS, but it only supports HTTP.
[28/May/2026 21:28:30] code 400, message Bad request version ('\xc0\\x13\xc0')
[28/May/2026 21:28:30] You're accessing the development server over HTTPS, but it only supports HTTP.
[28/May/2026 21:28:30] code 400, message Bad request version ('\xc0\\x13\xc0')
[28/May/2026 21:28:30] You're accessing the development server over HTTPS, but it only supports HTTP.
[28/May/2026 21:28:30] code 400, message Bad request version ('\xc0\\x13\xc0')
[28/May/2026 21:28:30] You're accessing the development server over HTTPS, but it only supports HTTP.
[28/May/2026 21:28:30] code 400, message Bad request version ('\xc0\\x13\xc0')
[28/May/2026 21:28:30] You're accessing the development server over HTTPS, but it only supports HTTP.
[28/May/2026 21:28:30] code 400, message Bad request version ('\xc0\\x13\xc0')
[28/May/2026 21:28:30] You're accessing the development server over HTTPS, but it only supports HTTP.
[28/May/2026 21:28:30] code 400, message Bad request version ('\xa2t\xccM\xceZ')
[28/May/2026 21:28:30] You're accessing the development server over HTTPS, but it only supports HTTP.
[28/May/2026 21:28:30] code 400, message Bad request version ('\xc0\\x13\xc0')
[28/May/2026 21:28:30] You're accessing the development server over HTTPS, but it only supports HTTP.
Not Found: /config/docker-compose.yml
[28/May/2026 21:28:30] "GET /config/docker-compose.yml HTTP/1.1" 404 2405
[28/May/2026 21:28:30] code 400, message Bad request version ('\xc0\\x13\xc0')
[28/May/2026 21:28:30] You're accessing the development server over HTTPS, but it only supports HTTP.
Not Found: /docker/docker-compose.yml
[28/May/2026 21:28:30] "GET /docker/docker-compose.yml HTTP/1.1" 404 2405
[28/May/2026 21:28:30] code 400, message Bad request version ('\xc0\\x13\xc0')
[28/May/2026 21:28:30] You're accessing the development server over HTTPS, but it only supports HTTP.
[28/May/2026 21:28:30] code 400, message Bad request version ('\xc0\\x13\xc0')
[28/May/2026 21:28:30] You're accessing the development server over HTTPS, but it only supports HTTP.
[28/May/2026 21:28:30] code 400, message Bad request version ('\xc0\\x13\xc0')
[28/May/2026 21:28:30] You're accessing the development server over HTTPS, but it only supports HTTP.
[28/May/2026 21:28:30] code 400, message Bad request version ('\xc0\\x13\xc0')
[28/May/2026 21:28:30] You're accessing the development server over HTTPS, but it only supports HTTP.
[28/May/2026 21:28:30] code 400, message Bad request version ('\xc0\\x13\xc0')
[28/May/2026 21:28:30] You're accessing the development server over HTTPS, but it only supports HTTP.
Not Found: /docker/docker-compose.prod.yml
[28/May/2026 21:28:30] "GET /docker/docker-compose.prod.yml HTTP/1.1" 404 2420
Not Found: /kubernetes.yml
[28/May/2026 21:28:30] code 400, message Bad HTTP/0.9 request type ("\\x16\\x03\\x01\\x00\xea\\x01\\x00\\x00\xe6\\x03\\x03%\xb4\xe9\xecOdi\xc6\\x98\xbaRI\xdf\xcd\\x14d#\\x16\xc5-\xa7-\xce\xf3\\x9aU4\xb1e*\\x9b'")
[28/May/2026 21:28:30] You're accessing the development server over HTTPS, but it only supports HTTP.
[28/May/2026 21:28:30] "GET /kubernetes.yml HTTP/1.1" 404 2372
Not Found: /kubernetes.yaml
[28/May/2026 21:28:30] "GET /kubernetes.yaml HTTP/1.1" 404 2375
[28/May/2026 21:28:30] code 400, message Bad request version ('\xc0\\x13\xc0')
[28/May/2026 21:28:30] You're accessing the development server over HTTPS, but it only supports HTTP.
[28/May/2026 21:28:30] code 400, message Bad request version ('\xc0\\x13\xc0')
[28/May/2026 21:28:30] You're accessing the development server over HTTPS, but it only supports HTTP.
[28/May/2026 21:28:30] code 400, message Bad request version ('\xc0\\x13\xc0')
[28/May/2026 21:28:30] You're accessing the development server over HTTPS, but it only supports HTTP.
[28/May/2026 21:28:30] code 400, message Bad HTTP/0.9 request type ('\\x16\\x03\\x01\\x00\xea\\x01\\x00\\x00\xe6\\x03\\x03\xec\xa3')
[28/May/2026 21:28:30] You're accessing the development server over HTTPS, but it only supports HTTP.
[28/May/2026 21:28:30] code 400, message Bad request version ('\xc0\\x13\xc0')
[28/May/2026 21:28:30] You're accessing the development server over HTTPS, but it only supports HTTP.
[28/May/2026 21:28:30] code 400, message Bad request version ('\xc0\\x13\xc0')
[28/May/2026 21:28:30] You're accessing the development server over HTTPS, but it only supports HTTP.
[28/May/2026 21:28:30] code 400, message Bad request version ('\xab\\x99\xbf\xfb')
[28/May/2026 21:28:30] You're accessing the development server over HTTPS, but it only supports HTTP.
[28/May/2026 21:28:30] code 400, message Bad request version ('\xc0\\x13\xc0')
[28/May/2026 21:28:30] You're accessing the development server over HTTPS, but it only supports HTTP.
[28/May/2026 21:28:30] code 400, message Bad request version ('\xc0\\x13\xc0')
[28/May/2026 21:28:30] You're accessing the development server over HTTPS, but it only supports HTTP.
Not Found: /k8s.yaml
Not Found: /k8s.yml
[28/May/2026 21:28:30] "GET /k8s.yml HTTP/1.1" 404 2351
[28/May/2026 21:28:30] code 400, message Bad request version ('\xc0\\x13\xc0')
[28/May/2026 21:28:30] You're accessing the development server over HTTPS, but it only supports HTTP.
[28/May/2026 21:28:30] "GET /k8s.yaml HTTP/1.1" 404 2354
[28/May/2026 21:28:30] code 400, message Bad request version ('\xc0\\x13\xc0')
[28/May/2026 21:28:30] You're accessing the development server over HTTPS, but it only supports HTTP.
[28/May/2026 21:28:30] code 400, message Bad request version ('\xc0\\x13\xc0')
[28/May/2026 21:28:30] You're accessing the development server over HTTPS, but it only supports HTTP.
[28/May/2026 21:28:30] code 400, message Bad HTTP/0.9 request type ('\\x16\\x03\\x01\\x00\xea\\x01\\x00\\x00\xe6\\x03\\x033A\xd9lo\xe5')
[28/May/2026 21:28:30] You're accessing the development server over HTTPS, but it only supports HTTP.
[28/May/2026 21:28:30] code 400, message Bad request version ('\xc0\\x13\xc0')
[28/May/2026 21:28:30] You're accessing the development server over HTTPS, but it only supports HTTP.
Not Found: /helm/values.yaml
[28/May/2026 21:28:30] code 400, message Bad request version ('\xf9\xd8\\x93\xe4\xe2\xf5\xecT\\x123c\\x0e\\x99frBe>')
[28/May/2026 21:28:30] You're accessing the development server over HTTPS, but it only supports HTTP.
[28/May/2026 21:28:30] "GET /helm/values.yaml HTTP/1.1" 404 2378
[28/May/2026 21:28:30] code 400, message Bad request version ('\xc0\\x13\xc0')
[28/May/2026 21:28:30] You're accessing the development server over HTTPS, but it only supports HTTP.
[28/May/2026 21:28:30] code 400, message Bad request version ('\xc0\\x13\xc0')
[28/May/2026 21:28:30] You're accessing the development server over HTTPS, but it only supports HTTP.
[28/May/2026 21:28:30] code 400, message Bad request version ('\xc0\\x13\xc0')
[28/May/2026 21:28:30] You're accessing the development server over HTTPS, but it only supports HTTP.
[28/May/2026 21:28:30] code 400, message Bad request version ('\xc0\\x13\xc0')
[28/May/2026 21:28:30] You're accessing the development server over HTTPS, but it only supports HTTP.
[28/May/2026 21:28:30] code 400, message Bad request version ('\xc0\\x13\xc0')
[28/May/2026 21:28:30] You're accessing the development server over HTTPS, but it only supports HTTP.
Not Found: /helm/values.yml
[28/May/2026 21:28:30] "GET /helm/values.yml HTTP/1.1" 404 2375
Not Found: /helm/values-production.yaml
[28/May/2026 21:28:30] "GET /helm/values-production.yaml HTTP/1.1" 404 2411
[28/May/2026 21:28:30] code 400, message Bad request version ('\xb3\xcc\xf9')
[28/May/2026 21:28:30] You're accessing the development server over HTTPS, but it only supports HTTP.
[28/May/2026 21:28:30] code 400, message Bad request version ('\xc0\\x13\xc0')
[28/May/2026 21:28:30] You're accessing the development server over HTTPS, but it only supports HTTP.
Not Found: /terraform.tfvars
Not Found: /terraform.tfstate
[28/May/2026 21:28:30] "GET /terraform.tfvars HTTP/1.1" 404 2378
[28/May/2026 21:28:30] "GET /terraform.tfstate HTTP/1.1" 404 2381
[28/May/2026 21:28:30] code 400, message Bad request version ('\xc0\\x13\xc0')
[28/May/2026 21:28:30] You're accessing the development server over HTTPS, but it only supports HTTP.
Not Found: /.terraform/terraform.tfstate
[28/May/2026 21:28:30] "GET /.terraform/terraform.tfstate HTTP/1.1" 404 2414
Not Found: /infra/terraform.tfvars
[28/May/2026 21:28:30] "GET /infra/terraform.tfvars HTTP/1.1" 404 2396
[28/May/2026 21:28:30] code 400, message Bad request version ('\xc0\\x13\xc0')
[28/May/2026 21:28:30] You're accessing the development server over HTTPS, but it only supports HTTP.
[28/May/2026 21:28:30] code 400, message Bad request version ('\\x8e')
[28/May/2026 21:28:30] You're accessing the development server over HTTPS, but it only supports HTTP.
Not Found: /deploy/terraform.tfvars
[28/May/2026 21:28:30] "GET /deploy/terraform.tfvars HTTP/1.1" 404 2399
[28/May/2026 21:28:30] code 400, message Bad request version ('\xc0\\x13\xc0')
[28/May/2026 21:28:30] You're accessing the development server over HTTPS, but it only supports HTTP.
[28/May/2026 21:28:30] code 400, message Bad request version ('\xc0\\x13\xc0')
[28/May/2026 21:28:30] You're accessing the development server over HTTPS, but it only supports HTTP.
[28/May/2026 21:28:30] code 400, message Bad request version ('\xc0\\x13\xc0')
[28/May/2026 21:28:30] You're accessing the development server over HTTPS, but it only supports HTTP.
[28/May/2026 21:28:30] code 400, message Bad request version ('\xc0\\x13\xc0')
[28/May/2026 21:28:30] You're accessing the development server over HTTPS, but it only supports HTTP.
[28/May/2026 21:28:30] code 400, message Bad request version ('\xc0\\x13\xc0')
[28/May/2026 21:28:30] You're accessing the development server over HTTPS, but it only supports HTTP.
Not Found: /backup.sql
[28/May/2026 21:28:30] "GET /backup.sql HTTP/1.1" 404 2360
[28/May/2026 21:28:30] code 400, message Bad request version ('\xc0\\x13\xc0')
[28/May/2026 21:28:30] You're accessing the development server over HTTPS, but it only supports HTTP.
[28/May/2026 21:28:30] code 400, message Bad request version ('\xc0\\x13\xc0')
[28/May/2026 21:28:30] You're accessing the development server over HTTPS, but it only supports HTTP.
[28/May/2026 21:28:30] code 400, message Bad request version ('\xc0\\x13\xc0')
[28/May/2026 21:28:30] You're accessing the development server over HTTPS, but it only supports HTTP.
Not Found: /dump.sql
[28/May/2026 21:28:30] "GET /dump.sql HTTP/1.1" 404 2354
[28/May/2026 21:28:30] code 400, message Bad request version ('\xc0\\x13\xc0')
[28/May/2026 21:28:30] You're accessing the development server over HTTPS, but it only supports HTTP.
Not Found: /database.sql
[28/May/2026 21:28:30] "GET /database.sql HTTP/1.1" 404 2366
Not Found: /db.sql
[28/May/2026 21:28:30] "GET /db.sql HTTP/1.1" 404 2348
[28/May/2026 21:28:30] code 400, message Bad request version ('\xc0\\x13\xc0')
[28/May/2026 21:28:30] You're accessing the development server over HTTPS, but it only supports HTTP.
[28/May/2026 21:28:30] code 400, message Bad request version ('\xc0\\x13\xc0')
[28/May/2026 21:28:30] You're accessing the development server over HTTPS, but it only supports HTTP.
[28/May/2026 21:28:30] code 400, message Bad request version ('\xc0\\x13\xc0')
[28/May/2026 21:28:30] You're accessing the development server over HTTPS, but it only supports HTTP.
[28/May/2026 21:28:30] code 400, message Bad request version ('\xc0\\x13\xc0')
[28/May/2026 21:28:30] You're accessing the development server over HTTPS, but it only supports HTTP.
[28/May/2026 21:28:30] code 400, message Bad request version ('\xc0\\x13\xc0')
[28/May/2026 21:28:30] You're accessing the development server over HTTPS, but it only supports HTTP.
[28/May/2026 21:28:30] code 400, message Bad request version ('\xc0\\x13\xc0')
[28/May/2026 21:28:30] You're accessing the development server over HTTPS, but it only supports HTTP.
[28/May/2026 21:28:30] code 400, message Bad request version ('\xc0\\x13\xc0')
[28/May/2026 21:28:30] You're accessing the development server over HTTPS, but it only supports HTTP.
Not Found: /mysqldump.sql
[28/May/2026 21:28:30] code 400, message Bad request version ('\xc0\\x13\xc0')
[28/May/2026 21:28:30] You're accessing the development server over HTTPS, but it only supports HTTP.
[28/May/2026 21:28:30] "GET /mysqldump.sql HTTP/1.1" 404 2369
[28/May/2026 21:28:30] code 400, message Bad request version ('\xc0\\x13\xc0')
[28/May/2026 21:28:30] You're accessing the development server over HTTPS, but it only supports HTTP.
[28/May/2026 21:28:30] code 400, message Bad request version ('\xc0\\x13\xc0')
[28/May/2026 21:28:30] You're accessing the development server over HTTPS, but it only supports HTTP.
Not Found: /pg_dump.sql
[28/May/2026 21:28:30] "GET /pg_dump.sql HTTP/1.1" 404 2363
Not Found: /data.sql
[28/May/2026 21:28:30] "GET /data.sql HTTP/1.1" 404 2354
Not Found: /backup.sql.gz
[28/May/2026 21:28:30] "GET /backup.sql.gz HTTP/1.1" 404 2369
[28/May/2026 21:28:30] code 400, message Bad request version ('\xc0\\x13\xc0')
[28/May/2026 21:28:30] You're accessing the development server over HTTPS, but it only supports HTTP.
[28/May/2026 21:28:30] code 400, message Bad request version ('\xc0\\x13\xc0')
[28/May/2026 21:28:30] You're accessing the development server over HTTPS, but it only supports HTTP.
[28/May/2026 21:28:30] code 400, message Bad request version ('-\\x00\\x10\\x81')
[28/May/2026 21:28:30] You're accessing the development server over HTTPS, but it only supports HTTP.
[28/May/2026 21:28:30] code 400, message Bad request version ('\xc0\\x13\xc0')
[28/May/2026 21:28:30] You're accessing the development server over HTTPS, but it only supports HTTP.
[28/May/2026 21:28:30] code 400, message Bad request version ('\xc0\\x13\xc0')
[28/May/2026 21:28:30] You're accessing the development server over HTTPS, but it only supports HTTP.
[28/May/2026 21:28:30] code 400, message Bad request syntax ('\\x16\\x03\\x01\\x00\xea\\x01\\x00\\x00\xe6\\x03\\x03\xfe\xefbMg\xb8\\x11i\\x9a\\x07\\x14O\\x85')
[28/May/2026 21:28:30] You're accessing the development server over HTTPS, but it only supports HTTP.
[28/May/2026 21:28:30] code 400, message Bad request version ('\xc0\\x13\xc0')
[28/May/2026 21:28:30] You're accessing the development server over HTTPS, but it only supports HTTP.
[28/May/2026 21:28:30] code 400, message Bad request version ('-T\xaf\\x92\\x8b\xa2\xf4\\x8b\\x92')
[28/May/2026 21:28:30] You're accessing the development server over HTTPS, but it only supports HTTP.
[28/May/2026 21:28:30] code 400, message Bad request version ('\xc0\\x13\xc0')
[28/May/2026 21:28:30] You're accessing the development server over HTTPS, but it only supports HTTP.
[28/May/2026 21:28:30] code 400, message Bad request version ('\xc0\\x13\xc0')
[28/May/2026 21:28:30] You're accessing the development server over HTTPS, but it only supports HTTP.
[28/May/2026 21:28:30] code 400, message Bad request version ('\xc0\\x13\xc0')
[28/May/2026 21:28:30] You're accessing the development server over HTTPS, but it only supports HTTP.
Not Found: /dump.sql.gz
[28/May/2026 21:28:30] code 400, message Bad request version ('\\x8c\\x02b\\x01\xedYy#\xe2\xfd\\x01\xff')
[28/May/2026 21:28:30] You're accessing the development server over HTTPS, but it only supports HTTP.
[28/May/2026 21:28:30] "GET /dump.sql.gz HTTP/1.1" 404 2363
Not Found: /db.sql.gz
[28/May/2026 21:28:30] "GET /db.sql.gz HTTP/1.1" 404 2357
Not Found: /backup.zip
[28/May/2026 21:28:30] "GET /backup.zip HTTP/1.1" 404 2360
[28/May/2026 21:28:30] code 400, message Bad request version ('\xc0\\x13\xc0')
[28/May/2026 21:28:30] You're accessing the development server over HTTPS, but it only supports HTTP.
[28/May/2026 21:28:30] code 400, message Bad request version ('\xc0\\x13\xc0')
[28/May/2026 21:28:30] You're accessing the development server over HTTPS, but it only supports HTTP.
Not Found: /backup.tar.gz
[28/May/2026 21:28:30] "GET /backup.tar.gz HTTP/1.1" 404 2369
[28/May/2026 21:28:30] code 400, message Bad request version ('\xc0\\x13\xc0')
[28/May/2026 21:28:30] You're accessing the development server over HTTPS, but it only supports HTTP.
Not Found: /dump.zip
[28/May/2026 21:28:30] "GET /dump.zip HTTP/1.1" 404 2354
[28/May/2026 21:28:30] code 400, message Bad request version ('\xc0\\x13\xc0')
[28/May/2026 21:28:30] You're accessing the development server over HTTPS, but it only supports HTTP.
Not Found: /db.zip
[28/May/2026 21:28:30] "GET /db.zip HTTP/1.1" 404 2348
[28/May/2026 21:28:30] code 400, message Bad request version ('\xc0\\x13\xc0')
[28/May/2026 21:28:30] You're accessing the development server over HTTPS, but it only supports HTTP.
[28/May/2026 21:28:30] code 400, message Bad HTTP/0.9 request type ('\\x16\\x03\\x01\\x00\xea\\x01\\x00\\x00\xe6\\x03\\x03\xa6\\x9f\xd6\\x02\xbdV6\\x82b\xed\\x05nF/\xf9')
[28/May/2026 21:28:30] You're accessing the development server over HTTPS, but it only supports HTTP.
[28/May/2026 21:28:30] code 400, message Bad request version ('\xc0\\x13\xc0')
[28/May/2026 21:28:30] You're accessing the development server over HTTPS, but it only supports HTTP.
[28/May/2026 21:28:30] code 400, message Bad request version ('\\x01\\x88\\x92\xb8\xef\\xad\xa3\xa6\\x92\xae*c\xa7\\x19')
[28/May/2026 21:28:30] You're accessing the development server over HTTPS, but it only supports HTTP.
[28/May/2026 21:28:30] code 400, message Bad request version ('\xc0\\x13\xc0')
[28/May/2026 21:28:30] You're accessing the development server over HTTPS, but it only supports HTTP.
[28/May/2026 21:28:30] code 400, message Bad request version ('\xf84\xe3\xa1\\x03\xff\xed^\xa8\xe7R\xcf')
[28/May/2026 21:28:30] You're accessing the development server over HTTPS, but it only supports HTTP.
Not Found: /site.zip
[28/May/2026 21:28:30] "GET /site.zip HTTP/1.1" 404 2354
[28/May/2026 21:28:30] code 400, message Bad request version ('\xc0\\x13\xc0')
[28/May/2026 21:28:30] You're accessing the development server over HTTPS, but it only supports HTTP.
[28/May/2026 21:28:30] code 400, message Bad request version ('\xc0\\x13\xc0')
[28/May/2026 21:28:30] You're accessing the development server over HTTPS, but it only supports HTTP.
[28/May/2026 21:28:30] code 400, message Bad request version ('\xc0\\x13\xc0')
[28/May/2026 21:28:30] You're accessing the development server over HTTPS, but it only supports HTTP.
Not Found: /www.zip
[28/May/2026 21:28:30] "GET /www.zip HTTP/1.1" 404 2351
[28/May/2026 21:28:30] code 400, message Bad request version ('\xc0\\x13\xc0')
[28/May/2026 21:28:30] You're accessing the development server over HTTPS, but it only supports HTTP.
[28/May/2026 21:28:30] code 400, message Bad request version ('\\x92\xf0J(~\\x16\xcbmR\\x84\xb8)\\x99\\x8e')
[28/May/2026 21:28:30] You're accessing the development server over HTTPS, but it only supports HTTP.
Not Found: /web.zip
[28/May/2026 21:28:30] "GET /web.zip HTTP/1.1" 404 2351
[28/May/2026 21:28:30] code 400, message Bad request version ('\xc0\\x13\xc0')
[28/May/2026 21:28:30] You're accessing the development server over HTTPS, but it only supports HTTP.
Not Found: /backup.tar.bz2
Not Found: /sql/dump.sql
Not Found: /sql/backup.sql
[28/May/2026 21:28:30] "GET /backup.tar.bz2 HTTP/1.1" 404 2372
[28/May/2026 21:28:30] "GET /sql/backup.sql HTTP/1.1" 404 2372
[28/May/2026 21:28:30] "GET /sql/dump.sql HTTP/1.1" 404 2366
Not Found: /sql/db.sql
[28/May/2026 21:28:30] "GET /sql/db.sql HTTP/1.1" 404 2360
Not Found: /backup/db.sql
[28/May/2026 21:28:30] "GET /backup/db.sql HTTP/1.1" 404 2369
Not Found: /backups/db.sql
[28/May/2026 21:28:30] "GET /backups/db.sql HTTP/1.1" 404 2372
Not Found: /backup/dump.sql
[28/May/2026 21:28:30] "GET /backup/dump.sql HTTP/1.1" 404 2375
Not Found: /backups/dump.sql
[28/May/2026 21:28:30] "GET /backups/dump.sql HTTP/1.1" 404 2378
Not Found: /tmp/backup.sql
[28/May/2026 21:28:30] "GET /tmp/backup.sql HTTP/1.1" 404 2372
Not Found: /tmp/dump.sql
[28/May/2026 21:28:30] "GET /tmp/dump.sql HTTP/1.1" 404 2366
[28/May/2026 21:28:30] code 400, message Bad request version ('\xc0\\x13\xc0')
[28/May/2026 21:28:30] You're accessing the development server over HTTPS, but it only supports HTTP.
[28/May/2026 21:28:30] code 400, message Bad request version ('\xc0\\x13\xc0')
[28/May/2026 21:28:30] You're accessing the development server over HTTPS, but it only supports HTTP.
[28/May/2026 21:28:30] code 400, message Bad request version ('\xc0\\x13\xc0')
[28/May/2026 21:28:30] You're accessing the development server over HTTPS, but it only supports HTTP.
Not Found: /exports/db.sql
[28/May/2026 21:28:30] code 400, message Bad request version ('\xc0\\x13\xc0')
[28/May/2026 21:28:30] You're accessing the development server over HTTPS, but it only supports HTTP.
[28/May/2026 21:28:30] "GET /exports/db.sql HTTP/1.1" 404 2372
[28/May/2026 21:28:30] code 400, message Bad request version ('\xc0\\x13\xc0')
[28/May/2026 21:28:30] You're accessing the development server over HTTPS, but it only supports HTTP.
[28/May/2026 21:28:30] code 400, message Bad request version ('\xc0\\x13\xc0')
[28/May/2026 21:28:30] You're accessing the development server over HTTPS, but it only supports HTTP.
Not Found: /config.php
[28/May/2026 21:28:30] "GET /config.php HTTP/1.1" 404 2360
[28/May/2026 21:28:31] code 400, message Bad request version ('\xc0\\x13\xc0')
[28/May/2026 21:28:31] You're accessing the development server over HTTPS, but it only supports HTTP.
[28/May/2026 21:28:31] code 400, message Bad request version ('\xc0\\x13\xc0')
[28/May/2026 21:28:31] You're accessing the development server over HTTPS, but it only supports HTTP.
[28/May/2026 21:28:31] code 400, message Bad request version ('4\xe6\xb7\xd6\xb2\\x84\xc6C\xcf\\x7f\xfb\xfbG\\\\')
[28/May/2026 21:28:31] You're accessing the development server over HTTPS, but it only supports HTTP.
Not Found: /config.js
[28/May/2026 21:28:31] "GET /config.js HTTP/1.1" 404 2357
Not Found: /config.yml
[28/May/2026 21:28:31] "GET /config.yml HTTP/1.1" 404 2360
Not Found: /config.json
[28/May/2026 21:28:31] code 400, message Bad HTTP/0.9 request type ('\\x16\\x03\\x01\\x00\xea\\x01\\x00\\x00\xe6\\x03\\x03\\x89\xab3\xd3\xe6\xb4\xca\xaa\\x0fv5\\x89\xcc\\x83\\x0f\xb7\\x91\\x91\xe4\xef\xe0s\\x1a\xbaS\xc5$el\xd5\\x94*')
[28/May/2026 21:28:31] You're accessing the development server over HTTPS, but it only supports HTTP.
[28/May/2026 21:28:31] "GET /config.json HTTP/1.1" 404 2363
[28/May/2026 21:28:31] code 400, message Bad request version ('\xc0\\x13\xc0')
[28/May/2026 21:28:31] You're accessing the development server over HTTPS, but it only supports HTTP.
Not Found: /config.yaml
[28/May/2026 21:28:31] "GET /config.yaml HTTP/1.1" 404 2363
[28/May/2026 21:28:31] code 400, message Bad request version ('\xc0\\x13\xc0')
[28/May/2026 21:28:31] You're accessing the development server over HTTPS, but it only supports HTTP.
[28/May/2026 21:28:31] code 400, message Bad request version ('\\x8cQY+\xe5\xcbb\\x03\xb4hw\xf8C')
[28/May/2026 21:28:31] You're accessing the development server over HTTPS, but it only supports HTTP.
Not Found: /config.ini
[28/May/2026 21:28:31] "GET /config.ini HTTP/1.1" 404 2360
Not Found: /config.env
[28/May/2026 21:28:31] "GET /config.env HTTP/1.1" 404 2360
[28/May/2026 21:28:31] code 400, message Bad request version ('\xcaP\xf1\\xad\xa6wD\\x18\xc3')
[28/May/2026 21:28:31] You're accessing the development server over HTTPS, but it only supports HTTP.
[28/May/2026 21:28:31] code 400, message Bad HTTP/0.9 request type ('\\x16\\x03\\x01\\x00\xea\\x01\\x00\\x00\xe6\\x03\\x03\xf1\xb7\\x16lJ\\x0e\xb0\xfd\xd3\\x8f\xeb\xaaA\\x9e\xaaI\xae\\x97\xca0\\x87\\x9d[\xee\xe9\xbb\\x90\\x15S\xb5w\xf8')
[28/May/2026 21:28:31] You're accessing the development server over HTTPS, but it only supports HTTP.
Not Found: /configuration.json
[28/May/2026 21:28:31] "GET /configuration.json HTTP/1.1" 404 2384
Not Found: /configuration.php
[28/May/2026 21:28:31] "GET /configuration.php HTTP/1.1" 404 2381
[28/May/2026 21:28:31] code 400, message Bad HTTP/0.9 request type ('\\x16\\x03\\x01\\x00\xea\\x01\\x00\\x00\xe6\\x03\\x03\xd1\xd9\xdf\xb4L\\x93\\x1aJ\\x9aE\\x15\\x08k\\x04U\xbb\xa3z\xd4\\x94\xd7V\xa3B\\x06\xac\\x14\\x05Y\xc0\xa3!')
[28/May/2026 21:28:31] You're accessing the development server over HTTPS, but it only supports HTTP.
[28/May/2026 21:28:31] code 400, message Bad request version ('\xc0\\x13\xc0')
[28/May/2026 21:28:31] You're accessing the development server over HTTPS, but it only supports HTTP.
[28/May/2026 21:28:31] code 400, message Bad request version ('\xc0\\x13\xc0')
[28/May/2026 21:28:31] You're accessing the development server over HTTPS, but it only supports HTTP.
[28/May/2026 21:28:31] code 400, message Bad request version ('\xc0\\x13\xc0')
[28/May/2026 21:28:31] You're accessing the development server over HTTPS, but it only supports HTTP.
[28/May/2026 21:28:31] code 400, message Bad request version ('\xc0\\x13\xc0')
[28/May/2026 21:28:31] You're accessing the development server over HTTPS, but it only supports HTTP.
[28/May/2026 21:28:31] code 400, message Bad request version ('\xc0\\x13\xc0')
[28/May/2026 21:28:31] You're accessing the development server over HTTPS, but it only supports HTTP.
[28/May/2026 21:28:31] code 400, message Bad request version ('\xc0\\x13\xc0')
[28/May/2026 21:28:31] You're accessing the development server over HTTPS, but it only supports HTTP.
Not Found: /configuration.yml
[28/May/2026 21:28:31] "GET /configuration.yml HTTP/1.1" 404 2381
Not Found: /settings.py
[28/May/2026 21:28:31] "GET /settings.py HTTP/1.1" 404 2363
Not Found: /settings.php
[28/May/2026 21:28:31] "GET /settings.php HTTP/1.1" 404 2366
[28/May/2026 21:28:31] code 400, message Bad request version ('\xc0\\x13\xc0')
[28/May/2026 21:28:31] You're accessing the development server over HTTPS, but it only supports HTTP.
Not Found: /settings.json
[28/May/2026 21:28:31] "GET /settings.json HTTP/1.1" 404 2369
Not Found: /settings.yml
[28/May/2026 21:28:31] "GET /settings.yml HTTP/1.1" 404 2366
[28/May/2026 21:28:31] code 400, message Bad request version ('\xc0\\x13\xc0')
[28/May/2026 21:28:31] You're accessing the development server over HTTPS, but it only supports HTTP.
[28/May/2026 21:28:31] code 400, message Bad request version ('\xc0\\x13\xc0')
[28/May/2026 21:28:31] You're accessing the development server over HTTPS, but it only supports HTTP.
Not Found: /settings.ini
[28/May/2026 21:28:31] code 400, message Bad request version ('\xc0\\x13\xc0')
[28/May/2026 21:28:31] You're accessing the development server over HTTPS, but it only supports HTTP.
[28/May/2026 21:28:31] "GET /settings.ini HTTP/1.1" 404 2366
[28/May/2026 21:28:31] code 400, message Bad request syntax ('\\x16\\x03\\x01\\x00\xea\\x01\\x00\\x00\xe6\\x03\\x03\\x8a\xc4\xf9\\x174}\\x90\xfb&Z')
[28/May/2026 21:28:31] You're accessing the development server over HTTPS, but it only supports HTTP.
Not Found: /application.yml
[28/May/2026 21:28:31] "GET /application.yml HTTP/1.1" 404 2375
[28/May/2026 21:28:31] code 400, message Bad request version ('\xc0\\x13\xc0')
[28/May/2026 21:28:31] You're accessing the development server over HTTPS, but it only supports HTTP.
Not Found: /application.yaml
[28/May/2026 21:28:31] "GET /application.yaml HTTP/1.1" 404 2378
[28/May/2026 21:28:31] code 400, message Bad request version ('\xc0\\x13\xc0')
[28/May/2026 21:28:31] You're accessing the development server over HTTPS, but it only supports HTTP.
[28/May/2026 21:28:31] code 400, message Bad request version ('\xc0\\x13\xc0')
[28/May/2026 21:28:31] You're accessing the development server over HTTPS, but it only supports HTTP.
[28/May/2026 21:28:31] code 400, message Bad request version ('\xc0\\x13\xc0')
[28/May/2026 21:28:31] You're accessing the development server over HTTPS, but it only supports HTTP.
Not Found: /application.properties
[28/May/2026 21:28:31] "GET /application.properties HTTP/1.1" 404 2396
[28/May/2026 21:28:31] code 400, message Bad request version ('\xc0\\x13\xc0')
[28/May/2026 21:28:31] You're accessing the development server over HTTPS, but it only supports HTTP.
[28/May/2026 21:28:31] code 400, message Bad request syntax ('\\x16\\x03\\x01\\x00\xea\\x01\\x00\\x00\xe6\\x03\\x03\xfcS\xe3\\x97\\x83\xb0\xa7?R\\x9f\xe7)Al\\x98\\x03;\\\\_\xfa\xef?\xf2E?\\x8d')
[28/May/2026 21:28:31] You're accessing the development server over HTTPS, but it only supports HTTP.
[28/May/2026 21:28:31] code 400, message Bad request version ('\xc0\\x13\xc0')
[28/May/2026 21:28:31] You're accessing the development server over HTTPS, but it only supports HTTP.
[28/May/2026 21:28:31] code 400, message Bad request version ('\xc0\\x13\xc0')
[28/May/2026 21:28:31] You're accessing the development server over HTTPS, but it only supports HTTP.
Not Found: /app.json
[28/May/2026 21:28:31] "GET /app.json HTTP/1.1" 404 2354
Not Found: /application.json
[28/May/2026 21:28:31] "GET /application.json HTTP/1.1" 404 2378
[28/May/2026 21:28:31] code 400, message Bad request version ('\xc0\\x13\xc0')
[28/May/2026 21:28:31] You're accessing the development server over HTTPS, but it only supports HTTP.
Not Found: /app.yaml
[28/May/2026 21:28:31] "GET /app.yaml HTTP/1.1" 404 2354
[28/May/2026 21:28:31] code 400, message Bad request version ('\xc0\\x13\xc0')
[28/May/2026 21:28:31] You're accessing the development server over HTTPS, but it only supports HTTP.
[28/May/2026 21:28:31] code 400, message Bad request version ('\xc0\\x13\xc0')
[28/May/2026 21:28:31] You're accessing the development server over HTTPS, but it only supports HTTP.
Not Found: /app.yml
[28/May/2026 21:28:31] code 400, message Bad request syntax ('\\x16\\x03\\x01\\x00\xea\\x01\\x00\\x00\xe6\\x03\\x03\\x99\\x19\xe7w\xb3Jz\xf5\xd0\xb5\xb6')
[28/May/2026 21:28:31] You're accessing the development server over HTTPS, but it only supports HTTP.
[28/May/2026 21:28:31] "GET /app.yml HTTP/1.1" 404 2351
[28/May/2026 21:28:31] code 400, message Bad HTTP/0.9 request type ('\\x16\\x03\\x01\\x00\xea\\x01\\x00\\x00\xe6\\x03\\x03m[')
[28/May/2026 21:28:31] You're accessing the development server over HTTPS, but it only supports HTTP.
Not Found: /appsettings.json
[28/May/2026 21:28:31] "GET /appsettings.json HTTP/1.1" 404 2378
[28/May/2026 21:28:31] code 400, message Bad request version ('01SV\xd8\\x18\xd0p\xf9n\xa2?\\x84L\xcdu\\x99\\x87\xc7')
[28/May/2026 21:28:31] You're accessing the development server over HTTPS, but it only supports HTTP.
[28/May/2026 21:28:31] code 400, message Bad request version ('\xc0\\x13\xc0')
[28/May/2026 21:28:31] You're accessing the development server over HTTPS, but it only supports HTTP.
[28/May/2026 21:28:31] code 400, message Bad request version ('\xc0\\x13\xc0')
[28/May/2026 21:28:31] You're accessing the development server over HTTPS, but it only supports HTTP.
Not Found: /appsettings.Production.json
[28/May/2026 21:28:31] "GET /appsettings.Production.json HTTP/1.1" 404 2411
Not Found: /appsettings.Development.json
[28/May/2026 21:28:31] "GET /appsettings.Development.json HTTP/1.1" 404 2414
Not Found: /parameters.yml
[28/May/2026 21:28:31] "GET /parameters.yml HTTP/1.1" 404 2372
Not Found: /parameters.yaml
[28/May/2026 21:28:31] "GET /parameters.yaml HTTP/1.1" 404 2375
[28/May/2026 21:28:31] code 400, message Bad request version ('a\xe7\xa2\\x86N\xccU\xc4')
[28/May/2026 21:28:31] You're accessing the development server over HTTPS, but it only supports HTTP.
[28/May/2026 21:28:31] code 400, message Bad request version ('\xc0\\x13\xc0')
[28/May/2026 21:28:31] You're accessing the development server over HTTPS, but it only supports HTTP.
[28/May/2026 21:28:31] code 400, message Bad request syntax ('\\x16\\x03\\x01\\x00\xea\\x01\\x00\\x00\xe6\\x03\\x03\\x11!\\x80\\x93\xdf\\x8f\xd1\xa6\\x19\xe0\\x11')
[28/May/2026 21:28:31] You're accessing the development server over HTTPS, but it only supports HTTP.
Not Found: /database.yml
[28/May/2026 21:28:31] code 400, message Bad request version ('\xc0\\x13\xc0')
[28/May/2026 21:28:31] You're accessing the development server over HTTPS, but it only supports HTTP.
[28/May/2026 21:28:31] "GET /database.yml HTTP/1.1" 404 2366
Not Found: /parameters.php
[28/May/2026 21:28:31] "GET /parameters.php HTTP/1.1" 404 2372
[28/May/2026 21:28:31] code 400, message Bad request syntax ('\\x16\\x03\\x01\\x00\xea\\x01\\x00\\x00\xe6\\x03\\x03I>`\xd6PV\xac\xf1\xfaN9p')
Not Found: /database.yaml
[28/May/2026 21:28:31] You're accessing the development server over HTTPS, but it only supports HTTP.
Not Found: /database.php
[28/May/2026 21:28:31] "GET /database.yaml HTTP/1.1" 404 2369
[28/May/2026 21:28:31] "GET /database.php HTTP/1.1" 404 2366
[28/May/2026 21:28:31] code 400, message Bad request version ('\xc0\\x13\xc0')
[28/May/2026 21:28:31] You're accessing the development server over HTTPS, but it only supports HTTP.
[28/May/2026 21:28:31] code 400, message Bad request version ('\xc0\\x13\xc0')
[28/May/2026 21:28:31] You're accessing the development server over HTTPS, but it only supports HTTP.
Not Found: /database.json
[28/May/2026 21:28:31] "GET /database.json HTTP/1.1" 404 2369
[28/May/2026 21:28:31] code 400, message Bad request version ('\xc0\\x13\xc0')
[28/May/2026 21:28:31] You're accessing the development server over HTTPS, but it only supports HTTP.
[28/May/2026 21:28:31] code 400, message Bad request version ('\xc0\\x13\xc0')
[28/May/2026 21:28:31] You're accessing the development server over HTTPS, but it only supports HTTP.
Not Found: /db.php
[28/May/2026 21:28:31] "GET /db.php HTTP/1.1" 404 2348
Not Found: /database.ini
[28/May/2026 21:28:31] "GET /database.ini HTTP/1.1" 404 2366
[28/May/2026 21:28:31] code 400, message Bad request version ('\xc0\\x13\xc0')
[28/May/2026 21:28:31] You're accessing the development server over HTTPS, but it only supports HTTP.
Not Found: /db.json
[28/May/2026 21:28:31] "GET /db.json HTTP/1.1" 404 2351
Not Found: /credentials.json
[28/May/2026 21:28:31] "GET /credentials.json HTTP/1.1" 404 2378
Not Found: /db.yml
[28/May/2026 21:28:31] "GET /db.yml HTTP/1.1" 404 2348
Not Found: /credentials.yml
[28/May/2026 21:28:31] "GET /credentials.yml HTTP/1.1" 404 2375
Not Found: /credentials.yaml
[28/May/2026 21:28:31] "GET /credentials.yaml HTTP/1.1" 404 2378
Not Found: /secrets.json
Not Found: /secrets.yml
[28/May/2026 21:28:31] "GET /secrets.json HTTP/1.1" 404 2366
[28/May/2026 21:28:31] "GET /secrets.yml HTTP/1.1" 404 2363
Not Found: /secrets.yaml
Not Found: /secrets.env
[28/May/2026 21:28:31] "GET /secrets.yaml HTTP/1.1" 404 2366
[28/May/2026 21:28:31] "GET /secrets.env HTTP/1.1" 404 2363
Not Found: /secret.json
[28/May/2026 21:28:31] "GET /secret.json HTTP/1.1" 404 2363
Not Found: /private.json
[28/May/2026 21:28:31] "GET /private.json HTTP/1.1" 404 2366
Not Found: /api_keys.json
[28/May/2026 21:28:31] "GET /api_keys.json HTTP/1.1" 404 2369
Not Found: /keys.json
[28/May/2026 21:28:31] "GET /keys.json HTTP/1.1" 404 2357
Not Found: /api_keys.yml
[28/May/2026 21:28:31] "GET /api_keys.yml HTTP/1.1" 404 2366
Not Found: /api/config.json
[28/May/2026 21:28:31] "GET /api/config.json HTTP/1.1" 404 2375
Not Found: /api-keys.json
[28/May/2026 21:28:31] "GET /api-keys.json HTTP/1.1" 404 2369
Not Found: /api/config.php
[28/May/2026 21:28:31] "GET /api/config.php HTTP/1.1" 404 2372
Not Found: /api/config.yml
[28/May/2026 21:28:31] "GET /api/config.yml HTTP/1.1" 404 2372
Not Found: /api/settings.json
[28/May/2026 21:28:31] "GET /api/settings.json HTTP/1.1" 404 2381
Not Found: /api/database.yml
[28/May/2026 21:28:31] "GET /api/database.yml HTTP/1.1" 404 2378
Not Found: /api/settings.yml
[28/May/2026 21:28:31] "GET /api/settings.yml HTTP/1.1" 404 2378
Not Found: /api/database.php
[28/May/2026 21:28:31] "GET /api/database.php HTTP/1.1" 404 2378
Not Found: /api/application.yml
[28/May/2026 21:28:31] "GET /api/application.yml HTTP/1.1" 404 2387
Not Found: /api/application.properties
[28/May/2026 21:28:31] "GET /api/application.properties HTTP/1.1" 404 2408
Not Found: /api/appsettings.json
[28/May/2026 21:28:31] "GET /api/appsettings.json HTTP/1.1" 404 2390
Not Found: /api/credentials.json
[28/May/2026 21:28:31] "GET /api/credentials.json HTTP/1.1" 404 2390
Not Found: /api/secrets.json
[28/May/2026 21:28:31] "GET /api/secrets.json HTTP/1.1" 404 2378
Not Found: /api/keys.json
[28/May/2026 21:28:31] "GET /api/keys.json HTTP/1.1" 404 2369
Not Found: /api/parameters.yml
[28/May/2026 21:28:31] "GET /api/parameters.yml HTTP/1.1" 404 2384
Not Found: /api/v1/config.json
[28/May/2026 21:28:31] "GET /api/v1/config.json HTTP/1.1" 404 2384
Not Found: /api/v2/config.json
[28/May/2026 21:28:31] "GET /api/v2/config.json HTTP/1.1" 404 2384
Not Found: /api/v1/application.yml
Not Found: /app/config.php
[28/May/2026 21:28:31] "GET /api/v1/application.yml HTTP/1.1" 404 2396
Not Found: /api/v2/application.yml
[28/May/2026 21:28:31] "GET /app/config.php HTTP/1.1" 404 2372
[28/May/2026 21:28:31] "GET /api/v2/application.yml HTTP/1.1" 404 2396
Not Found: /app/config.json
[28/May/2026 21:28:31] "GET /app/config.json HTTP/1.1" 404 2375
Not Found: /app/config.yml
[28/May/2026 21:28:31] "GET /app/config.yml HTTP/1.1" 404 2372
Not Found: /app/settings.php
[28/May/2026 21:28:31] "GET /app/settings.php HTTP/1.1" 404 2378
Not Found: /app/database.php
[28/May/2026 21:28:31] "GET /app/database.php HTTP/1.1" 404 2378
Not Found: /app/settings.json
[28/May/2026 21:28:31] "GET /app/settings.json HTTP/1.1" 404 2381
Not Found: /app/database.yml
[28/May/2026 21:28:31] "GET /app/database.yml HTTP/1.1" 404 2378
Not Found: /app/credentials.json
[28/May/2026 21:28:31] "GET /app/credentials.json HTTP/1.1" 404 2390
Not Found: /app/secrets.json
[28/May/2026 21:28:31] "GET /app/secrets.json HTTP/1.1" 404 2378
Not Found: /app/application.properties
[28/May/2026 21:28:31] "GET /app/application.properties HTTP/1.1" 404 2408
Not Found: /app/application.yml
[28/May/2026 21:28:31] "GET /app/application.yml HTTP/1.1" 404 2387
Not Found: /app/parameters.yml
[28/May/2026 21:28:31] "GET /app/parameters.yml HTTP/1.1" 404 2384
Not Found: /backend/config.php
[28/May/2026 21:28:31] "GET /backend/config.php HTTP/1.1" 404 2384
Not Found: /backend/config.json
[28/May/2026 21:28:31] "GET /backend/config.json HTTP/1.1" 404 2387
Not Found: /backend/config.yml
[28/May/2026 21:28:32] "GET /backend/config.yml HTTP/1.1" 404 2384
Not Found: /backend/settings.php
[28/May/2026 21:28:32] "GET /backend/settings.php HTTP/1.1" 404 2390
Not Found: /backend/settings.json
[28/May/2026 21:28:32] "GET /backend/settings.json HTTP/1.1" 404 2393
Not Found: /backend/settings.py
Not Found: /backend/database.php
[28/May/2026 21:28:32] "GET /backend/settings.py HTTP/1.1" 404 2387
[28/May/2026 21:28:32] "GET /backend/database.php HTTP/1.1" 404 2390
Not Found: /backend/database.yml
[28/May/2026 21:28:32] "GET /backend/database.yml HTTP/1.1" 404 2390
Not Found: /backend/credentials.json
[28/May/2026 21:28:32] "GET /backend/credentials.json HTTP/1.1" 404 2402
Not Found: /backend/application.yml
[28/May/2026 21:28:32] "GET /backend/application.yml HTTP/1.1" 404 2399
Not Found: /backend/secrets.json
[28/May/2026 21:28:32] "GET /backend/secrets.json HTTP/1.1" 404 2390
Not Found: /backend/application.properties
[28/May/2026 21:28:32] "GET /backend/application.properties HTTP/1.1" 404 2420
Not Found: /backend/appsettings.json
[28/May/2026 21:28:32] "GET /backend/appsettings.json HTTP/1.1" 404 2402
Not Found: /backend/parameters.yml
[28/May/2026 21:28:32] "GET /backend/parameters.yml HTTP/1.1" 404 2396
Not Found: /src/config.php
[28/May/2026 21:28:32] "GET /src/config.php HTTP/1.1" 404 2372
Not Found: /src/config.json
[28/May/2026 21:28:32] "GET /src/config.json HTTP/1.1" 404 2375
Not Found: /src/config.yml
[28/May/2026 21:28:32] "GET /src/config.yml HTTP/1.1" 404 2372
Not Found: /src/settings.py
[28/May/2026 21:28:32] "GET /src/settings.py HTTP/1.1" 404 2375
Not Found: /src/database.yml
[28/May/2026 21:28:32] "GET /src/database.yml HTTP/1.1" 404 2378
Not Found: /src/settings.json
Not Found: /src/credentials.json
[28/May/2026 21:28:32] "GET /src/settings.json HTTP/1.1" 404 2381
[28/May/2026 21:28:32] "GET /src/credentials.json HTTP/1.1" 404 2390
Not Found: /src/secrets.json
[28/May/2026 21:28:32] "GET /src/secrets.json HTTP/1.1" 404 2378
Not Found: /src/application.yml
[28/May/2026 21:28:32] "GET /src/application.yml HTTP/1.1" 404 2387
Not Found: /src/application.properties
Not Found: /server/config.json
[28/May/2026 21:28:32] "GET /src/application.properties HTTP/1.1" 404 2408
[28/May/2026 21:28:32] "GET /server/config.json HTTP/1.1" 404 2384
Not Found: /server/database.yml
[28/May/2026 21:28:32] "GET /server/database.yml HTTP/1.1" 404 2387
Not Found: /server/config.yml
[28/May/2026 21:28:32] "GET /server/config.yml HTTP/1.1" 404 2381
Not Found: /server/settings.json
[28/May/2026 21:28:32] "GET /server/settings.json HTTP/1.1" 404 2390
Not Found: /server/application.yml
[28/May/2026 21:28:32] "GET /server/application.yml HTTP/1.1" 404 2396
Not Found: /server/application.properties
[28/May/2026 21:28:32] "GET /server/application.properties HTTP/1.1" 404 2417
Not Found: /server/appsettings.json
[28/May/2026 21:28:32] "GET /server/appsettings.json HTTP/1.1" 404 2399
Not Found: /server/credentials.json
Not Found: /config/config.php
[28/May/2026 21:28:32] "GET /server/credentials.json HTTP/1.1" 404 2399
[28/May/2026 21:28:32] "GET /config/config.php HTTP/1.1" 404 2381
Not Found: /config/config.json
[28/May/2026 21:28:32] "GET /config/config.json HTTP/1.1" 404 2384
Not Found: /server/secrets.json
[28/May/2026 21:28:32] "GET /server/secrets.json HTTP/1.1" 404 2387
Not Found: /config/config.yml
[28/May/2026 21:28:32] "GET /config/config.yml HTTP/1.1" 404 2381
Not Found: /config/settings.php
[28/May/2026 21:28:32] "GET /config/settings.php HTTP/1.1" 404 2387
Not Found: /config/settings.json
[28/May/2026 21:28:32] "GET /config/settings.json HTTP/1.1" 404 2390
Not Found: /config/database.php
[28/May/2026 21:28:32] "GET /config/database.php HTTP/1.1" 404 2387
Not Found: /config/credentials.json
[28/May/2026 21:28:32] "GET /config/credentials.json HTTP/1.1" 404 2399
Not Found: /config/database.yml
Not Found: /config/database.json
[28/May/2026 21:28:32] "GET /config/database.json HTTP/1.1" 404 2390
[28/May/2026 21:28:32] "GET /config/database.yml HTTP/1.1" 404 2387
Not Found: /config/secrets.json
[28/May/2026 21:28:32] "GET /config/secrets.json HTTP/1.1" 404 2387
Not Found: /config/keys.json
[28/May/2026 21:28:32] "GET /config/keys.json HTTP/1.1" 404 2378
Not Found: /config/application.yml
[28/May/2026 21:28:32] "GET /config/application.yml HTTP/1.1" 404 2396
Not Found: /config/parameters.yml
[28/May/2026 21:28:32] "GET /config/parameters.yml HTTP/1.1" 404 2393
Not Found: /config/application.properties
[28/May/2026 21:28:32] "GET /config/application.properties HTTP/1.1" 404 2417
Not Found: /config/parameters.yaml
[28/May/2026 21:28:32] "GET /config/parameters.yaml HTTP/1.1" 404 2396
Not Found: /config/app.php
[28/May/2026 21:28:32] "GET /config/app.php HTTP/1.1" 404 2372
Not Found: /config/mail.php
[28/May/2026 21:28:32] "GET /config/mail.php HTTP/1.1" 404 2375
Not Found: /config/services.php
[28/May/2026 21:28:32] "GET /config/services.php HTTP/1.1" 404 2387
Not Found: /config/cache.php
[28/May/2026 21:28:32] "GET /config/cache.php HTTP/1.1" 404 2378
Not Found: /services/config.yml
[28/May/2026 21:28:32] "GET /services/config.yml HTTP/1.1" 404 2387
Not Found: /services/config.json
Not Found: /services/secrets.json
[28/May/2026 21:28:32] "GET /services/config.json HTTP/1.1" 404 2390
[28/May/2026 21:28:32] "GET /services/secrets.json HTTP/1.1" 404 2393
Not Found: /services/database.yml
[28/May/2026 21:28:32] "GET /services/database.yml HTTP/1.1" 404 2393
Not Found: /services/application.yml
[28/May/2026 21:28:32] "GET /services/application.yml HTTP/1.1" 404 2402
Not Found: /internal/config.json
[28/May/2026 21:28:32] "GET /internal/config.json HTTP/1.1" 404 2390
Not Found: /internal/config.yml
Not Found: /internal/secrets.json
[28/May/2026 21:28:32] "GET /internal/config.yml HTTP/1.1" 404 2387
[28/May/2026 21:28:32] "GET /internal/secrets.json HTTP/1.1" 404 2393
Not Found: /internal/credentials.json
[28/May/2026 21:28:32] "GET /internal/credentials.json HTTP/1.1" 404 2405
Not Found: /private/config.json
[28/May/2026 21:28:32] "GET /private/config.json HTTP/1.1" 404 2387
Not Found: /private/secrets.json
[28/May/2026 21:28:32] "GET /private/secrets.json HTTP/1.1" 404 2390
Not Found: /private/credentials.json
[28/May/2026 21:28:32] "GET /private/credentials.json HTTP/1.1" 404 2402
Not Found: /deploy/config.json
[28/May/2026 21:28:32] "GET /deploy/config.json HTTP/1.1" 404 2384
Not Found: /deploy/secrets.json
[28/May/2026 21:28:32] "GET /deploy/secrets.json HTTP/1.1" 404 2387
Not Found: /v1/config.json
Not Found: /wp-config.php
[28/May/2026 21:28:32] "GET /v1/config.json HTTP/1.1" 404 2372
Not Found: /wp-config.php.old
[28/May/2026 21:28:32] "GET /wp-config.php HTTP/1.1" 404 2369
[28/May/2026 21:28:32] "GET /wp-config.php.old HTTP/1.1" 404 2381
Not Found: /v2/config.json
[28/May/2026 21:28:32] "GET /v2/config.json HTTP/1.1" 404 2372
Not Found: /wp-config.bak
[28/May/2026 21:28:32] "GET /wp-config.bak HTTP/1.1" 404 2369
Not Found: /wp-config.php.bak
Not Found: /wp-config.php~
[28/May/2026 21:28:32] "GET /wp-config.php.bak HTTP/1.1" 404 2381
[28/May/2026 21:28:32] "GET /wp-config.php~ HTTP/1.1" 404 2372
Not Found: /local-config.php
Not Found: /wp-config.txt
[28/May/2026 21:28:32] "GET /local-config.php HTTP/1.1" 404 2378
[28/May/2026 21:28:32] "GET /wp-config.txt HTTP/1.1" 404 2369
Not Found: /bootstrap/cache/config.php
[28/May/2026 21:28:32] "GET /bootstrap/cache/config.php HTTP/1.1" 404 2408
Not Found: /storage/logs/laravel.log
[28/May/2026 21:28:32] "GET /storage/logs/laravel.log HTTP/1.1" 404 2402
Not Found: /app/config/parameters.yml
[28/May/2026 21:28:32] "GET /app/config/parameters.yml HTTP/1.1" 404 2405
Not Found: /app/config/parameters.yaml
Not Found: /app/config/config.yml
[28/May/2026 21:28:32] "GET /app/config/parameters.yaml HTTP/1.1" 404 2408
[28/May/2026 21:28:32] "GET /app/config/config.yml HTTP/1.1" 404 2393
Not Found: /settings/local.py
[28/May/2026 21:28:32] "GET /settings/local.py HTTP/1.1" 404 2381
Not Found: /settings/production.py
[28/May/2026 21:28:32] "GET /settings/production.py HTTP/1.1" 404 2396
Not Found: /core/settings.py
[28/May/2026 21:28:32] "GET /core/settings.py HTTP/1.1" 404 2378
Not Found: /settings/base.py
[28/May/2026 21:28:32] "GET /settings/base.py HTTP/1.1" 404 2378
Not Found: /project/settings.py
[28/May/2026 21:28:32] "GET /project/settings.py HTTP/1.1" 404 2387
Not Found: /application/config/database.php
[28/May/2026 21:28:32] "GET /application/config/database.php HTTP/1.1" 404 2423
Not Found: /system/application/config/database.php
[28/May/2026 21:28:32] "GET /system/application/config/database.php HTTP/1.1" 404 2444
Not Found: /WEB-INF/web.xml
Not Found: /application/config/config.php
[28/May/2026 21:28:32] "GET /WEB-INF/web.xml HTTP/1.1" 404 2375
[28/May/2026 21:28:32] "GET /application/config/config.php HTTP/1.1" 404 2417
Not Found: /WEB-INF/classes/application.properties
[28/May/2026 21:28:32] "GET /WEB-INF/classes/application.properties HTTP/1.1" 404 2444
Not Found: /WEB-INF/context.xml
[28/May/2026 21:28:32] "GET /WEB-INF/context.xml HTTP/1.1" 404 2387
Not Found: /.idea/dataSources.xml
Not Found: /META-INF/context.xml
[28/May/2026 21:28:32] "GET /.idea/dataSources.xml HTTP/1.1" 404 2393
[28/May/2026 21:28:32] "GET /META-INF/context.xml HTTP/1.1" 404 2390
Not Found: /.idea/dataSources.local.xml
[28/May/2026 21:28:32] "GET /.idea/dataSources.local.xml HTTP/1.1" 404 2411
Not Found: /.idea/workspace.xml
[28/May/2026 21:28:33] "GET /.idea/workspace.xml HTTP/1.1" 404 2387
Not Found: /.idea/WebServers.xml
[28/May/2026 21:28:33] "GET /.idea/WebServers.xml HTTP/1.1" 404 2390
Not Found: /.idea/deployment.xml
[28/May/2026 21:28:33] "GET /.idea/deployment.xml HTTP/1.1" 404 2390
Not Found: /.vscode/sftp.json
[28/May/2026 21:28:33] "GET /.vscode/sftp.json HTTP/1.1" 404 2381
Not Found: /.vscode/settings.json
[28/May/2026 21:28:33] "GET /.vscode/settings.json HTTP/1.1" 404 2393
Not Found: /.vscode/launch.json
[28/May/2026 21:28:33] "GET /.vscode/launch.json HTTP/1.1" 404 2387
Not Found: /.vscode/tasks.json
[28/May/2026 21:28:33] "GET /.vscode/tasks.json HTTP/1.1" 404 2384
Not Found: /.gitlab-ci.yml
[28/May/2026 21:28:33] "GET /.gitlab-ci.yml HTTP/1.1" 404 2372
Not Found: /.travis.yml
[28/May/2026 21:28:33] "GET /.travis.yml HTTP/1.1" 404 2363
Not Found: /.circleci/config.yml
[28/May/2026 21:28:33] "GET /.circleci/config.yml HTTP/1.1" 404 2390
Not Found: /.github/workflows/deploy.yml
[28/May/2026 21:28:33] "GET /.github/workflows/deploy.yml HTTP/1.1" 404 2414
Not Found: /.github/workflows/main.yml
[28/May/2026 21:28:33] "GET /.github/workflows/main.yml HTTP/1.1" 404 2408
Not Found: /.github/workflows/production.yml
[28/May/2026 21:28:33] "GET /.github/workflows/production.yml HTTP/1.1" 404 2426
Not Found: /.github/workflows/ci.yml
[28/May/2026 21:28:33] "GET /.github/workflows/ci.yml HTTP/1.1" 404 2402
Not Found: /Jenkinsfile
[28/May/2026 21:28:33] "GET /Jenkinsfile HTTP/1.1" 404 2363
Not Found: /.drone.yml
Not Found: /jenkins/Jenkinsfile
[28/May/2026 21:28:33] "GET /.drone.yml HTTP/1.1" 404 2360
[28/May/2026 21:28:33] "GET /jenkins/Jenkinsfile HTTP/1.1" 404 2387
Not Found: /.drone.yaml
[28/May/2026 21:28:33] "GET /.drone.yaml HTTP/1.1" 404 2363
Not Found: /bitbucket-pipelines.yml
Not Found: /azure-pipelines.yml
[28/May/2026 21:28:33] "GET /bitbucket-pipelines.yml HTTP/1.1" 404 2399
[28/May/2026 21:28:33] "GET /azure-pipelines.yml HTTP/1.1" 404 2387
Not Found: /.buildkite/pipeline.yml
[28/May/2026 21:28:33] "GET /.buildkite/pipeline.yml HTTP/1.1" 404 2399
Not Found: /debug.log
[28/May/2026 21:28:33] "GET /debug.log HTTP/1.1" 404 2357
Not Found: /error.log
[28/May/2026 21:28:33] "GET /error.log HTTP/1.1" 404 2357
Not Found: /app.log
[28/May/2026 21:28:33] "GET /app.log HTTP/1.1" 404 2351
Not Found: /application.log
[28/May/2026 21:28:33] "GET /application.log HTTP/1.1" 404 2375
Not Found: /laravel.log
[28/May/2026 21:28:33] "GET /laravel.log HTTP/1.1" 404 2363
Not Found: /access.log
[28/May/2026 21:28:33] "GET /access.log HTTP/1.1" 404 2360
Not Found: /server.log
[28/May/2026 21:28:33] "GET /server.log HTTP/1.1" 404 2360
Not Found: /trace.log
[28/May/2026 21:28:33] "GET /trace.log HTTP/1.1" 404 2357
Not Found: /logs/debug.log
[28/May/2026 21:28:33] "GET /logs/debug.log HTTP/1.1" 404 2372
Not Found: /logs/error.log
[28/May/2026 21:28:33] "GET /logs/error.log HTTP/1.1" 404 2372
Not Found: /logs/application.log
[28/May/2026 21:28:33] "GET /logs/application.log HTTP/1.1" 404 2390
Not Found: /logs/app.log
Not Found: /log/debug.log
[28/May/2026 21:28:33] "GET /logs/app.log HTTP/1.1" 404 2366
[28/May/2026 21:28:33] "GET /log/debug.log HTTP/1.1" 404 2369
Not Found: /log/error.log
[28/May/2026 21:28:33] "GET /log/error.log HTTP/1.1" 404 2369
Not Found: /.htpasswd
[28/May/2026 21:28:33] "GET /.htpasswd HTTP/1.1" 404 2357
Not Found: /.htaccess
[28/May/2026 21:28:33] "GET /.htaccess HTTP/1.1" 404 2357
Not Found: /web.config
[28/May/2026 21:28:33] "GET /web.config HTTP/1.1" 404 2360
Not Found: /nginx.config
[28/May/2026 21:28:33] "GET /nginx.config HTTP/1.1" 404 2366
Not Found: /nginx.conf
[28/May/2026 21:28:33] "GET /nginx.conf HTTP/1.1" 404 2360
Not Found: /server.xml
[28/May/2026 21:28:33] "GET /server.xml HTTP/1.1" 404 2360
Not Found: /.gitconfig
[28/May/2026 21:28:33] "GET /.gitconfig HTTP/1.1" 404 2360
Not Found: /.netrc
[28/May/2026 21:28:33] "GET /.netrc HTTP/1.1" 404 2348
Not Found: /.pypirc
[28/May/2026 21:28:33] "GET /.pypirc HTTP/1.1" 404 2351
Not Found: /.npmrc
[28/May/2026 21:28:33] "GET /.npmrc HTTP/1.1" 404 2348
Not Found: /.bash_history
[28/May/2026 21:28:33] "GET /.bash_history HTTP/1.1" 404 2369
Not Found: /.ssh/id_rsa
[28/May/2026 21:28:33] "GET /.ssh/id_rsa HTTP/1.1" 404 2363
Not Found: /.ssh/authorized_keys
[28/May/2026 21:28:33] "GET /.ssh/authorized_keys HTTP/1.1" 404 2390
Not Found: /private.key
[28/May/2026 21:28:33] "GET /private.key HTTP/1.1" 404 2363
Not Found: /id_rsa
[28/May/2026 21:28:33] "GET /id_rsa HTTP/1.1" 404 2348
Not Found: /private_key.pem
[28/May/2026 21:28:33] "GET /private_key.pem HTTP/1.1" 404 2375
Not Found: /server.key
[28/May/2026 21:28:33] "GET /server.key HTTP/1.1" 404 2360
Not Found: /server.pem
[28/May/2026 21:28:33] "GET /server.pem HTTP/1.1" 404 2360
Not Found: /
[28/May/2026 21:44:01] "GET / HTTP/1.1" 404 2312
Not Found: /favicon.ico
[28/May/2026 21:44:03] "GET /favicon.ico HTTP/1.1" 404 2363
[28/May/2026 23:17:46] code 400, message Bad request version ('\xc0\\x13\xc0')
[28/May/2026 23:17:46] You're accessing the development server over HTTPS, but it only supports HTTP.
[28/May/2026 23:47:47] code 400, message Bad request version ('\xc0\\x14\xc0')
[28/May/2026 23:47:47] You're accessing the development server over HTTPS, but it only supports HTTP.
[28/May/2026 23:47:47] code 400, message Bad request version ('\xc0\\x14\xc0')
[28/May/2026 23:47:47] You're accessing the development server over HTTPS, but it only supports HTTP.
Not Found: /
[28/May/2026 23:47:48] "GET / HTTP/1.1" 404 2312
Not Found: /login
[28/May/2026 23:47:48] "GET /login HTTP/1.1" 404 2345
Not Found: /AGENTS.md
[28/May/2026 23:47:48] "GET /AGENTS.md HTTP/1.1" 404 2357
Not Found: /
[29/May/2026 01:05:49] "GET / HTTP/1.1" 404 2312
Not Found: /robots.txt
[29/May/2026 01:28:30] "GET /robots.txt HTTP/1.1" 404 2360
Not Found: /
[29/May/2026 01:28:32] "GET / HTTP/1.1" 404 2312
[29/May/2026 04:18:54] code 400, message Bad request version ('\xc0\\x14\xc0')
[29/May/2026 04:18:54] You're accessing the development server over HTTPS, but it only supports HTTP.
Not Found: /
[29/May/2026 07:53:21] "GET / HTTP/1.1" 404 2312
Not Found: /
[29/May/2026 07:54:53] "GET / HTTP/1.1" 404 2312
[29/May/2026 07:56:07] code 400, message Bad request version ('\xc0\\x14\xc0')
[29/May/2026 07:56:07] You're accessing the development server over HTTPS, but it only supports HTTP.
[29/May/2026 07:56:43] code 400, message Bad request version ('\xc0\\x14\xc0')
[29/May/2026 07:56:43] You're accessing the development server over HTTPS, but it only supports HTTP.
Not Found: /
[29/May/2026 11:38:33] "GET / HTTP/1.0" 404 2307
Not Found: /
[29/May/2026 13:27:26] "GET / HTTP/1.0" 404 2307
[29/May/2026 14:15:41] code 400, message Bad request syntax ('SSH-2.0-Go')
[29/May/2026 14:15:41] "SSH-2.0-Go" 400 -
[29/May/2026 15:12:25] code 400, message Bad HTTP/0.9 request type ('\\x00\\x00\\x00')
[29/May/2026 15:12:25] "\x00\x00\x00 c\x00\x00\x00\x00\x00\x00\x00\x00\x00\x00\x00\x00\x00\x00\x00\x00\x00\x00\x00\x00\x00\x00\x00\x00\x00\x00\x00" 400 -
[29/May/2026 18:36:09] code 400, message Bad request version ('\xc0\\x14\xc0')
[29/May/2026 18:36:09] You're accessing the development server over HTTPS, but it only supports HTTP.
[29/May/2026 18:36:10] code 400, message Bad request syntax ('MGLNDD_3.37.138.89_8000')
[29/May/2026 18:36:10] "MGLNDD_3.37.138.89_8000" 400 -
Not Found: /
[29/May/2026 19:04:02] "GET / HTTP/1.1" 404 2312
Not Found: /favicon.ico
[29/May/2026 19:04:02] "GET /favicon.ico HTTP/1.1" 404 2363
Not Found: /
[29/May/2026 19:04:08] "GET / HTTP/1.1" 404 2312
Not Found: /favicon.ico
[29/May/2026 19:04:08] "GET /favicon.ico HTTP/1.1" 404 2363
Not Found: /
[29/May/2026 21:43:10] "GET / HTTP/1.1" 404 2312
[29/May/2026 22:07:17] code 400, message Bad request version ('\xc0\\x13\xc0')
[29/May/2026 22:07:17] You're accessing the development server over HTTPS, but it only supports HTTP.
[29/May/2026 22:08:25] code 400, message Bad request version ('\\x87*\\x17\xec\\x89\\x17\xfeh\xe5T1\\x12\\x8b<j\\x8b\xd3x\xf8\xd3\\x9e\xe2U\xd4\\x8e')
[29/May/2026 22:08:25] You're accessing the development server over HTTPS, but it only supports HTTP.
Not Found: /.git/config
[29/May/2026 22:08:28] "GET /.git/config HTTP/1.1" 404 2363
[29/May/2026 22:21:49] code 400, message Bad request version ('\xc0\\x13\xc0')
[29/May/2026 22:21:49] You're accessing the development server over HTTPS, but it only supports HTTP.
[29/May/2026 22:21:49] code 400, message Bad request version ('\xc0\\x13\xc0')
[29/May/2026 22:21:49] You're accessing the development server over HTTPS, but it only supports HTTP.
[29/May/2026 22:21:49] code 400, message Bad request syntax ('\\x16\\x03\\x01\\x00\xea\\x01\\x00\\x00\xe6\\x03\\x03\\x7f\\x05\\xad\xe4\\x9a\\x19N\xa6')
[29/May/2026 22:21:49] You're accessing the development server over HTTPS, but it only supports HTTP.
[29/May/2026 22:21:49] code 400, message Bad request version ('\xc0\\x13\xc0')
[29/May/2026 22:21:49] You're accessing the development server over HTTPS, but it only supports HTTP.
[29/May/2026 22:21:49] code 400, message Bad request version ('\xc0\\x13\xc0')
[29/May/2026 22:21:49] You're accessing the development server over HTTPS, but it only supports HTTP.
[29/May/2026 22:21:49] code 400, message Bad request version ('\xc0\\x13\xc0')
[29/May/2026 22:21:49] You're accessing the development server over HTTPS, but it only supports HTTP.
[29/May/2026 22:21:49] code 400, message Bad request version ('\xc0\\x13\xc0')
[29/May/2026 22:21:49] You're accessing the development server over HTTPS, but it only supports HTTP.
[29/May/2026 22:21:49] code 400, message Bad request syntax ('\\x16\\x03\\x01\\x00\xea\\x01\\x00\\x00\xe6\\x03\\x03\\x10m\xe6\\x8f\xd9\\x11-6\xae\\x91\xd1\xbc\xcb\xbe')
[29/May/2026 22:21:49] You're accessing the development server over HTTPS, but it only supports HTTP.
[29/May/2026 22:21:49] code 400, message Bad request version ('\xc0\\x13\xc0')
[29/May/2026 22:21:49] You're accessing the development server over HTTPS, but it only supports HTTP.
[29/May/2026 22:21:49] code 400, message Bad request version ('\xc0\\x13\xc0')
[29/May/2026 22:21:49] You're accessing the development server over HTTPS, but it only supports HTTP.
[29/May/2026 22:21:49] code 400, message Bad request version ('\xc0\\x13\xc0')
[29/May/2026 22:21:49] You're accessing the development server over HTTPS, but it only supports HTTP.
[29/May/2026 22:21:49] code 400, message Bad request version ('\xc0\\x13\xc0')
[29/May/2026 22:21:49] You're accessing the development server over HTTPS, but it only supports HTTP.
[29/May/2026 22:21:49] code 400, message Bad request version ('\xd6,a\xe46')
[29/May/2026 22:21:49] You're accessing the development server over HTTPS, but it only supports HTTP.
[29/May/2026 22:21:49] code 400, message Bad request version ('\xc0\\x13\xc0')
[29/May/2026 22:21:49] You're accessing the development server over HTTPS, but it only supports HTTP.
[29/May/2026 22:21:49] code 400, message Bad request version ('\\x8c*\\x0f6!')
[29/May/2026 22:21:49] You're accessing the development server over HTTPS, but it only supports HTTP.
[29/May/2026 22:21:49] code 400, message Bad request syntax ('\\x16\\x03\\x01\\x00\xea\\x01\\x00\\x00\xe6\\x03\\x03\\x8e\\x86\\x8e\xb8C\xb2K\xf0\\x83')
[29/May/2026 22:21:49] You're accessing the development server over HTTPS, but it only supports HTTP.
[29/May/2026 22:21:49] code 400, message Bad request syntax ('\\x16\\x03\\x01\\x00\xea\\x01\\x00\\x00\xe6\\x03\\x03o\\x92\xa6\xf3')
[29/May/2026 22:21:49] You're accessing the development server over HTTPS, but it only supports HTTP.
Not Found: /actuator/heapdump
[29/May/2026 22:21:49] code 400, message Bad request version ('\xc0\\x13\xc0')
[29/May/2026 22:21:49] You're accessing the development server over HTTPS, but it only supports HTTP.
[29/May/2026 22:21:49] "GET /actuator/heapdump HTTP/1.1" 404 2381
Not Found: /actuator/env
[29/May/2026 22:21:49] code 400, message Bad request version ('\xc0\\x13\xc0')
[29/May/2026 22:21:49] You're accessing the development server over HTTPS, but it only supports HTTP.
[29/May/2026 22:21:49] "GET /actuator/env HTTP/1.1" 404 2366
Not Found: /actuator/configprops
[29/May/2026 22:21:49] "GET /actuator/configprops HTTP/1.1" 404 2390
Not Found: /actuator/logfile
[29/May/2026 22:21:49] code 400, message Bad request version ('\xc0\\x13\xc0')
[29/May/2026 22:21:49] You're accessing the development server over HTTPS, but it only supports HTTP.
[29/May/2026 22:21:49] "GET /actuator/logfile HTTP/1.1" 404 2378
[29/May/2026 22:21:49] code 400, message Bad request version ('\xc0\\x13\xc0')
[29/May/2026 22:21:49] You're accessing the development server over HTTPS, but it only supports HTTP.
[29/May/2026 22:21:49] code 400, message Bad request version ('\xc0\\x13\xc0')
[29/May/2026 22:21:49] You're accessing the development server over HTTPS, but it only supports HTTP.
Not Found: /actuator/threaddump
[29/May/2026 22:21:49] "GET /actuator/threaddump HTTP/1.1" 404 2387
Not Found: /actuator/dump
Not Found: /actuator/trace
[29/May/2026 22:21:49] "GET /actuator/dump HTTP/1.1" 404 2369
[29/May/2026 22:21:49] code 400, message Bad request version ('v#\xe5\xce')
[29/May/2026 22:21:49] You're accessing the development server over HTTPS, but it only supports HTTP.
[29/May/2026 22:21:49] code 400, message Bad request version ('\xc0\\x13\xc0')
[29/May/2026 22:21:49] You're accessing the development server over HTTPS, but it only supports HTTP.
[29/May/2026 22:21:49] "GET /actuator/trace HTTP/1.1" 404 2372
Not Found: /actuator/httptrace
[29/May/2026 22:21:49] "GET /actuator/httptrace HTTP/1.1" 404 2384
[29/May/2026 22:21:49] code 400, message Bad request version ('\xe8\xd0\xca\xa2\xa2\xf5ak\xc7')
[29/May/2026 22:21:49] You're accessing the development server over HTTPS, but it only supports HTTP.
Not Found: /actuator/auditevents
[29/May/2026 22:21:49] "GET /actuator/auditevents HTTP/1.1" 404 2390
[29/May/2026 22:21:49] code 400, message Bad request version ('\xc0\\x13\xc0')
[29/May/2026 22:21:49] You're accessing the development server over HTTPS, but it only supports HTTP.
[29/May/2026 22:21:49] code 400, message Bad request version ('\xc0\\x13\xc0')
[29/May/2026 22:21:49] You're accessing the development server over HTTPS, but it only supports HTTP.
[29/May/2026 22:21:49] code 400, message Bad request version ('\xc0\\x13\xc0')
[29/May/2026 22:21:49] You're accessing the development server over HTTPS, but it only supports HTTP.
Not Found: /heapdump
[29/May/2026 22:21:49] "GET /heapdump HTTP/1.1" 404 2354
Not Found: /actuator/sessions
[29/May/2026 22:21:49] "GET /actuator/sessions HTTP/1.1" 404 2381
[29/May/2026 22:21:49] code 400, message Bad request version ('\xc0\\x13\xc0')
[29/May/2026 22:21:49] You're accessing the development server over HTTPS, but it only supports HTTP.
Not Found: /configprops
[29/May/2026 22:21:49] "GET /configprops HTTP/1.1" 404 2363
Not Found: /env
[29/May/2026 22:21:49] "GET /env HTTP/1.1" 404 2339
[29/May/2026 22:21:49] code 400, message Bad HTTP/0.9 request type ('\\x16\\x03\\x01\\x00\xea\\x01\\x00\\x00\xe6\\x03\\x03?')
[29/May/2026 22:21:49] You're accessing the development server over HTTPS, but it only supports HTTP.
Not Found: /dump
[29/May/2026 22:21:49] "GET /dump HTTP/1.1" 404 2342
[29/May/2026 22:21:49] code 400, message Bad request version ('\xc0\\x13\xc0')
[29/May/2026 22:21:49] You're accessing the development server over HTTPS, but it only supports HTTP.
[29/May/2026 22:21:49] code 400, message Bad request version ('\xc0\\x13\xc0')
[29/May/2026 22:21:49] You're accessing the development server over HTTPS, but it only supports HTTP.
Not Found: /trace
[29/May/2026 22:21:49] "GET /trace HTTP/1.1" 404 2345
Not Found: /logfile
[29/May/2026 22:21:49] "GET /logfile HTTP/1.1" 404 2351
[29/May/2026 22:21:49] code 400, message Bad request version ('\xc0\\x13\xc0')
[29/May/2026 22:21:49] You're accessing the development server over HTTPS, but it only supports HTTP.
Not Found: /threaddump
[29/May/2026 22:21:49] code 400, message Bad request version ('\xc0\\x13\xc0')
[29/May/2026 22:21:49] You're accessing the development server over HTTPS, but it only supports HTTP.
[29/May/2026 22:21:49] "GET /threaddump HTTP/1.1" 404 2360
Not Found: /api/actuator/heapdump
[29/May/2026 22:21:49] code 400, message Bad request version ('\xc0\\x13\xc0')
[29/May/2026 22:21:50] You're accessing the development server over HTTPS, but it only supports HTTP.
[29/May/2026 22:21:49] "GET /api/actuator/heapdump HTTP/1.1" 404 2393
[29/May/2026 22:21:50] code 400, message Bad request version ('\xc0\\x13\xc0')
[29/May/2026 22:21:50] You're accessing the development server over HTTPS, but it only supports HTTP.
Not Found: /api/actuator/env
[29/May/2026 22:21:50] code 400, message Bad request version ('\xc0\\x13\xc0')
[29/May/2026 22:21:50] You're accessing the development server over HTTPS, but it only supports HTTP.
[29/May/2026 22:21:50] "GET /api/actuator/env HTTP/1.1" 404 2378
[29/May/2026 22:21:50] code 400, message Bad request version ('\xc0\\x13\xc0')
[29/May/2026 22:21:50] You're accessing the development server over HTTPS, but it only supports HTTP.
Not Found: /api/actuator/logfile
[29/May/2026 22:21:50] "GET /api/actuator/logfile HTTP/1.1" 404 2390
Not Found: /api/actuator/configprops
[29/May/2026 22:21:50] "GET /api/actuator/configprops HTTP/1.1" 404 2402
[29/May/2026 22:21:50] code 400, message Bad HTTP/0.9 request type ('\\x16\\x03\\x01\\x00\xea\\x01\\x00\\x00\xe6\\x03\\x03\xea\\x9b(\\x13\\\\')
[29/May/2026 22:21:50] You're accessing the development server over HTTPS, but it only supports HTTP.
[29/May/2026 22:21:50] code 400, message Bad request version ('\xc0\\x13\xc0')
[29/May/2026 22:21:50] You're accessing the development server over HTTPS, but it only supports HTTP.
Not Found: /api/heapdump
[29/May/2026 22:21:50] "GET /api/heapdump HTTP/1.1" 404 2366
[29/May/2026 22:21:50] code 400, message Bad HTTP/0.9 request type ('\\x16\\x03\\x01\\x00\xea\\x01\\x00\\x00\xe6\\x03\\x03w\\x90Zt\xed\\x07U')
[29/May/2026 22:21:50] You're accessing the development server over HTTPS, but it only supports HTTP.
[29/May/2026 22:21:50] code 400, message Bad request version ('\xc0\\x13\xc0')
[29/May/2026 22:21:50] You're accessing the development server over HTTPS, but it only supports HTTP.
[29/May/2026 22:21:50] code 400, message Bad HTTP/0.9 request type ('\\x16\\x03\\x01\\x00\xea\\x01\\x00\\x00\xe6\\x03\\x03\xf8\\x88g\xdf\xd8\xb2\xb7\\x132Hk\xc9\xd4\xf2*')
[29/May/2026 22:21:50] You're accessing the development server over HTTPS, but it only supports HTTP.
[29/May/2026 22:21:50] code 400, message Bad request syntax ('\\x16\\x03\\x01\\x00\xea\\x01\\x00\\x00\xe6\\x03\\x03\\x9d\\x97\xc2\\x8f9\xa3\\x97t\\x9cv\\x80\\x83K\xf3B\xc1\\x9d\\x8e?\\x82\\x91fV\\x12\xac\\x89\xa6\xc2\\x9d7')
[29/May/2026 22:21:50] You're accessing the development server over HTTPS, but it only supports HTTP.
[29/May/2026 22:21:50] code 400, message Bad request version ('\xc0\\x13\xc0')
[29/May/2026 22:21:50] You're accessing the development server over HTTPS, but it only supports HTTP.
[29/May/2026 22:21:50] code 400, message Bad request version ('\xc0\\x13\xc0')
[29/May/2026 22:21:50] You're accessing the development server over HTTPS, but it only supports HTTP.
Not Found: /api/configprops
[29/May/2026 22:21:50] "GET /api/configprops HTTP/1.1" 404 2375
Not Found: /api/env
[29/May/2026 22:21:50] "GET /api/env HTTP/1.1" 404 2351
[29/May/2026 22:21:50] code 400, message Bad request version ('\xc0\\x13\xc0')
[29/May/2026 22:21:50] You're accessing the development server over HTTPS, but it only supports HTTP.
[29/May/2026 22:21:50] code 400, message Bad request version ('\xc0\\x13\xc0')
[29/May/2026 22:21:50] You're accessing the development server over HTTPS, but it only supports HTTP.
[29/May/2026 22:21:50] code 400, message Bad request version ('\xc0\\x13\xc0')
[29/May/2026 22:21:50] You're accessing the development server over HTTPS, but it only supports HTTP.
Not Found: /app/actuator/heapdump
[29/May/2026 22:21:50] "GET /app/actuator/heapdump HTTP/1.1" 404 2393
[29/May/2026 22:21:50] code 400, message Bad request version ('\xc0\\x13\xc0')
[29/May/2026 22:21:50] You're accessing the development server over HTTPS, but it only supports HTTP.
[29/May/2026 22:21:50] code 400, message Bad request version ('\xc0\\x13\xc0')
[29/May/2026 22:21:50] You're accessing the development server over HTTPS, but it only supports HTTP.
Not Found: /app/actuator/env
[29/May/2026 22:21:50] "GET /app/actuator/env HTTP/1.1" 404 2378
[29/May/2026 22:21:50] code 400, message Bad request version ('\xc0\\x13\xc0')
[29/May/2026 22:21:50] You're accessing the development server over HTTPS, but it only supports HTTP.
[29/May/2026 22:21:50] code 400, message Bad request syntax ('\\x16\\x03\\x01\\x00\xea\\x01\\x00\\x00\xe6\\x03\\x03V(')
[29/May/2026 22:21:50] You're accessing the development server over HTTPS, but it only supports HTTP.
Not Found: /app/actuator/configprops
[29/May/2026 22:21:50] "GET /app/actuator/configprops HTTP/1.1" 404 2402
[29/May/2026 22:21:50] code 400, message Bad request version ('\xc0\\x13\xc0')
[29/May/2026 22:21:50] You're accessing the development server over HTTPS, but it only supports HTTP.
Not Found: /app/actuator/logfile
[29/May/2026 22:21:50] "GET /app/actuator/logfile HTTP/1.1" 404 2390
[29/May/2026 22:21:50] code 400, message Bad request version ('\xc0\\x13\xc0')
[29/May/2026 22:21:50] You're accessing the development server over HTTPS, but it only supports HTTP.
[29/May/2026 22:21:50] code 400, message Bad request version ('\xc0\\x13\xc0')
[29/May/2026 22:21:50] You're accessing the development server over HTTPS, but it only supports HTTP.
[29/May/2026 22:21:50] code 400, message Bad request version ('\xc0\\x13\xc0')
[29/May/2026 22:21:50] You're accessing the development server over HTTPS, but it only supports HTTP.
[29/May/2026 22:21:50] code 400, message Bad request version ('\xc0\\x13\xc0')
[29/May/2026 22:21:50] You're accessing the development server over HTTPS, but it only supports HTTP.
[29/May/2026 22:21:50] code 400, message Bad request version ('\xc0\\x13\xc0')
[29/May/2026 22:21:50] You're accessing the development server over HTTPS, but it only supports HTTP.
Not Found: /app/heapdump
[29/May/2026 22:21:50] "GET /app/heapdump HTTP/1.1" 404 2366
[29/May/2026 22:21:50] code 400, message Bad request version ('\xc0\\x13\xc0')
[29/May/2026 22:21:50] You're accessing the development server over HTTPS, but it only supports HTTP.
[29/May/2026 22:21:50] code 400, message Bad request version ('\xc0\\x13\xc0')
[29/May/2026 22:21:50] You're accessing the development server over HTTPS, but it only supports HTTP.
[29/May/2026 22:21:50] code 400, message Bad request version ('\xc0\\x13\xc0')
[29/May/2026 22:21:50] You're accessing the development server over HTTPS, but it only supports HTTP.
[29/May/2026 22:21:50] code 400, message Bad request version ('\xc0\\x13\xc0')
[29/May/2026 22:21:50] You're accessing the development server over HTTPS, but it only supports HTTP.
[29/May/2026 22:21:50] code 400, message Bad request version ('\xc0\\x13\xc0')
[29/May/2026 22:21:50] You're accessing the development server over HTTPS, but it only supports HTTP.
Not Found: /v1/actuator/heapdump
[29/May/2026 22:21:50] "GET /v1/actuator/heapdump HTTP/1.1" 404 2390
[29/May/2026 22:21:50] code 400, message Bad request version ('\xc0\\x13\xc0')
[29/May/2026 22:21:50] You're accessing the development server over HTTPS, but it only supports HTTP.
[29/May/2026 22:21:50] code 400, message Bad request version ('\xc0\\x13\xc0')
[29/May/2026 22:21:50] You're accessing the development server over HTTPS, but it only supports HTTP.
[29/May/2026 22:21:50] code 400, message Bad request version ('\xc0\\x13\xc0')
[29/May/2026 22:21:50] You're accessing the development server over HTTPS, but it only supports HTTP.
Not Found: /v1/actuator/env
[29/May/2026 22:21:50] "GET /v1/actuator/env HTTP/1.1" 404 2375
[29/May/2026 22:21:50] code 400, message Bad request version ('\xc0\\x13\xc0')
[29/May/2026 22:21:50] You're accessing the development server over HTTPS, but it only supports HTTP.
Not Found: /v1/actuator/configprops
[29/May/2026 22:21:50] "GET /v1/actuator/configprops HTTP/1.1" 404 2399
[29/May/2026 22:21:50] code 400, message Bad request version ('\xc0\\x13\xc0')
[29/May/2026 22:21:50] You're accessing the development server over HTTPS, but it only supports HTTP.
[29/May/2026 22:21:50] code 400, message Bad request version ('\xc0\\x13\xc0')
[29/May/2026 22:21:50] You're accessing the development server over HTTPS, but it only supports HTTP.
[29/May/2026 22:21:50] code 400, message Bad request version ('\xc0\\x13\xc0')
[29/May/2026 22:21:50] You're accessing the development server over HTTPS, but it only supports HTTP.
[29/May/2026 22:21:50] code 400, message Bad request version ('\xc0\\x13\xc0')
[29/May/2026 22:21:50] You're accessing the development server over HTTPS, but it only supports HTTP.
[29/May/2026 22:21:50] code 400, message Bad request version ('\xc0\\x13\xc0')
[29/May/2026 22:21:50] You're accessing the development server over HTTPS, but it only supports HTTP.
Not Found: /v2/actuator/heapdump
[29/May/2026 22:21:50] "GET /v2/actuator/heapdump HTTP/1.1" 404 2390
[29/May/2026 22:21:50] code 400, message Bad request version ('\xc0\\x13\xc0')
[29/May/2026 22:21:50] You're accessing the development server over HTTPS, but it only supports HTTP.
Not Found: /v2/actuator/env
[29/May/2026 22:21:50] "GET /v2/actuator/env HTTP/1.1" 404 2375
[29/May/2026 22:21:50] code 400, message Bad request version ('\xc0\\x13\xc0')
[29/May/2026 22:21:50] You're accessing the development server over HTTPS, but it only supports HTTP.
[29/May/2026 22:21:50] code 400, message Bad request version ('\xc0\\x13\xc0')
[29/May/2026 22:21:50] You're accessing the development server over HTTPS, but it only supports HTTP.
[29/May/2026 22:21:50] code 400, message Bad request version ('\xc0\\x13\xc0')
[29/May/2026 22:21:50] You're accessing the development server over HTTPS, but it only supports HTTP.
[29/May/2026 22:21:50] code 400, message Bad request version ('\xc0\\x13\xc0')
[29/May/2026 22:21:50] You're accessing the development server over HTTPS, but it only supports HTTP.
[29/May/2026 22:21:50] code 400, message Bad request version ('\xc0\\x13\xc0')
[29/May/2026 22:21:50] You're accessing the development server over HTTPS, but it only supports HTTP.
[29/May/2026 22:21:50] code 400, message Bad request version ('\xfa\xdf\xc3\\x822\xb7')
[29/May/2026 22:21:50] You're accessing the development server over HTTPS, but it only supports HTTP.
[29/May/2026 22:21:50] code 400, message Bad request version ('\xc0\\x13\xc0')
[29/May/2026 22:21:50] You're accessing the development server over HTTPS, but it only supports HTTP.
[29/May/2026 22:21:50] code 400, message Bad request version ('\xc0\\x13\xc0')
[29/May/2026 22:21:50] You're accessing the development server over HTTPS, but it only supports HTTP.
[29/May/2026 22:21:50] code 400, message Bad request version ('\xc0\\x13\xc0')
[29/May/2026 22:21:50] You're accessing the development server over HTTPS, but it only supports HTTP.
[29/May/2026 22:21:50] code 400, message Bad request version ('\xc4\xf9')
[29/May/2026 22:21:50] You're accessing the development server over HTTPS, but it only supports HTTP.
Not Found: /v2/actuator/configprops
[29/May/2026 22:21:50] "GET /v2/actuator/configprops HTTP/1.1" 404 2399
[29/May/2026 22:21:50] code 400, message Bad request version ('\xc0\\x13\xc0')
[29/May/2026 22:21:50] You're accessing the development server over HTTPS, but it only supports HTTP.
[29/May/2026 22:21:50] code 400, message Bad request version ('\xc0\\x13\xc0')
[29/May/2026 22:21:50] You're accessing the development server over HTTPS, but it only supports HTTP.
[29/May/2026 22:21:50] code 400, message Bad request version ('\xc0\\x13\xc0')
[29/May/2026 22:21:50] You're accessing the development server over HTTPS, but it only supports HTTP.
[29/May/2026 22:21:50] code 400, message Bad request version ('\xc0\\x13\xc0')
[29/May/2026 22:21:50] You're accessing the development server over HTTPS, but it only supports HTTP.
[29/May/2026 22:21:50] code 400, message Bad request version ('\xe1\\x9b\\x91\xdb\\x9a\xf8\\x03n\\x9b}\xd8\xe3\xe9`\xca\\x16\xb6w\xf1\xc9c\xe9\xc1\\x91q0\xd6&')
[29/May/2026 22:21:50] You're accessing the development server over HTTPS, but it only supports HTTP.
[29/May/2026 22:21:50] code 400, message Bad request version ('\xc0\\x13\xc0')
[29/May/2026 22:21:50] You're accessing the development server over HTTPS, but it only supports HTTP.
[29/May/2026 22:21:50] code 400, message Bad request version ('\xc0\\x13\xc0')
[29/May/2026 22:21:50] You're accessing the development server over HTTPS, but it only supports HTTP.
[29/May/2026 22:21:50] code 400, message Bad request version ('\xff\xe8]\xe0)\\x18\\x06\xd8i')
[29/May/2026 22:21:50] You're accessing the development server over HTTPS, but it only supports HTTP.
[29/May/2026 22:21:50] code 400, message Bad request version ('\xc0\\x13\xc0')
[29/May/2026 22:21:50] You're accessing the development server over HTTPS, but it only supports HTTP.
Not Found: /backend/actuator/heapdump
[29/May/2026 22:21:50] "GET /backend/actuator/heapdump HTTP/1.1" 404 2405
[29/May/2026 22:21:50] code 400, message Bad request version ('\xc0\\x13\xc0')
[29/May/2026 22:21:50] You're accessing the development server over HTTPS, but it only supports HTTP.
[29/May/2026 22:21:50] code 400, message Bad request version ('\xc0\\x13\xc0')
[29/May/2026 22:21:50] You're accessing the development server over HTTPS, but it only supports HTTP.
Not Found: /backend/actuator/env
[29/May/2026 22:21:50] "GET /backend/actuator/env HTTP/1.1" 404 2390
[29/May/2026 22:21:50] code 400, message Bad request version ('\xc0\\x13\xc0')
[29/May/2026 22:21:50] You're accessing the development server over HTTPS, but it only supports HTTP.
[29/May/2026 22:21:50] code 400, message Bad request version ('\xc0\\x13\xc0')
[29/May/2026 22:21:50] You're accessing the development server over HTTPS, but it only supports HTTP.
Not Found: /backend/actuator/configprops
[29/May/2026 22:21:50] "GET /backend/actuator/configprops HTTP/1.1" 404 2414
[29/May/2026 22:21:50] code 400, message Bad request version ('tp\xfb\xd0\\x9f\xefw\\x87@\xdc\xc1.\xa4Uv\xfd\\x1b\xc4\xf2t\\x93')
[29/May/2026 22:21:50] You're accessing the development server over HTTPS, but it only supports HTTP.
[29/May/2026 22:21:50] code 400, message Bad request version ('\xc0\\x13\xc0')
[29/May/2026 22:21:50] You're accessing the development server over HTTPS, but it only supports HTTP.
[29/May/2026 22:21:50] code 400, message Bad request syntax ('\\x16\\x03\\x01\\x00\xea\\x01\\x00\\x00\xe6\\x03\\x03\\x9c0\\x82')
[29/May/2026 22:21:50] You're accessing the development server over HTTPS, but it only supports HTTP.
[29/May/2026 22:21:50] code 400, message Bad request version ('\xc0\\x13\xc0')
[29/May/2026 22:21:50] You're accessing the development server over HTTPS, but it only supports HTTP.
Not Found: /server/actuator/heapdump
[29/May/2026 22:21:50] "GET /server/actuator/heapdump HTTP/1.1" 404 2402
[29/May/2026 22:21:50] code 400, message Bad request version ('\xc0\\x13\xc0')
[29/May/2026 22:21:50] You're accessing the development server over HTTPS, but it only supports HTTP.
Not Found: /server/actuator/env
[29/May/2026 22:21:50] "GET /server/actuator/env HTTP/1.1" 404 2387
[29/May/2026 22:21:50] code 400, message Bad request syntax ('\\x16\\x03\\x01\\x00\xea\\x01\\x00\\x00\xe6\\x03\\x03\\x01\\x11qV\\x95G\xe2\xba\xd1\xc0\\x8e\\x87\xa94\xd3P\xec')
[29/May/2026 22:21:50] You're accessing the development server over HTTPS, but it only supports HTTP.
[29/May/2026 22:21:50] code 400, message Bad request version ('\xc0\\x13\xc0')
[29/May/2026 22:21:50] You're accessing the development server over HTTPS, but it only supports HTTP.
[29/May/2026 22:21:50] code 400, message Bad request version ('\xc0\\x13\xc0')
[29/May/2026 22:21:50] You're accessing the development server over HTTPS, but it only supports HTTP.
[29/May/2026 22:21:50] code 400, message Bad request version ('\xc0\\x13\xc0')
[29/May/2026 22:21:50] You're accessing the development server over HTTPS, but it only supports HTTP.
[29/May/2026 22:21:50] code 400, message Bad request version ('\xc0\\x13\xc0')
[29/May/2026 22:21:50] You're accessing the development server over HTTPS, but it only supports HTTP.
[29/May/2026 22:21:50] code 400, message Bad request version ('\xc0\\x13\xc0')
[29/May/2026 22:21:50] You're accessing the development server over HTTPS, but it only supports HTTP.
[29/May/2026 22:21:50] code 400, message Bad request syntax ('\\x16\\x03\\x01\\x00\xea\\x01\\x00\\x00\xe6\\x03\\x03\\x03jzO9\xeaP\xb1\\x9ak\\x96W\xfb\xd2')
[29/May/2026 22:21:50] You're accessing the development server over HTTPS, but it only supports HTTP.
[29/May/2026 22:21:50] code 400, message Bad request version ('\xc0\\x13\xc0')
[29/May/2026 22:21:50] You're accessing the development server over HTTPS, but it only supports HTTP.
Not Found: /internal/actuator/heapdump
[29/May/2026 22:21:50] "GET /internal/actuator/heapdump HTTP/1.1" 404 2408
[29/May/2026 22:21:50] code 400, message Bad request version ('\xc0\\x13\xc0')
[29/May/2026 22:21:50] You're accessing the development server over HTTPS, but it only supports HTTP.
[29/May/2026 22:21:50] code 400, message Bad request version ('\xc0\\x13\xc0')
[29/May/2026 22:21:50] You're accessing the development server over HTTPS, but it only supports HTTP.
[29/May/2026 22:21:50] code 400, message Bad request version ('\xc0\\x13\xc0')
[29/May/2026 22:21:50] You're accessing the development server over HTTPS, but it only supports HTTP.
[29/May/2026 22:21:50] code 400, message Bad request version ('\xc0\\x13\xc0')
[29/May/2026 22:21:50] You're accessing the development server over HTTPS, but it only supports HTTP.
[29/May/2026 22:21:50] code 400, message Bad request version ('\xc0\\x13\xc0')
[29/May/2026 22:21:50] You're accessing the development server over HTTPS, but it only supports HTTP.
[29/May/2026 22:21:50] code 400, message Bad request version ('\xc0\\x13\xc0')
[29/May/2026 22:21:50] You're accessing the development server over HTTPS, but it only supports HTTP.
[29/May/2026 22:21:50] code 400, message Bad request version ('\xc0\\x13\xc0')
[29/May/2026 22:21:50] You're accessing the development server over HTTPS, but it only supports HTTP.
Not Found: /internal/actuator/env
[29/May/2026 22:21:50] "GET /internal/actuator/env HTTP/1.1" 404 2393
[29/May/2026 22:21:50] code 400, message Bad request version ('\xc0\\x13\xc0')
[29/May/2026 22:21:50] You're accessing the development server over HTTPS, but it only supports HTTP.
Not Found: /.aws/credentials
[29/May/2026 22:21:50] "GET /.aws/credentials HTTP/1.1" 404 2378
[29/May/2026 22:21:50] code 400, message Bad request version ('\xf6."\\x19G7\\x118\xde\xf7\\x01\\x14s3\xcc')
[29/May/2026 22:21:50] You're accessing the development server over HTTPS, but it only supports HTTP.
Not Found: /.aws/config
[29/May/2026 22:21:50] "GET /.aws/config HTTP/1.1" 404 2363
[29/May/2026 22:21:50] code 400, message Bad request version ('\xc0\\x13\xc0')
[29/May/2026 22:21:50] You're accessing the development server over HTTPS, but it only supports HTTP.
Not Found: /.gcloud/credentials.json
[29/May/2026 22:21:50] "GET /.gcloud/credentials.json HTTP/1.1" 404 2402
[29/May/2026 22:21:50] code 400, message Bad request version ('\xc0\\x13\xc0')
[29/May/2026 22:21:50] You're accessing the development server over HTTPS, but it only supports HTTP.
Not Found: /.config/gcloud/credentials.db
[29/May/2026 22:21:50] "GET /.config/gcloud/credentials.db HTTP/1.1" 404 2417
[29/May/2026 22:21:50] code 400, message Bad request version ('\xc0\\x13\xc0')
[29/May/2026 22:21:50] You're accessing the development server over HTTPS, but it only supports HTTP.
[29/May/2026 22:21:50] code 400, message Bad request version ('\xc0\\x13\xc0')
[29/May/2026 22:21:50] You're accessing the development server over HTTPS, but it only supports HTTP.
[29/May/2026 22:21:50] code 400, message Bad request version ('\xc0\\x13\xc0')
[29/May/2026 22:21:50] You're accessing the development server over HTTPS, but it only supports HTTP.
[29/May/2026 22:21:50] code 400, message Bad request version ('\xc0\\x13\xc0')
[29/May/2026 22:21:50] You're accessing the development server over HTTPS, but it only supports HTTP.
Not Found: /.azure/credentials
[29/May/2026 22:21:50] "GET /.azure/credentials HTTP/1.1" 404 2384
[29/May/2026 22:21:50] code 400, message Bad request version ('\xc0\\x13\xc0')
[29/May/2026 22:21:50] You're accessing the development server over HTTPS, but it only supports HTTP.
Not Found: /credentials
[29/May/2026 22:21:50] "GET /credentials HTTP/1.1" 404 2363
[29/May/2026 22:21:50] code 400, message Bad request version ('\xc0\\x13\xc0')
[29/May/2026 22:21:50] You're accessing the development server over HTTPS, but it only supports HTTP.
[29/May/2026 22:21:50] code 400, message Bad request version ('\xc0\\x13\xc0')
[29/May/2026 22:21:50] You're accessing the development server over HTTPS, but it only supports HTTP.
Not Found: /aws.json
[29/May/2026 22:21:50] code 400, message Bad request version ('%N')
[29/May/2026 22:21:50] You're accessing the development server over HTTPS, but it only supports HTTP.
[29/May/2026 22:21:50] "GET /aws.json HTTP/1.1" 404 2354
[29/May/2026 22:21:50] code 400, message Bad request version ('\xc0\\x13\xc0')
[29/May/2026 22:21:50] You're accessing the development server over HTTPS, but it only supports HTTP.
Not Found: /aws_credentials.json
[29/May/2026 22:21:50] "GET /aws_credentials.json HTTP/1.1" 404 2390
[29/May/2026 22:21:50] code 400, message Bad request version ('\xc8[g\xc2\\x8d\xe2\xf0\xa1')
[29/May/2026 22:21:50] You're accessing the development server over HTTPS, but it only supports HTTP.
Not Found: /aws-credentials.json
[29/May/2026 22:21:50] "GET /aws-credentials.json HTTP/1.1" 404 2390
[29/May/2026 22:21:50] code 400, message Bad request version ('\xc0\\x13\xc0')
[29/May/2026 22:21:50] You're accessing the development server over HTTPS, but it only supports HTTP.
Not Found: /service-account.json
[29/May/2026 22:21:50] "GET /service-account.json HTTP/1.1" 404 2390
[29/May/2026 22:21:50] code 400, message Bad request version ('\xc0\\x13\xc0')
[29/May/2026 22:21:50] You're accessing the development server over HTTPS, but it only supports HTTP.
[29/May/2026 22:21:50] code 400, message Bad request version ('\xc0\\x13\xc0')
[29/May/2026 22:21:50] You're accessing the development server over HTTPS, but it only supports HTTP.
Not Found: /serviceaccount.json
[29/May/2026 22:21:50] "GET /serviceaccount.json HTTP/1.1" 404 2387
[29/May/2026 22:21:50] code 400, message Bad HTTP/0.9 request type ('\\x16\\x03\\x01\\x00\xea\\x01\\x00\\x00\xe6\\x03\\x03')
[29/May/2026 22:21:50] You're accessing the development server over HTTPS, but it only supports HTTP.
[29/May/2026 22:21:50] code 400, message Bad request version ('\xc0\\x13\xc0')
[29/May/2026 22:21:50] You're accessing the development server over HTTPS, but it only supports HTTP.
Not Found: /google-credentials.json
[29/May/2026 22:21:50] "GET /google-credentials.json HTTP/1.1" 404 2399
[29/May/2026 22:21:50] code 400, message Bad request version ('\xc0\\x13\xc0')
[29/May/2026 22:21:50] You're accessing the development server over HTTPS, but it only supports HTTP.
[29/May/2026 22:21:50] code 400, message Bad request version ('\xc0\\x13\xc0')
[29/May/2026 22:21:50] You're accessing the development server over HTTPS, but it only supports HTTP.
[29/May/2026 22:21:50] code 400, message Bad request version ('\xc0\\x13\xc0')
[29/May/2026 22:21:50] You're accessing the development server over HTTPS, but it only supports HTTP.
Not Found: /gcp-credentials.json
[29/May/2026 22:21:50] "GET /gcp-credentials.json HTTP/1.1" 404 2390
Not Found: /gcp.json
[29/May/2026 22:21:50] "GET /gcp.json HTTP/1.1" 404 2354
[29/May/2026 22:21:50] code 400, message Bad request version ('\xc0\\x13\xc0')
[29/May/2026 22:21:50] You're accessing the development server over HTTPS, but it only supports HTTP.
[29/May/2026 22:21:50] code 400, message Bad request version ('\xc0\\x13\xc0')
[29/May/2026 22:21:50] You're accessing the development server over HTTPS, but it only supports HTTP.
Not Found: /firebase-credentials.json
[29/May/2026 22:21:50] "GET /firebase-credentials.json HTTP/1.1" 404 2405
[29/May/2026 22:21:50] code 400, message Bad request version ('\xc0\\x13\xc0')
[29/May/2026 22:21:50] You're accessing the development server over HTTPS, but it only supports HTTP.
Not Found: /firebase-adminsdk.json
[29/May/2026 22:21:50] "GET /firebase-adminsdk.json HTTP/1.1" 404 2396
[29/May/2026 22:21:50] code 400, message Bad request version ('\xc0\\x13\xc0')
[29/May/2026 22:21:50] You're accessing the development server over HTTPS, but it only supports HTTP.
Not Found: /cloud.json
[29/May/2026 22:21:50] "GET /cloud.json HTTP/1.1" 404 2360
[29/May/2026 22:21:50] code 400, message Bad request version ('\xc0\\x13\xc0')
[29/May/2026 22:21:50] You're accessing the development server over HTTPS, but it only supports HTTP.
Not Found: /.credentials
[29/May/2026 22:21:51] "GET /.credentials HTTP/1.1" 404 2366
[29/May/2026 22:21:51] code 400, message Bad request version ('\xc0\\x13\xc0')
[29/May/2026 22:21:51] You're accessing the development server over HTTPS, but it only supports HTTP.
[29/May/2026 22:21:51] code 400, message Bad request version ('\xc0\\x13\xc0')
[29/May/2026 22:21:51] You're accessing the development server over HTTPS, but it only supports HTTP.
[29/May/2026 22:21:51] code 400, message Bad request version ('\\xad\xab\\x87\xb4=\xba\xdb\\x80&\xf0nu\\x02\xfb\xe8f\\x97\\x8f\xb9\xd2C\xe0M:\xcc;u\\x8f')
[29/May/2026 22:21:51] You're accessing the development server over HTTPS, but it only supports HTTP.
Not Found: /config/.aws/credentials
[29/May/2026 22:21:51] "GET /config/.aws/credentials HTTP/1.1" 404 2399
Not Found: /config/aws.json
[29/May/2026 22:21:51] "GET /config/aws.json HTTP/1.1" 404 2375
[29/May/2026 22:21:51] code 400, message Bad request version ('\xc0\\x13\xc0')
[29/May/2026 22:21:51] You're accessing the development server over HTTPS, but it only supports HTTP.
Not Found: /config/service-account.json
[29/May/2026 22:21:51] "GET /config/service-account.json HTTP/1.1" 404 2411
[29/May/2026 22:21:51] code 400, message Bad request version ('\xc0\\x13\xc0')
[29/May/2026 22:21:51] You're accessing the development server over HTTPS, but it only supports HTTP.
Not Found: /backend/service-account.json
[29/May/2026 22:21:51] "GET /backend/service-account.json HTTP/1.1" 404 2414
[29/May/2026 22:21:51] code 400, message Bad request version ('\xc0\\x13\xc0')
[29/May/2026 22:21:51] You're accessing the development server over HTTPS, but it only supports HTTP.
[29/May/2026 22:21:51] code 400, message Bad request version ('\xc3')
[29/May/2026 22:21:51] You're accessing the development server over HTTPS, but it only supports HTTP.
Not Found: /backend/aws.json
[29/May/2026 22:21:51] "GET /backend/aws.json HTTP/1.1" 404 2378
[29/May/2026 22:21:51] code 400, message Bad request version ('\xbb')
[29/May/2026 22:21:51] You're accessing the development server over HTTPS, but it only supports HTTP.
[29/May/2026 22:21:51] code 400, message Bad request version ('\xc0\\x13\xc0')
[29/May/2026 22:21:51] You're accessing the development server over HTTPS, but it only supports HTTP.
Not Found: /app/service-account.json
[29/May/2026 22:21:51] "GET /app/service-account.json HTTP/1.1" 404 2402
[29/May/2026 22:21:51] code 400, message Bad request version ('\xc0\\x13\xc0')
[29/May/2026 22:21:51] You're accessing the development server over HTTPS, but it only supports HTTP.
Not Found: /api/aws.json
[29/May/2026 22:21:51] "GET /api/aws.json HTTP/1.1" 404 2366
[29/May/2026 22:21:51] code 400, message Bad request version ('\xc0\\x13\xc0')
[29/May/2026 22:21:51] You're accessing the development server over HTTPS, but it only supports HTTP.
[29/May/2026 22:21:51] code 400, message Bad request version ('\xc0\\x13\xc0')
[29/May/2026 22:21:51] You're accessing the development server over HTTPS, but it only supports HTTP.
Not Found: /api/credentials.json
[29/May/2026 22:21:51] "GET /api/credentials.json HTTP/1.1" 404 2390
[29/May/2026 22:21:51] code 400, message Bad request version ('\xc0\\x13\xc0')
[29/May/2026 22:21:51] You're accessing the development server over HTTPS, but it only supports HTTP.
[29/May/2026 22:21:51] code 400, message Bad request version ('\xc0\\x13\xc0')
[29/May/2026 22:21:51] You're accessing the development server over HTTPS, but it only supports HTTP.
[29/May/2026 22:21:51] code 400, message Bad request version ('\xc0\\x13\xc0')
[29/May/2026 22:21:51] You're accessing the development server over HTTPS, but it only supports HTTP.
[29/May/2026 22:21:51] code 400, message Bad request version ('\xc0\\x13\xc0')
[29/May/2026 22:21:51] You're accessing the development server over HTTPS, but it only supports HTTP.
[29/May/2026 22:21:51] code 400, message Bad request version ('\xc0\\x13\xc0')
[29/May/2026 22:21:51] You're accessing the development server over HTTPS, but it only supports HTTP.
[29/May/2026 22:21:51] code 400, message Bad request version ('\xc0\\x13\xc0')
[29/May/2026 22:21:51] You're accessing the development server over HTTPS, but it only supports HTTP.
[29/May/2026 22:21:51] code 400, message Bad request version ('\xc0\\x13\xc0')
[29/May/2026 22:21:51] You're accessing the development server over HTTPS, but it only supports HTTP.
[29/May/2026 22:21:51] code 400, message Bad request version ('\xc0\\x13\xc0')
[29/May/2026 22:21:51] You're accessing the development server over HTTPS, but it only supports HTTP.
Not Found: /deploy/credentials.json
[29/May/2026 22:21:51] "GET /deploy/credentials.json HTTP/1.1" 404 2399
[29/May/2026 22:21:51] code 400, message Bad request version ('\xc0\\x13\xc0')
[29/May/2026 22:21:51] You're accessing the development server over HTTPS, but it only supports HTTP.
[29/May/2026 22:21:51] code 400, message Bad request version ('\xc0\\x13\xc0')
[29/May/2026 22:21:51] You're accessing the development server over HTTPS, but it only supports HTTP.
[29/May/2026 22:21:51] code 400, message Bad request version ('\xc0\\x13\xc0')
[29/May/2026 22:21:51] You're accessing the development server over HTTPS, but it only supports HTTP.
[29/May/2026 22:21:51] code 400, message Bad request version ('\xc0\\x13\xc0')
[29/May/2026 22:21:51] You're accessing the development server over HTTPS, but it only supports HTTP.
[29/May/2026 22:21:51] code 400, message Bad request version ('\xc0\\x13\xc0')
[29/May/2026 22:21:51] You're accessing the development server over HTTPS, but it only supports HTTP.
[29/May/2026 22:21:51] code 400, message Bad request version ('\xc0\\x13\xc0')
[29/May/2026 22:21:51] You're accessing the development server over HTTPS, but it only supports HTTP.
[29/May/2026 22:21:51] code 400, message Bad request version ('\xc0\\x13\xc0')
[29/May/2026 22:21:51] You're accessing the development server over HTTPS, but it only supports HTTP.
[29/May/2026 22:21:51] code 400, message Bad request version ('\xc0\\x13\xc0')
[29/May/2026 22:21:51] You're accessing the development server over HTTPS, but it only supports HTTP.
[29/May/2026 22:21:51] code 400, message Bad request version ('\xc0\\x13\xc0')
[29/May/2026 22:21:51] You're accessing the development server over HTTPS, but it only supports HTTP.
[29/May/2026 22:21:51] code 400, message Bad request version ('\xc0\\x13\xc0')
[29/May/2026 22:21:51] You're accessing the development server over HTTPS, but it only supports HTTP.
Not Found: /deploy/service-account.json
[29/May/2026 22:21:51] code 400, message Bad request version ('$E\xb8.\xac\xd9N\\x10{\xe5y{\xbd\xe3\xd2\xac\xf8*\\x93\xeawI\xb6\xb9\xd6\xc4\\x15;\xa2\xd3')
[29/May/2026 22:21:51] You're accessing the development server over HTTPS, but it only supports HTTP.
[29/May/2026 22:21:51] "GET /deploy/service-account.json HTTP/1.1" 404 2411
Not Found: /private/credentials.json
[29/May/2026 22:21:51] "GET /private/credentials.json HTTP/1.1" 404 2402
[29/May/2026 22:21:51] code 400, message Bad request version ('\xc0\\x13\xc0')
[29/May/2026 22:21:51] You're accessing the development server over HTTPS, but it only supports HTTP.
Not Found: /private/service-account.json
[29/May/2026 22:21:51] "GET /private/service-account.json HTTP/1.1" 404 2414
[29/May/2026 22:21:51] code 400, message Bad request version ('\xc0\\x13\xc0')
[29/May/2026 22:21:51] You're accessing the development server over HTTPS, but it only supports HTTP.
Not Found: /secrets/aws.json
[29/May/2026 22:21:51] "GET /secrets/aws.json HTTP/1.1" 404 2378
[29/May/2026 22:21:51] code 400, message Bad request version ('\xc0\\x13\xc0')
[29/May/2026 22:21:51] You're accessing the development server over HTTPS, but it only supports HTTP.
[29/May/2026 22:21:51] code 400, message Bad request version ('\xc0\\x13\xc0')
[29/May/2026 22:21:51] You're accessing the development server over HTTPS, but it only supports HTTP.
Not Found: /secrets/gcp.json
[29/May/2026 22:21:51] "GET /secrets/gcp.json HTTP/1.1" 404 2378
[29/May/2026 22:21:51] code 400, message Bad request syntax ('\\x16\\x03\\x01\\x00\xea\\x01\\x00\\x00\xe6\\x03\\x03\\x1d')
[29/May/2026 22:21:51] You're accessing the development server over HTTPS, but it only supports HTTP.
[29/May/2026 22:21:51] code 400, message Bad request version ('\\xad\\x14')
[29/May/2026 22:21:51] You're accessing the development server over HTTPS, but it only supports HTTP.
Not Found: /secrets/azure.json
[29/May/2026 22:21:51] "GET /secrets/azure.json HTTP/1.1" 404 2384
[29/May/2026 22:21:51] code 400, message Bad request version ('\xc0\\x13\xc0')
[29/May/2026 22:21:51] You're accessing the development server over HTTPS, but it only supports HTTP.
Not Found: /secrets/credentials.json
[29/May/2026 22:21:51] "GET /secrets/credentials.json HTTP/1.1" 404 2402
[29/May/2026 22:21:51] code 400, message Bad request version ('\xc0\\x13\xc0')
[29/May/2026 22:21:51] You're accessing the development server over HTTPS, but it only supports HTTP.
Not Found: /phpinfo.php
[29/May/2026 22:21:51] "GET /phpinfo.php HTTP/1.1" 404 2363
[29/May/2026 22:21:51] code 400, message Bad request version ('\xc0\\x13\xc0')
[29/May/2026 22:21:51] You're accessing the development server over HTTPS, but it only supports HTTP.
Not Found: /info.php
[29/May/2026 22:21:51] code 400, message Bad request version ('\xc0\\x13\xc0')
[29/May/2026 22:21:51] You're accessing the development server over HTTPS, but it only supports HTTP.
[29/May/2026 22:21:51] "GET /info.php HTTP/1.1" 404 2354
Not Found: /php.php
[29/May/2026 22:21:51] "GET /php.php HTTP/1.1" 404 2351
[29/May/2026 22:21:51] code 400, message Bad request version ('\xc0\\x13\xc0')
[29/May/2026 22:21:51] You're accessing the development server over HTTPS, but it only supports HTTP.
Not Found: /test.php
[29/May/2026 22:21:51] "GET /test.php HTTP/1.1" 404 2354
[29/May/2026 22:21:51] code 400, message Bad request version ('^9\\x02')
[29/May/2026 22:21:51] You're accessing the development server over HTTPS, but it only supports HTTP.
Not Found: /debug.php
[29/May/2026 22:21:51] "GET /debug.php HTTP/1.1" 404 2357
Not Found: /phptest.php
[29/May/2026 22:21:51] "GET /phptest.php HTTP/1.1" 404 2363
Not Found: /_profiler
[29/May/2026 22:21:51] code 400, message Bad request version ('\xc0\\x13\xc0')
[29/May/2026 22:21:51] You're accessing the development server over HTTPS, but it only supports HTTP.
[29/May/2026 22:21:51] "GET /_profiler HTTP/1.1" 404 2357
Not Found: /_profiler/phpinfo
[29/May/2026 22:21:51] "GET /_profiler/phpinfo HTTP/1.1" 404 2381
[29/May/2026 22:21:51] code 400, message Bad request version ('\xc0\\x13\xc0')
[29/May/2026 22:21:51] You're accessing the development server over HTTPS, but it only supports HTTP.
[29/May/2026 22:21:51] code 400, message Bad request version ('\xc0\\x13\xc0')
[29/May/2026 22:21:51] You're accessing the development server over HTTPS, but it only supports HTTP.
Not Found: /_profiler/open
[29/May/2026 22:21:51] "GET /_profiler/open HTTP/1.1" 404 2372
[29/May/2026 22:21:51] code 400, message Bad request version ('\xc0\\x13\xc0')
[29/May/2026 22:21:51] You're accessing the development server over HTTPS, but it only supports HTTP.
Not Found: /profiler
[29/May/2026 22:21:51] "GET /profiler HTTP/1.1" 404 2354
[29/May/2026 22:21:51] code 400, message Bad HTTP/0.9 request type ('\\x16\\x03\\x01\\x00\xea\\x01\\x00\\x00\xe6\\x03\\x03\\x19\xfd\xb5\xb2\xc6St\xf4\xa4\xd0\xa7\\x10\\\\\xa8\xe5)')
[29/May/2026 22:21:51] You're accessing the development server over HTTPS, but it only supports HTTP.
Not Found: /profiler/phpinfo
[29/May/2026 22:21:51] "GET /profiler/phpinfo HTTP/1.1" 404 2378
[29/May/2026 22:21:51] code 400, message Bad request version ('\xc0\\x13\xc0')
[29/May/2026 22:21:51] You're accessing the development server over HTTPS, but it only supports HTTP.
[29/May/2026 22:21:51] "GET /admin/phpinfo.php HTTP/1.1" 302 0
[29/May/2026 22:21:51] code 400, message Bad request version ("B\xe9=\\x97}\xd9\\x05\\x1a\xd7)r@<\xa8\xa4@19K&'\\x9a5\\x19")
[29/May/2026 22:21:51] You're accessing the development server over HTTPS, but it only supports HTTP.
Not Found: /api/phpinfo.php
[29/May/2026 22:21:51] "GET /api/phpinfo.php HTTP/1.1" 404 2375
Not Found: /docker-compose.yml
[29/May/2026 22:21:51] "GET /docker-compose.yml HTTP/1.1" 404 2384
[29/May/2026 22:21:51] code 400, message Bad request version ('\xc0\\x13\xc0')
[29/May/2026 22:21:51] You're accessing the development server over HTTPS, but it only supports HTTP.
Not Found: /docker-compose.yaml
[29/May/2026 22:21:51] "GET /docker-compose.yaml HTTP/1.1" 404 2387
Not Found: /docker-compose.prod.yml
[29/May/2026 22:21:51] "GET /docker-compose.prod.yml HTTP/1.1" 404 2399
Not Found: /docker-compose.prod.yaml
[29/May/2026 22:21:51] "GET /docker-compose.prod.yaml HTTP/1.1" 404 2402
[29/May/2026 22:21:51] code 400, message Bad request syntax ('\\x16\\x03\\x01\\x00\xea\\x01\\x00\\x00\xe6\\x03\\x03\xe0R\xe1e\xff\xcc\\x11\xe1v\\x10o\xbd\xe6\xe6\xba9\\x82\xc7\\x8e^\xa9')
[29/May/2026 22:21:51] You're accessing the development server over HTTPS, but it only supports HTTP.
[29/May/2026 22:21:51] code 400, message Bad request syntax ('\\x16\\x03\\x01\\x00\xea\\x01\\x00\\x00\xe6\\x03\\x03\\x06*\xf9')
[29/May/2026 22:21:51] You're accessing the development server over HTTPS, but it only supports HTTP.
[29/May/2026 22:21:51] code 400, message Bad request version ('\xc0\\x13\xc0')
[29/May/2026 22:21:51] You're accessing the development server over HTTPS, but it only supports HTTP.
[29/May/2026 22:21:51] code 400, message Bad request version ('\xc0\\x13\xc0')
[29/May/2026 22:21:51] You're accessing the development server over HTTPS, but it only supports HTTP.
[29/May/2026 22:21:51] code 400, message Bad request version ('\xc0\\x13\xc0')
[29/May/2026 22:21:51] You're accessing the development server over HTTPS, but it only supports HTTP.
[29/May/2026 22:21:51] code 400, message Bad request version ('\\x1aD"a\xb9O\\xad\xde\\x9f.\\x94\xdc\xb7\xc1@b\\x02jr\\x88:bgI\\x11+\\x87\\x81I')
[29/May/2026 22:21:51] You're accessing the development server over HTTPS, but it only supports HTTP.
[29/May/2026 22:21:51] code 400, message Bad request version ('\xc0\\x13\xc0')
[29/May/2026 22:21:51] You're accessing the development server over HTTPS, but it only supports HTTP.
[29/May/2026 22:21:51] code 400, message Bad request version ('\xc0\\x13\xc0')
[29/May/2026 22:21:51] You're accessing the development server over HTTPS, but it only supports HTTP.
[29/May/2026 22:21:51] code 400, message Bad request syntax ('\\x16\\x03\\x01\\x00\xea\\x01\\x00\\x00\xe6\\x03\\x03\xf9o\xb7\xd8\\x16\\\\\\x88\xb0rO\\x97shn\xe5\xe0\xa4\\\\r\xfb\\x83\xa8\xdd')
[29/May/2026 22:21:51] You're accessing the development server over HTTPS, but it only supports HTTP.
[29/May/2026 22:21:51] code 400, message Bad request version ('\xc0\\x13\xc0')
[29/May/2026 22:21:51] You're accessing the development server over HTTPS, but it only supports HTTP.
[29/May/2026 22:21:51] code 400, message Bad request version ('\xc0\\x13\xc0')
[29/May/2026 22:21:51] You're accessing the development server over HTTPS, but it only supports HTTP.
[29/May/2026 22:21:51] code 400, message Bad request version ('\xc0\\x13\xc0')
[29/May/2026 22:21:51] You're accessing the development server over HTTPS, but it only supports HTTP.
[29/May/2026 22:21:51] code 400, message Bad request version ('\xc0\\x13\xc0')
[29/May/2026 22:21:51] You're accessing the development server over HTTPS, but it only supports HTTP.
[29/May/2026 22:21:51] code 400, message Bad request version ('\xc0\\x13\xc0')
[29/May/2026 22:21:51] You're accessing the development server over HTTPS, but it only supports HTTP.
[29/May/2026 22:21:51] code 400, message Bad request version ('W}\xfc\xe3\\x11')
[29/May/2026 22:21:51] You're accessing the development server over HTTPS, but it only supports HTTP.
Not Found: /docker-compose.production.yml
[29/May/2026 22:21:51] "GET /docker-compose.production.yml HTTP/1.1" 404 2417
[29/May/2026 22:21:51] code 400, message Bad request version ('\xc0\\x13\xc0')
[29/May/2026 22:21:51] You're accessing the development server over HTTPS, but it only supports HTTP.
[29/May/2026 22:21:51] code 400, message Bad request version ('\xc0\\x13\xc0')
[29/May/2026 22:21:51] You're accessing the development server over HTTPS, but it only supports HTTP.
[29/May/2026 22:21:51] code 400, message Bad request version ('\xc0\\x13\xc0')
[29/May/2026 22:21:51] You're accessing the development server over HTTPS, but it only supports HTTP.
Not Found: /docker-compose.dev.yml
[29/May/2026 22:21:51] "GET /docker-compose.dev.yml HTTP/1.1" 404 2396
[29/May/2026 22:21:51] code 400, message Bad request version ('\xc0\\x13\xc0')
[29/May/2026 22:21:51] You're accessing the development server over HTTPS, but it only supports HTTP.
[29/May/2026 22:21:51] code 400, message Bad request version ('\xc0\\x13\xc0')
[29/May/2026 22:21:51] You're accessing the development server over HTTPS, but it only supports HTTP.
[29/May/2026 22:21:51] code 400, message Bad request version ('\xc0\\x13\xc0')
[29/May/2026 22:21:51] You're accessing the development server over HTTPS, but it only supports HTTP.
[29/May/2026 22:21:51] code 400, message Bad request version ('\xc0\\x13\xc0')
[29/May/2026 22:21:51] You're accessing the development server over HTTPS, but it only supports HTTP.
[29/May/2026 22:21:51] code 400, message Bad request version ('\xc0\\x13\xc0')
[29/May/2026 22:21:51] You're accessing the development server over HTTPS, but it only supports HTTP.
[29/May/2026 22:21:51] code 400, message Bad request syntax ('\\x16\\x03\\x01\\x00\xea\\x01\\x00\\x00\xe6\\x03\\x03\\x03?G\\x9b\\x83IU\xca5\\'\xac\xb5?\\x182~\xbe"\xf0\xeda\xfdg')
[29/May/2026 22:21:51] You're accessing the development server over HTTPS, but it only supports HTTP.
[29/May/2026 22:21:51] code 400, message Bad request version ('\xc0\\x13\xc0')
[29/May/2026 22:21:51] You're accessing the development server over HTTPS, but it only supports HTTP.
[29/May/2026 22:21:51] code 400, message Bad request version ('\xc0\\x13\xc0')
[29/May/2026 22:21:51] You're accessing the development server over HTTPS, but it only supports HTTP.
[29/May/2026 22:21:51] code 400, message Bad request version ('\xc0\\x13\xc0')
[29/May/2026 22:21:51] You're accessing the development server over HTTPS, but it only supports HTTP.
[29/May/2026 22:21:51] code 400, message Bad request version ('>\\x97J\\x9a}\\\\\xcf\xfd\xb6\xb1a\xeaY\\x10')
[29/May/2026 22:21:51] You're accessing the development server over HTTPS, but it only supports HTTP.
[29/May/2026 22:21:51] code 400, message Bad request version ('\xc0\\x13\xc0')
[29/May/2026 22:21:51] You're accessing the development server over HTTPS, but it only supports HTTP.
[29/May/2026 22:21:51] code 400, message Bad request version ('\xc0\\x13\xc0')
[29/May/2026 22:21:51] You're accessing the development server over HTTPS, but it only supports HTTP.
[29/May/2026 22:21:51] code 400, message Bad request version ('B\xdb`\\x8cW\xf1\xd9\xde')
[29/May/2026 22:21:51] You're accessing the development server over HTTPS, but it only supports HTTP.
[29/May/2026 22:21:51] code 400, message Bad request version ('\xc0\\x13\xc0')
[29/May/2026 22:21:51] You're accessing the development server over HTTPS, but it only supports HTTP.
[29/May/2026 22:21:51] code 400, message Bad request version ('\xc0\\x13\xc0')
[29/May/2026 22:21:51] You're accessing the development server over HTTPS, but it only supports HTTP.
Not Found: /docker-compose.staging.yml
[29/May/2026 22:21:51] "GET /docker-compose.staging.yml HTTP/1.1" 404 2408
[29/May/2026 22:21:51] code 400, message Bad request version ('\xc0\\x13\xc0')
[29/May/2026 22:21:51] You're accessing the development server over HTTPS, but it only supports HTTP.
Not Found: /docker-compose.override.yml
[29/May/2026 22:21:51] "GET /docker-compose.override.yml HTTP/1.1" 404 2411
[29/May/2026 22:21:51] code 400, message Bad request version ('\xc0\\x13\xc0')
[29/May/2026 22:21:51] You're accessing the development server over HTTPS, but it only supports HTTP.
Not Found: /docker-compose.local.yml
[29/May/2026 22:21:51] "GET /docker-compose.local.yml HTTP/1.1" 404 2402
[29/May/2026 22:21:51] code 400, message Bad request version ('\xc0\\x13\xc0')
[29/May/2026 22:21:51] You're accessing the development server over HTTPS, but it only supports HTTP.
Not Found: /Dockerfile
[29/May/2026 22:21:51] "GET /Dockerfile HTTP/1.1" 404 2360
Not Found: /.docker/config.json
[29/May/2026 22:21:51] "GET /.docker/config.json HTTP/1.1" 404 2387
[29/May/2026 22:21:51] code 400, message Bad request version ('\xc0\\x13\xc0')
[29/May/2026 22:21:51] You're accessing the development server over HTTPS, but it only supports HTTP.
Not Found: /api/docker-compose.yml
[29/May/2026 22:21:51] "GET /api/docker-compose.yml HTTP/1.1" 404 2396
[29/May/2026 22:21:51] code 400, message Bad request version ('\xc0\\x13\xc0')
[29/May/2026 22:21:51] You're accessing the development server over HTTPS, but it only supports HTTP.
[29/May/2026 22:21:51] code 400, message Bad request syntax ('\\x16\\x03\\x01\\x00\xea\\x01\\x00\\x00\xe6\\x03\\x03\\x91p\xf0\xfa>\\x14\xf4\xba\xc9\xa1RR\xe9\xe9\xbe\xd2\\x08\\x03@\xa7\xec')
[29/May/2026 22:21:51] You're accessing the development server over HTTPS, but it only supports HTTP.
Not Found: /api/docker-compose.prod.yml
[29/May/2026 22:21:51] "GET /api/docker-compose.prod.yml HTTP/1.1" 404 2411
[29/May/2026 22:21:51] code 400, message Bad request version ('\xc0\\x13\xc0')
[29/May/2026 22:21:51] You're accessing the development server over HTTPS, but it only supports HTTP.
[29/May/2026 22:21:51] code 400, message Bad request version ('\xc0\\x13\xc0')
[29/May/2026 22:21:51] You're accessing the development server over HTTPS, but it only supports HTTP.
[29/May/2026 22:21:51] code 400, message Bad request version ('\xc0\\x13\xc0')
[29/May/2026 22:21:51] You're accessing the development server over HTTPS, but it only supports HTTP.
[29/May/2026 22:21:51] code 400, message Bad request version ('\xc0\\x13\xc0')
[29/May/2026 22:21:51] You're accessing the development server over HTTPS, but it only supports HTTP.
[29/May/2026 22:21:51] code 400, message Bad request version ('\xc0\\x13\xc0')
[29/May/2026 22:21:51] You're accessing the development server over HTTPS, but it only supports HTTP.
[29/May/2026 22:21:51] code 400, message Bad request version ('\xc0\\x13\xc0')
[29/May/2026 22:21:51] You're accessing the development server over HTTPS, but it only supports HTTP.
[29/May/2026 22:21:51] code 400, message Bad request version ('\xc0\\x13\xc0')
[29/May/2026 22:21:51] You're accessing the development server over HTTPS, but it only supports HTTP.
[29/May/2026 22:21:51] code 400, message Bad request version ('\xc0\\x13\xc0')
[29/May/2026 22:21:51] You're accessing the development server over HTTPS, but it only supports HTTP.
Not Found: /app/docker-compose.yml
[29/May/2026 22:21:51] "GET /app/docker-compose.yml HTTP/1.1" 404 2396
Not Found: /app/docker-compose.prod.yml
[29/May/2026 22:21:51] "GET /app/docker-compose.prod.yml HTTP/1.1" 404 2411
Not Found: /backend/docker-compose.yml
[29/May/2026 22:21:51] "GET /backend/docker-compose.yml HTTP/1.1" 404 2408
Not Found: /backend/docker-compose.prod.yml
[29/May/2026 22:21:51] "GET /backend/docker-compose.prod.yml HTTP/1.1" 404 2423
[29/May/2026 22:21:51] code 400, message Bad request version ('\xc0\\x13\xc0')
[29/May/2026 22:21:51] You're accessing the development server over HTTPS, but it only supports HTTP.
Not Found: /deploy/docker-compose.yml
[29/May/2026 22:21:51] "GET /deploy/docker-compose.yml HTTP/1.1" 404 2405
[29/May/2026 22:21:51] code 400, message Bad request version ('\\x15')
[29/May/2026 22:21:51] You're accessing the development server over HTTPS, but it only supports HTTP.
Not Found: /deploy/docker-compose.prod.yml
[29/May/2026 22:21:51] "GET /deploy/docker-compose.prod.yml HTTP/1.1" 404 2420
Not Found: /infra/docker-compose.yml
[29/May/2026 22:21:52] "GET /infra/docker-compose.yml HTTP/1.1" 404 2402
[29/May/2026 22:21:52] code 400, message Bad request version ('\xc0\\x13\xc0')
[29/May/2026 22:21:52] You're accessing the development server over HTTPS, but it only supports HTTP.
Not Found: /infrastructure/docker-compose.yml
[29/May/2026 22:21:52] code 400, message Bad request version ('\xc0\\x13\xc0')
[29/May/2026 22:21:52] You're accessing the development server over HTTPS, but it only supports HTTP.
[29/May/2026 22:21:52] "GET /infrastructure/docker-compose.yml HTTP/1.1" 404 2429
[29/May/2026 22:21:52] code 400, message Bad request version ('\xc0\\x13\xc0')
[29/May/2026 22:21:52] You're accessing the development server over HTTPS, but it only supports HTTP.
Not Found: /devops/docker-compose.yml
[29/May/2026 22:21:52] "GET /devops/docker-compose.yml HTTP/1.1" 404 2405
Not Found: /services/docker-compose.yml
[29/May/2026 22:21:52] "GET /services/docker-compose.yml HTTP/1.1" 404 2411
Not Found: /server/docker-compose.yml
[29/May/2026 22:21:52] "GET /server/docker-compose.yml HTTP/1.1" 404 2405
Not Found: /internal/docker-compose.yml
[29/May/2026 22:21:52] code 400, message Bad request version ('\xc0\\x13\xc0')
[29/May/2026 22:21:52] You're accessing the development server over HTTPS, but it only supports HTTP.
[29/May/2026 22:21:52] "GET /internal/docker-compose.yml HTTP/1.1" 404 2411
Not Found: /config/docker-compose.yml
[29/May/2026 22:21:52] "GET /config/docker-compose.yml HTTP/1.1" 404 2405
Not Found: /docker/docker-compose.yml
[29/May/2026 22:21:52] "GET /docker/docker-compose.yml HTTP/1.1" 404 2405
Not Found: /docker/docker-compose.prod.yml
[29/May/2026 22:21:52] "GET /docker/docker-compose.prod.yml HTTP/1.1" 404 2420
[29/May/2026 22:21:52] code 400, message Bad request version ('\xc0\\x13\xc0')
[29/May/2026 22:21:52] You're accessing the development server over HTTPS, but it only supports HTTP.
[29/May/2026 22:21:52] code 400, message Bad request version ('\xc0\\x13\xc0')
[29/May/2026 22:21:52] You're accessing the development server over HTTPS, but it only supports HTTP.
[29/May/2026 22:21:52] code 400, message Bad request version ('\xc0\\x13\xc0')
[29/May/2026 22:21:52] You're accessing the development server over HTTPS, but it only supports HTTP.
Not Found: /kubernetes.yml
[29/May/2026 22:21:52] "GET /kubernetes.yml HTTP/1.1" 404 2372
[29/May/2026 22:21:52] code 400, message Bad request version ('\xc0\\x13\xc0')
[29/May/2026 22:21:52] You're accessing the development server over HTTPS, but it only supports HTTP.
[29/May/2026 22:21:52] code 400, message Bad request version ('\xc0\\x13\xc0')
[29/May/2026 22:21:52] You're accessing the development server over HTTPS, but it only supports HTTP.
[29/May/2026 22:21:52] code 400, message Bad request version ('\xc0\\x13\xc0')
[29/May/2026 22:21:52] You're accessing the development server over HTTPS, but it only supports HTTP.
[29/May/2026 22:21:52] code 400, message Bad request version ('\xc0\\x13\xc0')
[29/May/2026 22:21:52] You're accessing the development server over HTTPS, but it only supports HTTP.
Not Found: /kubernetes.yaml
[29/May/2026 22:21:52] "GET /kubernetes.yaml HTTP/1.1" 404 2375
[29/May/2026 22:21:52] code 400, message Bad request version ('\xc0\\x13\xc0')
[29/May/2026 22:21:52] You're accessing the development server over HTTPS, but it only supports HTTP.
Not Found: /k8s.yml
[29/May/2026 22:21:52] "GET /k8s.yml HTTP/1.1" 404 2351
[29/May/2026 22:21:52] code 400, message Bad request version ('\xc0\\x13\xc0')
[29/May/2026 22:21:52] You're accessing the development server over HTTPS, but it only supports HTTP.
Not Found: /k8s.yaml
[29/May/2026 22:21:52] "GET /k8s.yaml HTTP/1.1" 404 2354
[29/May/2026 22:21:52] code 400, message Bad request version ('\xc0\\x13\xc0')
[29/May/2026 22:21:52] You're accessing the development server over HTTPS, but it only supports HTTP.
[29/May/2026 22:21:52] code 400, message Bad request version ('\xc0\\x13\xc0')
[29/May/2026 22:21:52] You're accessing the development server over HTTPS, but it only supports HTTP.
[29/May/2026 22:21:52] code 400, message Bad request version ('\xc0\\x13\xc0')
[29/May/2026 22:21:52] You're accessing the development server over HTTPS, but it only supports HTTP.
[29/May/2026 22:21:52] code 400, message Bad request version ('\xc0\\x13\xc0')
[29/May/2026 22:21:52] You're accessing the development server over HTTPS, but it only supports HTTP.
Not Found: /helm/values.yaml
[29/May/2026 22:21:52] "GET /helm/values.yaml HTTP/1.1" 404 2378
Not Found: /helm/values.yml
[29/May/2026 22:21:52] "GET /helm/values.yml HTTP/1.1" 404 2375
Not Found: /helm/values-production.yaml
[29/May/2026 22:21:52] "GET /helm/values-production.yaml HTTP/1.1" 404 2411
[29/May/2026 22:21:52] code 400, message Bad request version ('\xc0\\x13\xc0')
[29/May/2026 22:21:52] You're accessing the development server over HTTPS, but it only supports HTTP.
Not Found: /terraform.tfvars
[29/May/2026 22:21:52] "GET /terraform.tfvars HTTP/1.1" 404 2378
[29/May/2026 22:21:52] code 400, message Bad request version ('\xc0\\x13\xc0')
[29/May/2026 22:21:52] You're accessing the development server over HTTPS, but it only supports HTTP.
Not Found: /terraform.tfstate
[29/May/2026 22:21:52] "GET /terraform.tfstate HTTP/1.1" 404 2381
[29/May/2026 22:21:52] code 400, message Bad request version ('\xc0\\x13\xc0')
[29/May/2026 22:21:52] You're accessing the development server over HTTPS, but it only supports HTTP.
[29/May/2026 22:21:52] code 400, message Bad request version ('\xc0\\x13\xc0')
[29/May/2026 22:21:52] You're accessing the development server over HTTPS, but it only supports HTTP.
Not Found: /.terraform/terraform.tfstate
[29/May/2026 22:21:52] "GET /.terraform/terraform.tfstate HTTP/1.1" 404 2414
[29/May/2026 22:21:52] code 400, message Bad request version ('\xc0\\x13\xc0')
[29/May/2026 22:21:52] You're accessing the development server over HTTPS, but it only supports HTTP.
Not Found: /infra/terraform.tfvars
[29/May/2026 22:21:52] "GET /infra/terraform.tfvars HTTP/1.1" 404 2396
[29/May/2026 22:21:52] code 400, message Bad HTTP/0.9 request type ('\\x16\\x03\\x01\\x00\xea\\x01\\x00\\x00\xe6\\x03\\x03\xf0\\x94\\x9d\xb7)]')
[29/May/2026 22:21:52] You're accessing the development server over HTTPS, but it only supports HTTP.
[29/May/2026 22:21:52] code 400, message Bad request version ('\xc0\\x13\xc0')
[29/May/2026 22:21:52] You're accessing the development server over HTTPS, but it only supports HTTP.
Not Found: /deploy/terraform.tfvars
[29/May/2026 22:21:52] "GET /deploy/terraform.tfvars HTTP/1.1" 404 2399
[29/May/2026 22:21:52] code 400, message Bad request version ('\xc0\\x13\xc0')
[29/May/2026 22:21:52] You're accessing the development server over HTTPS, but it only supports HTTP.
Not Found: /backup.sql
[29/May/2026 22:21:52] "GET /backup.sql HTTP/1.1" 404 2360
[29/May/2026 22:21:52] code 400, message Bad request version ('\xf0\xbf\xdf\\x88z\xca\\x17')
[29/May/2026 22:21:52] You're accessing the development server over HTTPS, but it only supports HTTP.
[29/May/2026 22:21:52] code 400, message Bad request version ('\xc0\\x13\xc0')
[29/May/2026 22:21:52] You're accessing the development server over HTTPS, but it only supports HTTP.
[29/May/2026 22:21:52] code 400, message Bad request syntax ('\\x16\\x03\\x01\\x00\xea\\x01\\x00\\x00\xe6\\x03\\x03\xa3+\xcb\xda\\x05%\\x19\xee\\x12?\\x81?')
[29/May/2026 22:21:52] You're accessing the development server over HTTPS, but it only supports HTTP.
[29/May/2026 22:21:52] code 400, message Bad request version ('\xc0\\x13\xc0')
[29/May/2026 22:21:52] You're accessing the development server over HTTPS, but it only supports HTTP.
Not Found: /dump.sql
[29/May/2026 22:21:52] "GET /dump.sql HTTP/1.1" 404 2354
[29/May/2026 22:21:52] code 400, message Bad HTTP/0.9 request type ('\\x16\\x03\\x01\\x00\xea\\x01\\x00\\x00\xe6\\x03\\x03\\x80\xb7\xf1\xdf\xfe\\x9c\\x9b\xcb\\x8eI')
[29/May/2026 22:21:52] You're accessing the development server over HTTPS, but it only supports HTTP.
[29/May/2026 22:21:52] code 400, message Bad HTTP/0.9 request type ('\\x16\\x03\\x01\\x00\xea\\x01\\x00\\x00\xe6\\x03\\x03\xda\xee\\x04\xcfa\xf3\xec\xf6\\x83')
[29/May/2026 22:21:52] You're accessing the development server over HTTPS, but it only supports HTTP.
Not Found: /db.sql
[29/May/2026 22:21:52] "GET /db.sql HTTP/1.1" 404 2348
[29/May/2026 22:21:52] code 400, message Bad request version ('\xc0\\x13\xc0')
[29/May/2026 22:21:52] You're accessing the development server over HTTPS, but it only supports HTTP.
[29/May/2026 22:21:52] code 400, message Bad request version ('\xc0\\x13\xc0')
[29/May/2026 22:21:52] You're accessing the development server over HTTPS, but it only supports HTTP.
Not Found: /database.sql
[29/May/2026 22:21:52] "GET /database.sql HTTP/1.1" 404 2366
[29/May/2026 22:21:52] code 400, message Bad HTTP/0.9 request type ('\\x16\\x03\\x01\\x00\xea\\x01\\x00\\x00\xe6\\x03\\x03\xe82\xdep\\x9e\\x0el\xe3\xb2\\x8f\xb0\xd3W\xc27;\\x18\\x90\xe2\xe8\xc4o\xed\\x10\xb4\xe4\xee\\x08\xb8D\\x9f\\x84')
[29/May/2026 22:21:52] You're accessing the development server over HTTPS, but it only supports HTTP.
[29/May/2026 22:21:52] code 400, message Bad request version ('\xc0\\x13\xc0')
[29/May/2026 22:21:52] You're accessing the development server over HTTPS, but it only supports HTTP.
Not Found: /mysqldump.sql
[29/May/2026 22:21:52] "GET /mysqldump.sql HTTP/1.1" 404 2369
[29/May/2026 22:21:52] code 400, message Bad request version ('\xc0\\x13\xc0')
[29/May/2026 22:21:52] You're accessing the development server over HTTPS, but it only supports HTTP.
[29/May/2026 22:21:52] code 400, message Bad request syntax ('\\x16\\x03\\x01\\x00\xea\\x01\\x00\\x00\xe6\\x03\\x03\\x11\xd2\\x97')
[29/May/2026 22:21:52] You're accessing the development server over HTTPS, but it only supports HTTP.
[29/May/2026 22:21:52] code 400, message Bad request version ('\xc0\\x13\xc0')
[29/May/2026 22:21:52] You're accessing the development server over HTTPS, but it only supports HTTP.
Not Found: /pg_dump.sql
[29/May/2026 22:21:52] "GET /pg_dump.sql HTTP/1.1" 404 2363
Not Found: /data.sql
[29/May/2026 22:21:52] "GET /data.sql HTTP/1.1" 404 2354
[29/May/2026 22:21:52] code 400, message Bad request version ('\xc0\\x13\xc0')
[29/May/2026 22:21:52] You're accessing the development server over HTTPS, but it only supports HTTP.
[29/May/2026 22:21:52] code 400, message Bad request version ('\xc0\\x13\xc0')
[29/May/2026 22:21:52] You're accessing the development server over HTTPS, but it only supports HTTP.
[29/May/2026 22:21:52] code 400, message Bad request syntax ('\\x16\\x03\\x01\\x00\xea\\x01\\x00\\x00\xe6\\x03\\x03\xe0\\x17\xf1\xaa\xe4\\x88\xb5J\\x94')
[29/May/2026 22:21:52] You're accessing the development server over HTTPS, but it only supports HTTP.
Not Found: /backup.sql.gz
[29/May/2026 22:21:52] "GET /backup.sql.gz HTTP/1.1" 404 2369
Not Found: /dump.sql.gz
Not Found: /db.sql.gz
[29/May/2026 22:21:52] "GET /dump.sql.gz HTTP/1.1" 404 2363
[29/May/2026 22:21:52] "GET /db.sql.gz HTTP/1.1" 404 2357
[29/May/2026 22:21:52] code 400, message Bad request version ('\xc0\\x13\xc0')
[29/May/2026 22:21:52] You're accessing the development server over HTTPS, but it only supports HTTP.
[29/May/2026 22:21:52] code 400, message Bad request version ('\xc0\\x13\xc0')
[29/May/2026 22:21:52] You're accessing the development server over HTTPS, but it only supports HTTP.
[29/May/2026 22:21:52] code 400, message Bad request version ('\xc0\\x13\xc0')
[29/May/2026 22:21:52] You're accessing the development server over HTTPS, but it only supports HTTP.
Not Found: /backup.zip
[29/May/2026 22:21:52] "GET /backup.zip HTTP/1.1" 404 2360
[29/May/2026 22:21:52] code 400, message Bad request version ('\xc0\\x13\xc0')
[29/May/2026 22:21:52] You're accessing the development server over HTTPS, but it only supports HTTP.
Not Found: /backup.tar.gz
[29/May/2026 22:21:52] "GET /backup.tar.gz HTTP/1.1" 404 2369
[29/May/2026 22:21:52] code 400, message Bad request version ('\xc0\\x13\xc0')
[29/May/2026 22:21:52] You're accessing the development server over HTTPS, but it only supports HTTP.
[29/May/2026 22:21:52] code 400, message Bad request version ('\xc0\\x13\xc0')
[29/May/2026 22:21:52] You're accessing the development server over HTTPS, but it only supports HTTP.
[29/May/2026 22:21:52] code 400, message Bad request version ('\xc0\\x13\xc0')
[29/May/2026 22:21:52] You're accessing the development server over HTTPS, but it only supports HTTP.
Not Found: /db.zip
[29/May/2026 22:21:52] "GET /db.zip HTTP/1.1" 404 2348
[29/May/2026 22:21:52] code 400, message Bad request version ('\xc0\\x13\xc0')
[29/May/2026 22:21:52] You're accessing the development server over HTTPS, but it only supports HTTP.
Not Found: /dump.zip
[29/May/2026 22:21:52] "GET /dump.zip HTTP/1.1" 404 2354
[29/May/2026 22:21:52] code 400, message Bad request version ('\xc0\\x13\xc0')
[29/May/2026 22:21:52] You're accessing the development server over HTTPS, but it only supports HTTP.
[29/May/2026 22:21:52] code 400, message Bad request version ('\xc0\\x13\xc0')
[29/May/2026 22:21:52] You're accessing the development server over HTTPS, but it only supports HTTP.
Not Found: /site.zip
[29/May/2026 22:21:52] "GET /site.zip HTTP/1.1" 404 2354
[29/May/2026 22:21:52] code 400, message Bad request syntax ('\\x16\\x03\\x01\\x00\xea\\x01\\x00\\x00\xe6\\x03\\x03\xd3\xcb\xeaX\xce\\x8bT\xe3\xee^\\x9cnx\xdb\xa7\\x98\xb5\\x03e\xe1yJ\\x96\\x90\xd9\xf44\xe2t~')
[29/May/2026 22:21:52] You're accessing the development server over HTTPS, but it only supports HTTP.
[29/May/2026 22:21:52] code 400, message Bad request version ('\xc0\\x13\xc0')
[29/May/2026 22:21:52] You're accessing the development server over HTTPS, but it only supports HTTP.
Not Found: /www.zip
[29/May/2026 22:21:52] "GET /www.zip HTTP/1.1" 404 2351
[29/May/2026 22:21:52] code 400, message Bad request version ('\xc0\\x13\xc0')
[29/May/2026 22:21:52] You're accessing the development server over HTTPS, but it only supports HTTP.
[29/May/2026 22:21:52] code 400, message Bad request version ('\xc0\\x13\xc0')
[29/May/2026 22:21:52] You're accessing the development server over HTTPS, but it only supports HTTP.
Not Found: /web.zip
[29/May/2026 22:21:52] "GET /web.zip HTTP/1.1" 404 2351
[29/May/2026 22:21:52] code 400, message Bad request version ('\xc0\\x13\xc0')
[29/May/2026 22:21:52] You're accessing the development server over HTTPS, but it only supports HTTP.
Not Found: /backup.tar.bz2
[29/May/2026 22:21:52] code 400, message Bad HTTP/0.9 request type ('\\x16\\x03\\x01\\x00\xea\\x01\\x00\\x00\xe6\\x03\\x03@\xde[?i.f\xbd\\x18T3\\x8c\xd1\\x99')
[29/May/2026 22:21:52] You're accessing the development server over HTTPS, but it only supports HTTP.
[29/May/2026 22:21:52] "GET /backup.tar.bz2 HTTP/1.1" 404 2372
[29/May/2026 22:21:52] code 400, message Bad request version ('\xc0\\x13\xc0')
[29/May/2026 22:21:52] You're accessing the development server over HTTPS, but it only supports HTTP.
[29/May/2026 22:21:52] code 400, message Bad request version ('\xc0\\x13\xc0')
[29/May/2026 22:21:52] You're accessing the development server over HTTPS, but it only supports HTTP.
[29/May/2026 22:21:52] code 400, message Bad request version ('\xc0\\x13\xc0')
[29/May/2026 22:21:52] You're accessing the development server over HTTPS, but it only supports HTTP.
Not Found: /sql/backup.sql
[29/May/2026 22:21:52] "GET /sql/backup.sql HTTP/1.1" 404 2372
[29/May/2026 22:21:52] code 400, message Bad request version ('\xc0\\x13\xc0')
[29/May/2026 22:21:52] You're accessing the development server over HTTPS, but it only supports HTTP.
Not Found: /sql/dump.sql
[29/May/2026 22:21:52] "GET /sql/dump.sql HTTP/1.1" 404 2366
[29/May/2026 22:21:52] code 400, message Bad request version ('\xc0\\x13\xc0')
[29/May/2026 22:21:52] You're accessing the development server over HTTPS, but it only supports HTTP.
[29/May/2026 22:21:52] code 400, message Bad request version ('\xc0\\x13\xc0')
[29/May/2026 22:21:52] You're accessing the development server over HTTPS, but it only supports HTTP.
Not Found: /sql/db.sql
[29/May/2026 22:21:52] "GET /sql/db.sql HTTP/1.1" 404 2360
[29/May/2026 22:21:52] code 400, message Bad request version ('\xc0\\x13\xc0')
[29/May/2026 22:21:52] You're accessing the development server over HTTPS, but it only supports HTTP.
Not Found: /backup/db.sql
[29/May/2026 22:21:52] "GET /backup/db.sql HTTP/1.1" 404 2369
[29/May/2026 22:21:52] code 400, message Bad request version ('\xc0\\x13\xc0')
[29/May/2026 22:21:52] You're accessing the development server over HTTPS, but it only supports HTTP.
[29/May/2026 22:21:52] code 400, message Bad request version ('\xc0\\x13\xc0')
[29/May/2026 22:21:52] You're accessing the development server over HTTPS, but it only supports HTTP.
[29/May/2026 22:21:52] code 400, message Bad request version ('\xf9')
[29/May/2026 22:21:52] You're accessing the development server over HTTPS, but it only supports HTTP.
Not Found: /backup/dump.sql
[29/May/2026 22:21:52] "GET /backup/dump.sql HTTP/1.1" 404 2375
Not Found: /backups/db.sql
[29/May/2026 22:21:52] code 400, message Bad request version ('\xc0\\x13\xc0')
[29/May/2026 22:21:52] You're accessing the development server over HTTPS, but it only supports HTTP.
[29/May/2026 22:21:52] "GET /backups/db.sql HTTP/1.1" 404 2372
[29/May/2026 22:21:52] code 400, message Bad request version ('\xc0\\x13\xc0')
[29/May/2026 22:21:52] You're accessing the development server over HTTPS, but it only supports HTTP.
[29/May/2026 22:21:52] code 400, message Bad request version ('\xc0\\x13\xc0')
[29/May/2026 22:21:52] You're accessing the development server over HTTPS, but it only supports HTTP.
Not Found: /backups/dump.sql
[29/May/2026 22:21:52] "GET /backups/dump.sql HTTP/1.1" 404 2378
[29/May/2026 22:21:52] code 400, message Bad request version ('\xc0\\x13\xc0')
[29/May/2026 22:21:52] You're accessing the development server over HTTPS, but it only supports HTTP.
[29/May/2026 22:21:52] code 400, message Bad request version ('\xc0\\x13\xc0')
[29/May/2026 22:21:52] You're accessing the development server over HTTPS, but it only supports HTTP.
Not Found: /tmp/backup.sql
[29/May/2026 22:21:52] "GET /tmp/backup.sql HTTP/1.1" 404 2372
Not Found: /tmp/dump.sql
[29/May/2026 22:21:52] "GET /tmp/dump.sql HTTP/1.1" 404 2366
[29/May/2026 22:21:52] code 400, message Bad request syntax ('\\x16\\x03\\x01\\x00\xea\\x01\\x00\\x00\xe6\\x03\\x03u`\xf4}\\x8cz\\x19\\x1f')
[29/May/2026 22:21:52] You're accessing the development server over HTTPS, but it only supports HTTP.
[29/May/2026 22:21:52] code 400, message Bad request version ('\xc0\\x13\xc0')
[29/May/2026 22:21:52] You're accessing the development server over HTTPS, but it only supports HTTP.
[29/May/2026 22:21:52] code 400, message Bad request version ('\\x02\xd3,\xabP\\x02\xd6\xe8\xaa\xdc$')
[29/May/2026 22:21:52] You're accessing the development server over HTTPS, but it only supports HTTP.
[29/May/2026 22:21:52] code 400, message Bad request version ('\xc0\\x13\xc0')
[29/May/2026 22:21:52] You're accessing the development server over HTTPS, but it only supports HTTP.
Not Found: /exports/db.sql
[29/May/2026 22:21:52] "GET /exports/db.sql HTTP/1.1" 404 2372
Not Found: /config.php
[29/May/2026 22:21:52] "GET /config.php HTTP/1.1" 404 2360
[29/May/2026 22:21:52] code 400, message Bad request version ('=\xbcX\\x8a\xd9')
[29/May/2026 22:21:52] You're accessing the development server over HTTPS, but it only supports HTTP.
Not Found: /config.js
[29/May/2026 22:21:52] "GET /config.js HTTP/1.1" 404 2357
Not Found: /config.json
[29/May/2026 22:21:52] "GET /config.json HTTP/1.1" 404 2363
Not Found: /config.yml
[29/May/2026 22:21:52] "GET /config.yml HTTP/1.1" 404 2360
Not Found: /config.yaml
[29/May/2026 22:21:52] "GET /config.yaml HTTP/1.1" 404 2363
[29/May/2026 22:21:52] code 400, message Bad request version ('\xc0\\x13\xc0')
[29/May/2026 22:21:52] You're accessing the development server over HTTPS, but it only supports HTTP.
Not Found: /config.ini
[29/May/2026 22:21:52] "GET /config.ini HTTP/1.1" 404 2360
[29/May/2026 22:21:52] code 400, message Bad request version ('\xc0\\x13\xc0')
[29/May/2026 22:21:52] You're accessing the development server over HTTPS, but it only supports HTTP.
Not Found: /config.env
[29/May/2026 22:21:52] "GET /config.env HTTP/1.1" 404 2360
[29/May/2026 22:21:52] code 400, message Bad request version ('\xc0\\x13\xc0')
[29/May/2026 22:21:52] You're accessing the development server over HTTPS, but it only supports HTTP.
[29/May/2026 22:21:52] code 400, message Bad request version ('\xc0\\x13\xc0')
[29/May/2026 22:21:52] You're accessing the development server over HTTPS, but it only supports HTTP.
[29/May/2026 22:21:52] code 400, message Bad request version ('\xa7')
[29/May/2026 22:21:52] You're accessing the development server over HTTPS, but it only supports HTTP.
Not Found: /configuration.php
[29/May/2026 22:21:52] "GET /configuration.php HTTP/1.1" 404 2381
Not Found: /configuration.json
[29/May/2026 22:21:52] "GET /configuration.json HTTP/1.1" 404 2384
[29/May/2026 22:21:52] code 400, message Bad request version ('\xc0\\x13\xc0')
[29/May/2026 22:21:52] You're accessing the development server over HTTPS, but it only supports HTTP.
Not Found: /configuration.yml
[29/May/2026 22:21:52] "GET /configuration.yml HTTP/1.1" 404 2381
Not Found: /settings.php
[29/May/2026 22:21:52] "GET /settings.php HTTP/1.1" 404 2366
[29/May/2026 22:21:52] code 400, message Bad request version ('\xc0\\x13\xc0')
[29/May/2026 22:21:52] You're accessing the development server over HTTPS, but it only supports HTTP.
Not Found: /settings.py
[29/May/2026 22:21:52] "GET /settings.py HTTP/1.1" 404 2363
Not Found: /settings.json
[29/May/2026 22:21:52] "GET /settings.json HTTP/1.1" 404 2369
[29/May/2026 22:21:52] code 400, message Bad request version ('O\xb8\\x8cW\xa9G\xce\xaa\xda')
[29/May/2026 22:21:52] You're accessing the development server over HTTPS, but it only supports HTTP.
Not Found: /settings.yml
[29/May/2026 22:21:52] "GET /settings.yml HTTP/1.1" 404 2366
Not Found: /application.yml
[29/May/2026 22:21:52] "GET /application.yml HTTP/1.1" 404 2375
[29/May/2026 22:21:52] code 400, message Bad HTTP/0.9 request type ('\\x16\\x03\\x01\\x00\xea\\x01\\x00\\x00\xe6\\x03\\x03Z\\x92\xfdg\xb9\xacw\xd90\\x00')
[29/May/2026 22:21:52] You're accessing the development server over HTTPS, but it only supports HTTP.
Not Found: /settings.ini
[29/May/2026 22:21:53] code 400, message Bad request version ('\xc0\\x13\xc0')
[29/May/2026 22:21:53] You're accessing the development server over HTTPS, but it only supports HTTP.
[29/May/2026 22:21:53] "GET /settings.ini HTTP/1.1" 404 2366
Not Found: /application.yaml
[29/May/2026 22:21:53] "GET /application.yaml HTTP/1.1" 404 2378
[29/May/2026 22:21:53] code 400, message Bad request version ('\xc0\\x13\xc0')
[29/May/2026 22:21:53] You're accessing the development server over HTTPS, but it only supports HTTP.
Not Found: /application.properties
[29/May/2026 22:21:53] "GET /application.properties HTTP/1.1" 404 2396
[29/May/2026 22:21:53] code 400, message Bad request version ('\xc0\\x13\xc0')
[29/May/2026 22:21:53] You're accessing the development server over HTTPS, but it only supports HTTP.
[29/May/2026 22:21:53] code 400, message Bad request version ('\xc0\\x13\xc0')
[29/May/2026 22:21:53] You're accessing the development server over HTTPS, but it only supports HTTP.
[29/May/2026 22:21:53] code 400, message Bad request version ('\xc0\\x13\xc0')
[29/May/2026 22:21:53] You're accessing the development server over HTTPS, but it only supports HTTP.
Not Found: /application.json
[29/May/2026 22:21:53] "GET /application.json HTTP/1.1" 404 2378
[29/May/2026 22:21:53] code 400, message Bad request version ('\xc0\\x13\xc0')
[29/May/2026 22:21:53] You're accessing the development server over HTTPS, but it only supports HTTP.
[29/May/2026 22:21:53] code 400, message Bad request version ('\xc0\\x13\xc0')
[29/May/2026 22:21:53] You're accessing the development server over HTTPS, but it only supports HTTP.
[29/May/2026 22:21:53] code 400, message Bad request version ('\xc0\\x13\xc0')
[29/May/2026 22:21:53] You're accessing the development server over HTTPS, but it only supports HTTP.
[29/May/2026 22:21:53] code 400, message Bad request version ('\xc0\\x13\xc0')
[29/May/2026 22:21:53] You're accessing the development server over HTTPS, but it only supports HTTP.
Not Found: /app.json
[29/May/2026 22:21:53] "GET /app.json HTTP/1.1" 404 2354
[29/May/2026 22:21:53] code 400, message Bad request version ('\xc0\\x13\xc0')
[29/May/2026 22:21:53] You're accessing the development server over HTTPS, but it only supports HTTP.
[29/May/2026 22:21:53] code 400, message Bad request version ('\xc0\\x13\xc0')
[29/May/2026 22:21:53] You're accessing the development server over HTTPS, but it only supports HTTP.
[29/May/2026 22:21:53] code 400, message Bad HTTP/0.9 request type ('\\x16\\x03\\x01\\x00\xea\\x01\\x00\\x00\xe6\\x03\\x03\xdaI\\x8a=\\x10\xf6o')
[29/May/2026 22:21:53] You're accessing the development server over HTTPS, but it only supports HTTP.
Not Found: /app.yaml
[29/May/2026 22:21:53] "GET /app.yaml HTTP/1.1" 404 2354
Not Found: /app.yml
[29/May/2026 22:21:53] "GET /app.yml HTTP/1.1" 404 2351
[29/May/2026 22:21:53] code 400, message Bad request version ('\xc0\\x13\xc0')
[29/May/2026 22:21:53] You're accessing the development server over HTTPS, but it only supports HTTP.
[29/May/2026 22:21:53] code 400, message Bad request version ('\xc0\\x13\xc0')
[29/May/2026 22:21:53] You're accessing the development server over HTTPS, but it only supports HTTP.
[29/May/2026 22:21:53] code 400, message Bad request version ('\xc0\\x13\xc0')
[29/May/2026 22:21:53] You're accessing the development server over HTTPS, but it only supports HTTP.
Not Found: /appsettings.json
[29/May/2026 22:21:53] "GET /appsettings.json HTTP/1.1" 404 2378
Not Found: /appsettings.Production.json
[29/May/2026 22:21:53] "GET /appsettings.Production.json HTTP/1.1" 404 2411
[29/May/2026 22:21:53] code 400, message Bad request version ('\xc0\\x13\xc0')
[29/May/2026 22:21:53] You're accessing the development server over HTTPS, but it only supports HTTP.
[29/May/2026 22:21:53] code 400, message Bad request syntax ('\\x16\\x03\\x01\\x00\xea\\x01\\x00\\x00\xe6\\x03\\x03\xe0\xd6=\\x04\xc6\xb8\\x17\\x82\xfb~\xe8\\x95o\xef\xc64:\\\\V\xb5\xb9d')
[29/May/2026 22:21:53] You're accessing the development server over HTTPS, but it only supports HTTP.
[29/May/2026 22:21:53] code 400, message Bad request version ('\xc0\\x13\xc0')
[29/May/2026 22:21:53] You're accessing the development server over HTTPS, but it only supports HTTP.
Not Found: /appsettings.Development.json
[29/May/2026 22:21:53] "GET /appsettings.Development.json HTTP/1.1" 404 2414
[29/May/2026 22:21:53] code 400, message Bad request version ('\xc0\\x13\xc0')
[29/May/2026 22:21:53] You're accessing the development server over HTTPS, but it only supports HTTP.
[29/May/2026 22:21:53] code 400, message Bad request version ('\xc0\\x13\xc0')
[29/May/2026 22:21:53] You're accessing the development server over HTTPS, but it only supports HTTP.
[29/May/2026 22:21:53] code 400, message Bad request version ('\xc0\\x13\xc0')
[29/May/2026 22:21:53] You're accessing the development server over HTTPS, but it only supports HTTP.
Not Found: /parameters.yml
[29/May/2026 22:21:53] "GET /parameters.yml HTTP/1.1" 404 2372
[29/May/2026 22:21:53] code 400, message Bad request version ('\xc0\\x13\xc0')
[29/May/2026 22:21:53] You're accessing the development server over HTTPS, but it only supports HTTP.
[29/May/2026 22:21:53] code 400, message Bad request version ('\xc0\\x13\xc0')
[29/May/2026 22:21:53] You're accessing the development server over HTTPS, but it only supports HTTP.
[29/May/2026 22:21:53] code 400, message Bad request version ('\xc0\\x13\xc0')
[29/May/2026 22:21:53] You're accessing the development server over HTTPS, but it only supports HTTP.
Not Found: /parameters.yaml
[29/May/2026 22:21:53] "GET /parameters.yaml HTTP/1.1" 404 2375
[29/May/2026 22:21:53] code 400, message Bad request version ('\xc0\\x13\xc0')
[29/May/2026 22:21:53] You're accessing the development server over HTTPS, but it only supports HTTP.
[29/May/2026 22:21:53] code 400, message Bad request version ('\xc0\\x13\xc0')
[29/May/2026 22:21:53] You're accessing the development server over HTTPS, but it only supports HTTP.
[29/May/2026 22:21:53] code 400, message Bad HTTP/0.9 request type ("\\x16\\x03\\x01\\x00\xea\\x01\\x00\\x00\xe6\\x03\\x03+\\x10v\xe4\\x06\xfb\\x8a\xdbO'\xe4&S\\x81\xdb/o\xe1\\x145\\x9b")
[29/May/2026 22:21:53] You're accessing the development server over HTTPS, but it only supports HTTP.
Not Found: /parameters.php
[29/May/2026 22:21:53] "GET /parameters.php HTTP/1.1" 404 2372
[29/May/2026 22:21:53] code 400, message Bad request version ('\xc0\\x13\xc0')
[29/May/2026 22:21:53] You're accessing the development server over HTTPS, but it only supports HTTP.
[29/May/2026 22:21:53] code 400, message Bad request version ('\xc0\\x13\xc0')
[29/May/2026 22:21:53] You're accessing the development server over HTTPS, but it only supports HTTP.
Not Found: /database.yml
[29/May/2026 22:21:53] "GET /database.yml HTTP/1.1" 404 2366
[29/May/2026 22:21:53] code 400, message Bad request version ('\xc0\\x13\xc0')
[29/May/2026 22:21:53] You're accessing the development server over HTTPS, but it only supports HTTP.
Not Found: /database.yaml
[29/May/2026 22:21:53] "GET /database.yaml HTTP/1.1" 404 2369
[29/May/2026 22:21:53] code 400, message Bad request version ('\xc0\\x13\xc0')
[29/May/2026 22:21:53] You're accessing the development server over HTTPS, but it only supports HTTP.
[29/May/2026 22:21:53] code 400, message Bad request syntax ('\\x16\\x03\\x01\\x00\xea\\x01\\x00\\x00\xe6\\x03\\x03\xd8*\\x91@\xa87\xce\xbe\xf5\xd4+\\x9b\xbc\xd5')
[29/May/2026 22:21:53] You're accessing the development server over HTTPS, but it only supports HTTP.
Not Found: /database.php
[29/May/2026 22:21:53] "GET /database.php HTTP/1.1" 404 2366
[29/May/2026 22:21:53] code 400, message Bad request version ('\xc0\\x13\xc0')
[29/May/2026 22:21:53] You're accessing the development server over HTTPS, but it only supports HTTP.
Not Found: /database.json
[29/May/2026 22:21:53] "GET /database.json HTTP/1.1" 404 2369
[29/May/2026 22:21:53] code 400, message Bad request version ('\xc0\\x13\xc0')
[29/May/2026 22:21:53] You're accessing the development server over HTTPS, but it only supports HTTP.
Not Found: /database.ini
[29/May/2026 22:21:53] "GET /database.ini HTTP/1.1" 404 2366
[29/May/2026 22:21:53] code 400, message Bad request version ('\xc0\\x13\xc0')
[29/May/2026 22:21:53] You're accessing the development server over HTTPS, but it only supports HTTP.
Not Found: /db.php
[29/May/2026 22:21:53] "GET /db.php HTTP/1.1" 404 2348
[29/May/2026 22:21:53] code 400, message Bad request version ('\xc0\\x13\xc0')
[29/May/2026 22:21:53] You're accessing the development server over HTTPS, but it only supports HTTP.
Not Found: /db.json
[29/May/2026 22:21:53] "GET /db.json HTTP/1.1" 404 2351
[29/May/2026 22:21:53] code 400, message Bad request version ('2\xf7\\x95\xbbt\xd6\xb2\\x9a\xa3')
[29/May/2026 22:21:53] You're accessing the development server over HTTPS, but it only supports HTTP.
Not Found: /db.yml
[29/May/2026 22:21:53] "GET /db.yml HTTP/1.1" 404 2348
[29/May/2026 22:21:53] code 400, message Bad request version ('\xc0\\x13\xc0')
[29/May/2026 22:21:53] You're accessing the development server over HTTPS, but it only supports HTTP.
Not Found: /credentials.json
[29/May/2026 22:21:53] "GET /credentials.json HTTP/1.1" 404 2378
[29/May/2026 22:21:53] code 400, message Bad HTTP/0.9 request type ('\\x16\\x03\\x01\\x00\xea\\x01\\x00\\x00\xe6\\x03\\x03\\x95N\xba"ys\xe0')
[29/May/2026 22:21:53] You're accessing the development server over HTTPS, but it only supports HTTP.
[29/May/2026 22:21:53] code 400, message Bad request version ('\xc0\\x13\xc0')
[29/May/2026 22:21:53] You're accessing the development server over HTTPS, but it only supports HTTP.
Not Found: /credentials.yml
[29/May/2026 22:21:53] "GET /credentials.yml HTTP/1.1" 404 2375
[29/May/2026 22:21:53] code 400, message Bad request version ('\xc0\\x13\xc0')
[29/May/2026 22:21:53] You're accessing the development server over HTTPS, but it only supports HTTP.
[29/May/2026 22:21:53] code 400, message Bad request version ('\xc0\\x13\xc0')
[29/May/2026 22:21:53] You're accessing the development server over HTTPS, but it only supports HTTP.
[29/May/2026 22:21:53] code 400, message Bad request version ('\xc0\\x13\xc0')
[29/May/2026 22:21:53] You're accessing the development server over HTTPS, but it only supports HTTP.
Not Found: /credentials.yaml
[29/May/2026 22:21:53] "GET /credentials.yaml HTTP/1.1" 404 2378
Not Found: /secrets.json
[29/May/2026 22:21:53] "GET /secrets.json HTTP/1.1" 404 2366
Not Found: /secrets.yml
[29/May/2026 22:21:53] "GET /secrets.yml HTTP/1.1" 404 2363
Not Found: /secrets.yaml
[29/May/2026 22:21:53] "GET /secrets.yaml HTTP/1.1" 404 2366
Not Found: /secrets.env
[29/May/2026 22:21:53] "GET /secrets.env HTTP/1.1" 404 2363
Not Found: /secret.json
[29/May/2026 22:21:53] "GET /secret.json HTTP/1.1" 404 2363
Not Found: /private.json
[29/May/2026 22:21:53] "GET /private.json HTTP/1.1" 404 2366
Not Found: /keys.json
[29/May/2026 22:21:53] "GET /keys.json HTTP/1.1" 404 2357
Not Found: /api_keys.json
[29/May/2026 22:21:53] "GET /api_keys.json HTTP/1.1" 404 2369
Not Found: /api-keys.json
[29/May/2026 22:21:53] "GET /api-keys.json HTTP/1.1" 404 2369
Not Found: /api_keys.yml
[29/May/2026 22:21:53] "GET /api_keys.yml HTTP/1.1" 404 2366
Not Found: /api/config.json
[29/May/2026 22:21:53] "GET /api/config.json HTTP/1.1" 404 2375
Not Found: /api/config.yml
[29/May/2026 22:21:53] "GET /api/config.yml HTTP/1.1" 404 2372
Not Found: /api/config.php
[29/May/2026 22:21:53] "GET /api/config.php HTTP/1.1" 404 2372
Not Found: /api/settings.json
[29/May/2026 22:21:53] "GET /api/settings.json HTTP/1.1" 404 2381
[29/May/2026 22:21:53] code 400, message Bad request version ('\xc0\\x13\xc0')
[29/May/2026 22:21:53] You're accessing the development server over HTTPS, but it only supports HTTP.
Not Found: /api/settings.yml
[29/May/2026 22:21:53] "GET /api/settings.yml HTTP/1.1" 404 2378
Not Found: /api/database.yml
[29/May/2026 22:21:53] "GET /api/database.yml HTTP/1.1" 404 2378
Not Found: /api/database.php
[29/May/2026 22:21:53] code 400, message Bad HTTP/0.9 request type ('\\x16\\x03\\x01\\x00\xea\\x01\\x00\\x00\xe6\\x03\\x03C^zw\xbb\\x9aL\xb8\xbc\\x87\xd3vuc\xf9\xb3\xe4')
[29/May/2026 22:21:53] You're accessing the development server over HTTPS, but it only supports HTTP.
[29/May/2026 22:21:53] "GET /api/database.php HTTP/1.1" 404 2378
Not Found: /api/application.yml
Not Found: /api/application.properties
[29/May/2026 22:21:53] "GET /api/application.yml HTTP/1.1" 404 2387
[29/May/2026 22:21:53] "GET /api/application.properties HTTP/1.1" 404 2408
Not Found: /api/appsettings.json
[29/May/2026 22:21:53] "GET /api/appsettings.json HTTP/1.1" 404 2390
Not Found: /api/credentials.json
[29/May/2026 22:21:53] "GET /api/credentials.json HTTP/1.1" 404 2390
Not Found: /api/secrets.json
[29/May/2026 22:21:53] "GET /api/secrets.json HTTP/1.1" 404 2378
Not Found: /api/keys.json
[29/May/2026 22:21:53] "GET /api/keys.json HTTP/1.1" 404 2369
Not Found: /api/parameters.yml
[29/May/2026 22:21:53] "GET /api/parameters.yml HTTP/1.1" 404 2384
Not Found: /api/v1/config.json
[29/May/2026 22:21:53] "GET /api/v1/config.json HTTP/1.1" 404 2384
Not Found: /api/v1/application.yml
[29/May/2026 22:21:53] "GET /api/v1/application.yml HTTP/1.1" 404 2396
Not Found: /api/v2/config.json
[29/May/2026 22:21:53] "GET /api/v2/config.json HTTP/1.1" 404 2384
Not Found: /api/v2/application.yml
[29/May/2026 22:21:53] "GET /api/v2/application.yml HTTP/1.1" 404 2396
Not Found: /app/config.php
[29/May/2026 22:21:53] "GET /app/config.php HTTP/1.1" 404 2372
Not Found: /app/config.json
[29/May/2026 22:21:53] "GET /app/config.json HTTP/1.1" 404 2375
Not Found: /app/config.yml
[29/May/2026 22:21:53] "GET /app/config.yml HTTP/1.1" 404 2372
Not Found: /app/settings.php
[29/May/2026 22:21:53] "GET /app/settings.php HTTP/1.1" 404 2378
[29/May/2026 22:21:53] code 400, message Bad request version ('\xc0\\x13\xc0')
[29/May/2026 22:21:53] You're accessing the development server over HTTPS, but it only supports HTTP.
Not Found: /app/settings.json
[29/May/2026 22:21:53] "GET /app/settings.json HTTP/1.1" 404 2381
[29/May/2026 22:21:53] code 400, message Bad request version ('\xc0\\x13\xc0')
[29/May/2026 22:21:53] You're accessing the development server over HTTPS, but it only supports HTTP.
Not Found: /app/database.php
[29/May/2026 22:21:53] "GET /app/database.php HTTP/1.1" 404 2378
[29/May/2026 22:21:53] code 400, message Bad request version ('\xc0\\x13\xc0')
[29/May/2026 22:21:53] You're accessing the development server over HTTPS, but it only supports HTTP.
Not Found: /app/database.yml
[29/May/2026 22:21:53] "GET /app/database.yml HTTP/1.1" 404 2378
[29/May/2026 22:21:53] code 400, message Bad request version ('\xc0\\x13\xc0')
[29/May/2026 22:21:53] You're accessing the development server over HTTPS, but it only supports HTTP.
[29/May/2026 22:21:53] code 400, message Bad request version ('\xc0\\x13\xc0')
[29/May/2026 22:21:53] You're accessing the development server over HTTPS, but it only supports HTTP.
Not Found: /app/credentials.json
[29/May/2026 22:21:53] "GET /app/credentials.json HTTP/1.1" 404 2390
[29/May/2026 22:21:53] code 400, message Bad request syntax ('\\x16\\x03\\x01\\x00\xea\\x01\\x00\\x00\xe6\\x03\\x03\xd9')
[29/May/2026 22:21:53] You're accessing the development server over HTTPS, but it only supports HTTP.
Not Found: /app/secrets.json
[29/May/2026 22:21:53] "GET /app/secrets.json HTTP/1.1" 404 2378
Not Found: /app/application.yml
[29/May/2026 22:21:53] "GET /app/application.yml HTTP/1.1" 404 2387
[29/May/2026 22:21:53] code 400, message Bad request version ('\xc0\\x13\xc0')
[29/May/2026 22:21:53] You're accessing the development server over HTTPS, but it only supports HTTP.
Not Found: /app/application.properties
[29/May/2026 22:21:53] "GET /app/application.properties HTTP/1.1" 404 2408
Not Found: /app/parameters.yml
[29/May/2026 22:21:53] "GET /app/parameters.yml HTTP/1.1" 404 2384
Not Found: /backend/config.php
[29/May/2026 22:21:53] "GET /backend/config.php HTTP/1.1" 404 2384
Not Found: /backend/config.json
[29/May/2026 22:21:53] "GET /backend/config.json HTTP/1.1" 404 2387
Not Found: /backend/config.yml
[29/May/2026 22:21:53] "GET /backend/config.yml HTTP/1.1" 404 2384
Not Found: /backend/settings.php
Not Found: /backend/settings.py
[29/May/2026 22:21:53] "GET /backend/settings.php HTTP/1.1" 404 2390
[29/May/2026 22:21:53] "GET /backend/settings.py HTTP/1.1" 404 2387
Not Found: /backend/settings.json
[29/May/2026 22:21:53] "GET /backend/settings.json HTTP/1.1" 404 2393
[29/May/2026 22:21:53] code 400, message Bad request version ('\xc0\\x13\xc0')
[29/May/2026 22:21:53] You're accessing the development server over HTTPS, but it only supports HTTP.
Not Found: /backend/database.php
[29/May/2026 22:21:53] "GET /backend/database.php HTTP/1.1" 404 2390
Not Found: /backend/database.yml
[29/May/2026 22:21:53] "GET /backend/database.yml HTTP/1.1" 404 2390
Not Found: /backend/credentials.json
[29/May/2026 22:21:53] "GET /backend/credentials.json HTTP/1.1" 404 2402
Not Found: /backend/secrets.json
[29/May/2026 22:21:53] "GET /backend/secrets.json HTTP/1.1" 404 2390
Not Found: /backend/application.yml
[29/May/2026 22:21:53] "GET /backend/application.yml HTTP/1.1" 404 2399
Not Found: /backend/application.properties
[29/May/2026 22:21:53] "GET /backend/application.properties HTTP/1.1" 404 2420
Not Found: /backend/appsettings.json
[29/May/2026 22:21:53] "GET /backend/appsettings.json HTTP/1.1" 404 2402
Not Found: /backend/parameters.yml
[29/May/2026 22:21:53] "GET /backend/parameters.yml HTTP/1.1" 404 2396
Not Found: /src/config.php
[29/May/2026 22:21:53] "GET /src/config.php HTTP/1.1" 404 2372
Not Found: /src/config.json
[29/May/2026 22:21:53] "GET /src/config.json HTTP/1.1" 404 2375
Not Found: /src/config.yml
[29/May/2026 22:21:53] "GET /src/config.yml HTTP/1.1" 404 2372
Not Found: /src/settings.py
[29/May/2026 22:21:53] "GET /src/settings.py HTTP/1.1" 404 2375
Not Found: /src/settings.json
[29/May/2026 22:21:54] "GET /src/settings.json HTTP/1.1" 404 2381
Not Found: /src/database.yml
[29/May/2026 22:21:54] "GET /src/database.yml HTTP/1.1" 404 2378
Not Found: /src/credentials.json
[29/May/2026 22:21:54] "GET /src/credentials.json HTTP/1.1" 404 2390
Not Found: /src/secrets.json
[29/May/2026 22:21:54] "GET /src/secrets.json HTTP/1.1" 404 2378
Not Found: /src/application.yml
[29/May/2026 22:21:54] "GET /src/application.yml HTTP/1.1" 404 2387
Not Found: /src/application.properties
[29/May/2026 22:21:54] "GET /src/application.properties HTTP/1.1" 404 2408
Not Found: /server/config.json
[29/May/2026 22:21:54] "GET /server/config.json HTTP/1.1" 404 2384
Not Found: /server/config.yml
[29/May/2026 22:21:54] "GET /server/config.yml HTTP/1.1" 404 2381
Not Found: /server/settings.json
[29/May/2026 22:21:54] "GET /server/settings.json HTTP/1.1" 404 2390
Not Found: /server/database.yml
[29/May/2026 22:21:54] "GET /server/database.yml HTTP/1.1" 404 2387
Not Found: /server/application.yml
[29/May/2026 22:21:54] "GET /server/application.yml HTTP/1.1" 404 2396
Not Found: /server/application.properties
[29/May/2026 22:21:54] "GET /server/application.properties HTTP/1.1" 404 2417
Not Found: /server/appsettings.json
[29/May/2026 22:21:54] "GET /server/appsettings.json HTTP/1.1" 404 2399
Not Found: /server/credentials.json
[29/May/2026 22:21:54] "GET /server/credentials.json HTTP/1.1" 404 2399
Not Found: /server/secrets.json
[29/May/2026 22:21:54] "GET /server/secrets.json HTTP/1.1" 404 2387
Not Found: /config/config.php
[29/May/2026 22:21:54] "GET /config/config.php HTTP/1.1" 404 2381
Not Found: /config/config.json
[29/May/2026 22:21:54] "GET /config/config.json HTTP/1.1" 404 2384
Not Found: /config/config.yml
[29/May/2026 22:21:54] "GET /config/config.yml HTTP/1.1" 404 2381
Not Found: /config/settings.php
[29/May/2026 22:21:54] "GET /config/settings.php HTTP/1.1" 404 2387
Not Found: /config/settings.json
[29/May/2026 22:21:54] "GET /config/settings.json HTTP/1.1" 404 2390
Not Found: /config/database.php
[29/May/2026 22:21:54] "GET /config/database.php HTTP/1.1" 404 2387
Not Found: /config/database.yml
[29/May/2026 22:21:54] "GET /config/database.yml HTTP/1.1" 404 2387
Not Found: /config/database.json
[29/May/2026 22:21:54] "GET /config/database.json HTTP/1.1" 404 2390
Not Found: /config/credentials.json
[29/May/2026 22:21:54] "GET /config/credentials.json HTTP/1.1" 404 2399
Not Found: /config/secrets.json
[29/May/2026 22:21:54] "GET /config/secrets.json HTTP/1.1" 404 2387
Not Found: /config/keys.json
[29/May/2026 22:21:54] "GET /config/keys.json HTTP/1.1" 404 2378
Not Found: /config/application.yml
[29/May/2026 22:21:54] "GET /config/application.yml HTTP/1.1" 404 2396
Not Found: /config/application.properties
[29/May/2026 22:21:54] "GET /config/application.properties HTTP/1.1" 404 2417
Not Found: /config/parameters.yml
[29/May/2026 22:21:54] "GET /config/parameters.yml HTTP/1.1" 404 2393
Not Found: /config/parameters.yaml
[29/May/2026 22:21:54] "GET /config/parameters.yaml HTTP/1.1" 404 2396
Not Found: /config/app.php
[29/May/2026 22:21:54] "GET /config/app.php HTTP/1.1" 404 2372
Not Found: /config/mail.php
[29/May/2026 22:21:54] "GET /config/mail.php HTTP/1.1" 404 2375
Not Found: /config/services.php
[29/May/2026 22:21:54] "GET /config/services.php HTTP/1.1" 404 2387
Not Found: /config/cache.php
[29/May/2026 22:21:54] "GET /config/cache.php HTTP/1.1" 404 2378
Not Found: /services/config.json
[29/May/2026 22:21:54] "GET /services/config.json HTTP/1.1" 404 2390
Not Found: /services/config.yml
[29/May/2026 22:21:54] "GET /services/config.yml HTTP/1.1" 404 2387
Not Found: /services/database.yml
[29/May/2026 22:21:54] "GET /services/database.yml HTTP/1.1" 404 2393
Not Found: /services/secrets.json
[29/May/2026 22:21:54] "GET /services/secrets.json HTTP/1.1" 404 2393
Not Found: /services/application.yml
[29/May/2026 22:21:54] "GET /services/application.yml HTTP/1.1" 404 2402
Not Found: /internal/config.json
[29/May/2026 22:21:54] "GET /internal/config.json HTTP/1.1" 404 2390
Not Found: /internal/config.yml
[29/May/2026 22:21:54] "GET /internal/config.yml HTTP/1.1" 404 2387
Not Found: /internal/secrets.json
[29/May/2026 22:21:54] "GET /internal/secrets.json HTTP/1.1" 404 2393
Not Found: /internal/credentials.json
[29/May/2026 22:21:54] "GET /internal/credentials.json HTTP/1.1" 404 2405
Not Found: /private/config.json
[29/May/2026 22:21:54] "GET /private/config.json HTTP/1.1" 404 2387
Not Found: /private/secrets.json
[29/May/2026 22:21:54] "GET /private/secrets.json HTTP/1.1" 404 2390
Not Found: /private/credentials.json
[29/May/2026 22:21:54] "GET /private/credentials.json HTTP/1.1" 404 2402
Not Found: /deploy/config.json
[29/May/2026 22:21:54] "GET /deploy/config.json HTTP/1.1" 404 2384
Not Found: /deploy/secrets.json
[29/May/2026 22:21:54] "GET /deploy/secrets.json HTTP/1.1" 404 2387
Not Found: /v1/config.json
[29/May/2026 22:21:54] "GET /v1/config.json HTTP/1.1" 404 2372
Not Found: /v2/config.json
[29/May/2026 22:21:54] "GET /v2/config.json HTTP/1.1" 404 2372
Not Found: /wp-config.php
[29/May/2026 22:21:54] "GET /wp-config.php HTTP/1.1" 404 2369
Not Found: /wp-config.php.bak
[29/May/2026 22:21:54] "GET /wp-config.php.bak HTTP/1.1" 404 2381
Not Found: /wp-config.php.old
[29/May/2026 22:21:54] "GET /wp-config.php.old HTTP/1.1" 404 2381
Not Found: /wp-config.php~
[29/May/2026 22:21:54] "GET /wp-config.php~ HTTP/1.1" 404 2372
Not Found: /wp-config.bak
[29/May/2026 22:21:54] "GET /wp-config.bak HTTP/1.1" 404 2369
Not Found: /wp-config.txt
[29/May/2026 22:21:54] "GET /wp-config.txt HTTP/1.1" 404 2369
Not Found: /local-config.php
[29/May/2026 22:21:54] "GET /local-config.php HTTP/1.1" 404 2378
Not Found: /bootstrap/cache/config.php
[29/May/2026 22:21:54] "GET /bootstrap/cache/config.php HTTP/1.1" 404 2408
Not Found: /storage/logs/laravel.log
[29/May/2026 22:21:54] "GET /storage/logs/laravel.log HTTP/1.1" 404 2402
Not Found: /app/config/parameters.yml
[29/May/2026 22:21:54] "GET /app/config/parameters.yml HTTP/1.1" 404 2405
Not Found: /app/config/parameters.yaml
[29/May/2026 22:21:54] "GET /app/config/parameters.yaml HTTP/1.1" 404 2408
Not Found: /app/config/config.yml
[29/May/2026 22:21:54] "GET /app/config/config.yml HTTP/1.1" 404 2393
Not Found: /settings/production.py
[29/May/2026 22:21:54] "GET /settings/production.py HTTP/1.1" 404 2396
Not Found: /settings/local.py
[29/May/2026 22:21:54] "GET /settings/local.py HTTP/1.1" 404 2381
Not Found: /settings/base.py
[29/May/2026 22:21:54] "GET /settings/base.py HTTP/1.1" 404 2378
Not Found: /core/settings.py
[29/May/2026 22:21:54] "GET /core/settings.py HTTP/1.1" 404 2378
Not Found: /project/settings.py
[29/May/2026 22:21:54] "GET /project/settings.py HTTP/1.1" 404 2387
Not Found: /application/config/database.php
[29/May/2026 22:21:54] "GET /application/config/database.php HTTP/1.1" 404 2423
Not Found: /application/config/config.php
[29/May/2026 22:21:55] "GET /application/config/config.php HTTP/1.1" 404 2417
Not Found: /system/application/config/database.php
[29/May/2026 22:21:55] "GET /system/application/config/database.php HTTP/1.1" 404 2444
Not Found: /WEB-INF/web.xml
[29/May/2026 22:21:55] "GET /WEB-INF/web.xml HTTP/1.1" 404 2375
Not Found: /WEB-INF/context.xml
[29/May/2026 22:21:55] "GET /WEB-INF/context.xml HTTP/1.1" 404 2387
Not Found: /WEB-INF/classes/application.properties
[29/May/2026 22:21:55] "GET /WEB-INF/classes/application.properties HTTP/1.1" 404 2444
Not Found: /META-INF/context.xml
[29/May/2026 22:21:55] "GET /META-INF/context.xml HTTP/1.1" 404 2390
Not Found: /.idea/dataSources.xml
[29/May/2026 22:21:55] "GET /.idea/dataSources.xml HTTP/1.1" 404 2393
Not Found: /.idea/dataSources.local.xml
[29/May/2026 22:21:55] "GET /.idea/dataSources.local.xml HTTP/1.1" 404 2411
Not Found: /.idea/workspace.xml
[29/May/2026 22:21:55] "GET /.idea/workspace.xml HTTP/1.1" 404 2387
Not Found: /.idea/WebServers.xml
[29/May/2026 22:21:55] "GET /.idea/WebServers.xml HTTP/1.1" 404 2390
Not Found: /.idea/deployment.xml
[29/May/2026 22:21:55] "GET /.idea/deployment.xml HTTP/1.1" 404 2390
Not Found: /.vscode/sftp.json
[29/May/2026 22:21:55] "GET /.vscode/sftp.json HTTP/1.1" 404 2381
Not Found: /.vscode/settings.json
[29/May/2026 22:21:55] "GET /.vscode/settings.json HTTP/1.1" 404 2393
Not Found: /.vscode/launch.json
Not Found: /.vscode/tasks.json
[29/May/2026 22:21:55] "GET /.vscode/launch.json HTTP/1.1" 404 2387
[29/May/2026 22:21:55] "GET /.vscode/tasks.json HTTP/1.1" 404 2384
Not Found: /.gitlab-ci.yml
[29/May/2026 22:21:55] "GET /.gitlab-ci.yml HTTP/1.1" 404 2372
Not Found: /.travis.yml
[29/May/2026 22:21:55] "GET /.travis.yml HTTP/1.1" 404 2363
Not Found: /.circleci/config.yml
[29/May/2026 22:21:55] "GET /.circleci/config.yml HTTP/1.1" 404 2390
Not Found: /.github/workflows/deploy.yml
[29/May/2026 22:21:55] "GET /.github/workflows/deploy.yml HTTP/1.1" 404 2414
Not Found: /.github/workflows/main.yml
[29/May/2026 22:21:55] "GET /.github/workflows/main.yml HTTP/1.1" 404 2408
Not Found: /.github/workflows/production.yml
[29/May/2026 22:21:55] "GET /.github/workflows/production.yml HTTP/1.1" 404 2426
Not Found: /.github/workflows/ci.yml
[29/May/2026 22:21:55] "GET /.github/workflows/ci.yml HTTP/1.1" 404 2402
Not Found: /Jenkinsfile
[29/May/2026 22:21:55] "GET /Jenkinsfile HTTP/1.1" 404 2363
Not Found: /jenkins/Jenkinsfile
[29/May/2026 22:21:55] "GET /jenkins/Jenkinsfile HTTP/1.1" 404 2387
Not Found: /.drone.yml
[29/May/2026 22:21:55] "GET /.drone.yml HTTP/1.1" 404 2360
Not Found: /.drone.yaml
[29/May/2026 22:21:55] "GET /.drone.yaml HTTP/1.1" 404 2363
Not Found: /bitbucket-pipelines.yml
[29/May/2026 22:21:55] "GET /bitbucket-pipelines.yml HTTP/1.1" 404 2399
Not Found: /azure-pipelines.yml
[29/May/2026 22:21:55] "GET /azure-pipelines.yml HTTP/1.1" 404 2387
Not Found: /.buildkite/pipeline.yml
[29/May/2026 22:21:55] "GET /.buildkite/pipeline.yml HTTP/1.1" 404 2399
Not Found: /debug.log
[29/May/2026 22:21:55] "GET /debug.log HTTP/1.1" 404 2357
Not Found: /error.log
[29/May/2026 22:21:55] "GET /error.log HTTP/1.1" 404 2357
Not Found: /app.log
[29/May/2026 22:21:55] "GET /app.log HTTP/1.1" 404 2351
Not Found: /application.log
[29/May/2026 22:21:55] "GET /application.log HTTP/1.1" 404 2375
Not Found: /laravel.log
[29/May/2026 22:21:55] "GET /laravel.log HTTP/1.1" 404 2363
Not Found: /access.log
[29/May/2026 22:21:55] "GET /access.log HTTP/1.1" 404 2360
Not Found: /server.log
[29/May/2026 22:21:55] "GET /server.log HTTP/1.1" 404 2360
Not Found: /trace.log
[29/May/2026 22:21:55] "GET /trace.log HTTP/1.1" 404 2357
Not Found: /logs/debug.log
[29/May/2026 22:21:55] "GET /logs/debug.log HTTP/1.1" 404 2372
Not Found: /logs/error.log
[29/May/2026 22:21:55] "GET /logs/error.log HTTP/1.1" 404 2372
Not Found: /logs/app.log
[29/May/2026 22:21:55] "GET /logs/app.log HTTP/1.1" 404 2366
Not Found: /logs/application.log
[29/May/2026 22:21:55] "GET /logs/application.log HTTP/1.1" 404 2390
Not Found: /log/debug.log
[29/May/2026 22:21:55] "GET /log/debug.log HTTP/1.1" 404 2369
Not Found: /log/error.log
[29/May/2026 22:21:55] "GET /log/error.log HTTP/1.1" 404 2369
Not Found: /.htpasswd
[29/May/2026 22:21:55] "GET /.htpasswd HTTP/1.1" 404 2357
Not Found: /.htaccess
[29/May/2026 22:21:55] "GET /.htaccess HTTP/1.1" 404 2357
Not Found: /web.config
[29/May/2026 22:21:55] "GET /web.config HTTP/1.1" 404 2360
Not Found: /nginx.conf
[29/May/2026 22:21:55] "GET /nginx.conf HTTP/1.1" 404 2360
Not Found: /nginx.config
[29/May/2026 22:21:55] "GET /nginx.config HTTP/1.1" 404 2366
Not Found: /server.xml
[29/May/2026 22:21:55] "GET /server.xml HTTP/1.1" 404 2360
Not Found: /.gitconfig
[29/May/2026 22:21:55] "GET /.gitconfig HTTP/1.1" 404 2360
Not Found: /.netrc
[29/May/2026 22:21:55] "GET /.netrc HTTP/1.1" 404 2348
Not Found: /.npmrc
[29/May/2026 22:21:55] "GET /.npmrc HTTP/1.1" 404 2348
Not Found: /.pypirc
[29/May/2026 22:21:55] "GET /.pypirc HTTP/1.1" 404 2351
Not Found: /.bash_history
[29/May/2026 22:21:55] "GET /.bash_history HTTP/1.1" 404 2369
Not Found: /.ssh/id_rsa
[29/May/2026 22:21:55] "GET /.ssh/id_rsa HTTP/1.1" 404 2363
Not Found: /.ssh/authorized_keys
[29/May/2026 22:21:55] "GET /.ssh/authorized_keys HTTP/1.1" 404 2390
Not Found: /id_rsa
[29/May/2026 22:21:55] "GET /id_rsa HTTP/1.1" 404 2348
Not Found: /private.key
[29/May/2026 22:21:55] "GET /private.key HTTP/1.1" 404 2363
Not Found: /private_key.pem
[29/May/2026 22:21:55] "GET /private_key.pem HTTP/1.1" 404 2375
Not Found: /server.key
[29/May/2026 22:21:55] "GET /server.key HTTP/1.1" 404 2360
Not Found: /server.pem
[29/May/2026 22:21:55] "GET /server.pem HTTP/1.1" 404 2360
[29/May/2026 22:55:58] code 400, message Bad request version ('\\x00G\xfc\\x18\\x96')
[29/May/2026 22:55:58] You're accessing the development server over HTTPS, but it only supports HTTP.
[29/May/2026 22:55:58] code 400, message Bad request version ('\xc0\\x13\xc0')
[29/May/2026 22:55:58] You're accessing the development server over HTTPS, but it only supports HTTP.
[29/May/2026 22:55:58] code 400, message Bad request version ('\xc0\\x13\xc0')
[29/May/2026 22:55:58] You're accessing the development server over HTTPS, but it only supports HTTP.
[29/May/2026 22:55:58] code 400, message Bad request version ('\xc0\\x13\xc0')
[29/May/2026 22:55:58] You're accessing the development server over HTTPS, but it only supports HTTP.
[29/May/2026 22:55:58] code 400, message Bad request version ('$\xdf(\xbc')
[29/May/2026 22:55:58] You're accessing the development server over HTTPS, but it only supports HTTP.
[29/May/2026 22:55:58] code 400, message Bad request syntax ('\\x16\\x03\\x01\\x00\xea\\x01\\x00\\x00\xe6\\x03\\x03\\x94dH\xa2O\xcc\\x8e\xb0\xd6zJi\\x00\\x17\xa5~7sm_')
[29/May/2026 22:55:58] You're accessing the development server over HTTPS, but it only supports HTTP.
[29/May/2026 22:55:58] code 400, message Bad request version ('\xc0\\x13\xc0')
[29/May/2026 22:55:58] You're accessing the development server over HTTPS, but it only supports HTTP.
[29/May/2026 22:55:58] code 400, message Bad request syntax ('\\x16\\x03\\x01\\x00\xea\\x01\\x00\\x00\xe6\\x03\\x03')
[29/May/2026 22:55:58] You're accessing the development server over HTTPS, but it only supports HTTP.
[29/May/2026 22:55:58] code 400, message Bad request version ('\xc0\\x13\xc0')
[29/May/2026 22:55:58] You're accessing the development server over HTTPS, but it only supports HTTP.
[29/May/2026 22:55:58] code 400, message Bad HTTP/0.9 request type ('\\x16\\x03\\x01\\x00\xea\\x01\\x00\\x00\xe6\\x03\\x03\xd8\xe6Bq')
[29/May/2026 22:55:58] You're accessing the development server over HTTPS, but it only supports HTTP.
[29/May/2026 22:55:58] code 400, message Bad request version ('\xc0\\x13\xc0')
[29/May/2026 22:55:58] You're accessing the development server over HTTPS, but it only supports HTTP.
[29/May/2026 22:55:58] code 400, message Bad request version ('\xc0\\x13\xc0')
[29/May/2026 22:55:58] You're accessing the development server over HTTPS, but it only supports HTTP.
[29/May/2026 22:55:58] code 400, message Bad request version ('\xc0\\x13\xc0')
[29/May/2026 22:55:58] You're accessing the development server over HTTPS, but it only supports HTTP.
[29/May/2026 22:55:58] code 400, message Bad request syntax ('\\x16\\x03\\x01\\x00\xea\\x01\\x00\\x00\xe6\\x03\\x03l]\xd3\\\\T\xd4\\x8f\xa5\\x90\xf5|\xce.\xf5e}\\x1a\\x827m\xa9')
[29/May/2026 22:55:58] You're accessing the development server over HTTPS, but it only supports HTTP.
[29/May/2026 22:55:58] code 400, message Bad request version ('\xc0\\x13\xc0')
[29/May/2026 22:55:58] You're accessing the development server over HTTPS, but it only supports HTTP.
[29/May/2026 22:55:58] code 400, message Bad request version ('\\x9aqmNY5\xe7\xd6\\x9c')
[29/May/2026 22:55:58] You're accessing the development server over HTTPS, but it only supports HTTP.
[29/May/2026 22:55:58] code 400, message Bad request version ('\xc0\\x13\xc0')
[29/May/2026 22:55:58] You're accessing the development server over HTTPS, but it only supports HTTP.
[29/May/2026 22:55:58] code 400, message Bad request version ('\xc0\\x13\xc0')
[29/May/2026 22:55:58] You're accessing the development server over HTTPS, but it only supports HTTP.
[29/May/2026 22:55:58] code 400, message Bad request version ('\xc0\\x13\xc0')
[29/May/2026 22:55:58] You're accessing the development server over HTTPS, but it only supports HTTP.
[29/May/2026 22:55:58] code 400, message Bad request version ('\xc0\\x13\xc0')
[29/May/2026 22:55:58] You're accessing the development server over HTTPS, but it only supports HTTP.
[29/May/2026 22:55:58] code 400, message Bad request version ('\xc0\\x13\xc0')
[29/May/2026 22:55:58] You're accessing the development server over HTTPS, but it only supports HTTP.
[29/May/2026 22:55:58] code 400, message Bad request version ('\xc0\\x13\xc0')
[29/May/2026 22:55:58] You're accessing the development server over HTTPS, but it only supports HTTP.
[29/May/2026 22:55:58] code 400, message Bad request version ('\xc0\\x13\xc0')
[29/May/2026 22:55:58] You're accessing the development server over HTTPS, but it only supports HTTP.
[29/May/2026 22:55:58] code 400, message Bad request version (':\\x0f\xa3\\x19]X\\x19\xab\\x80\xfe\xb1g%4')
[29/May/2026 22:55:58] You're accessing the development server over HTTPS, but it only supports HTTP.
[29/May/2026 22:55:58] code 400, message Bad request version ('\xc0\\x13\xc0')
[29/May/2026 22:55:58] You're accessing the development server over HTTPS, but it only supports HTTP.
[29/May/2026 22:55:58] code 400, message Bad request version ('\xc0\\x13\xc0')
[29/May/2026 22:55:58] You're accessing the development server over HTTPS, but it only supports HTTP.
[29/May/2026 22:55:58] code 400, message Bad request version ('\\x92')
[29/May/2026 22:55:58] You're accessing the development server over HTTPS, but it only supports HTTP.
[29/May/2026 22:55:58] code 400, message Bad request version ('\xc0\\x13\xc0')
[29/May/2026 22:55:58] You're accessing the development server over HTTPS, but it only supports HTTP.
[29/May/2026 22:55:58] code 400, message Bad request version ('\xc0\\x13\xc0')
[29/May/2026 22:55:58] You're accessing the development server over HTTPS, but it only supports HTTP.
[29/May/2026 22:55:58] code 400, message Bad request version ('\xc0\\x13\xc0')
[29/May/2026 22:55:58] You're accessing the development server over HTTPS, but it only supports HTTP.
[29/May/2026 22:55:58] code 400, message Bad request version ('\xc0\\x13\xc0')
[29/May/2026 22:55:58] You're accessing the development server over HTTPS, but it only supports HTTP.
[29/May/2026 22:55:58] code 400, message Bad request version ('\xf3\\x8c)\\x9d\xb5')
[29/May/2026 22:55:58] You're accessing the development server over HTTPS, but it only supports HTTP.
[29/May/2026 22:55:58] code 400, message Bad request version ('\xc0\\x13\xc0')
[29/May/2026 22:55:58] You're accessing the development server over HTTPS, but it only supports HTTP.
[29/May/2026 22:55:58] code 400, message Bad HTTP/0.9 request type ('\\x16\\x03\\x01\\x00\xea\\x01\\x00\\x00\xe6\\x03\\x03\xda\\x92\xfdC\xf3I\\x9e\xe0\\x9a\\x82\xb7dN\xe8\\x03\xf2)\xc9\xd2\xa9+:\xcf\xbftr\\x9dr>\xca\xce\xba')
[29/May/2026 22:55:58] You're accessing the development server over HTTPS, but it only supports HTTP.
[29/May/2026 22:55:59] code 400, message Bad request version ('\xc0\\x13\xc0')
[29/May/2026 22:55:59] You're accessing the development server over HTTPS, but it only supports HTTP.
[29/May/2026 22:55:59] code 400, message Bad request version ('\xc0\\x13\xc0')
[29/May/2026 22:55:59] You're accessing the development server over HTTPS, but it only supports HTTP.
[29/May/2026 22:55:59] code 400, message Bad request syntax ('\\x16\\x03\\x01\\x00\xea\\x01\\x00\\x00\xe6\\x03\\x03Y\\x86b{\xf2\xb6\xe81\xca\xaf')
[29/May/2026 22:55:59] You're accessing the development server over HTTPS, but it only supports HTTP.
[29/May/2026 22:55:59] code 400, message Bad request version ('\xf1\\x89\xdcPr\xf1')
[29/May/2026 22:55:59] You're accessing the development server over HTTPS, but it only supports HTTP.
[29/May/2026 22:55:59] code 400, message Bad request version ('\xc0\\x13\xc0')
[29/May/2026 22:55:59] You're accessing the development server over HTTPS, but it only supports HTTP.
[29/May/2026 22:55:59] code 400, message Bad request version ('\xc0\\x13\xc0')
[29/May/2026 22:55:59] You're accessing the development server over HTTPS, but it only supports HTTP.
[29/May/2026 22:55:59] code 400, message Bad request version ('\xc0\\x13\xc0')
[29/May/2026 22:55:59] You're accessing the development server over HTTPS, but it only supports HTTP.
[29/May/2026 22:55:59] code 400, message Bad request version ('\xc0\\x13\xc0')
[29/May/2026 22:55:59] You're accessing the development server over HTTPS, but it only supports HTTP.
[29/May/2026 22:55:59] code 400, message Bad request version ('\xc0\\x13\xc0')
[29/May/2026 22:55:59] You're accessing the development server over HTTPS, but it only supports HTTP.
[29/May/2026 22:55:59] code 400, message Bad request version ('h-\\x16r\\x17\xe8p2t+l\xe5')
[29/May/2026 22:55:59] You're accessing the development server over HTTPS, but it only supports HTTP.
[29/May/2026 22:55:59] code 400, message Bad request version ('\xc0\\x13\xc0')
[29/May/2026 22:55:59] You're accessing the development server over HTTPS, but it only supports HTTP.
[29/May/2026 22:55:59] code 400, message Bad request version ('\xc0\\x13\xc0')
[29/May/2026 22:55:59] You're accessing the development server over HTTPS, but it only supports HTTP.
[29/May/2026 22:55:59] code 400, message Bad request version ('\xc0\\x13\xc0')
[29/May/2026 22:55:59] You're accessing the development server over HTTPS, but it only supports HTTP.
[29/May/2026 22:55:59] code 400, message Bad request version ('\xc0\\x13\xc0')
[29/May/2026 22:55:59] You're accessing the development server over HTTPS, but it only supports HTTP.
[29/May/2026 22:55:59] code 400, message Bad HTTP/0.9 request type ('\\x16\\x03\\x01\\x00\xea\\x01\\x00\\x00\xe6\\x03\\x03"o\xcdr\xed\xf3\xcb')
[29/May/2026 22:55:59] You're accessing the development server over HTTPS, but it only supports HTTP.
[29/May/2026 22:55:59] code 400, message Bad request syntax ('\\x16\\x03\\x01\\x00\xea\\x01\\x00\\x00\xe6\\x03\\x03\xe7')
[29/May/2026 22:55:59] You're accessing the development server over HTTPS, but it only supports HTTP.
[29/May/2026 22:55:59] code 400, message Bad request version ('\xc0\\x13\xc0')
[29/May/2026 22:55:59] You're accessing the development server over HTTPS, but it only supports HTTP.
[29/May/2026 22:55:59] code 400, message Bad HTTP/0.9 request type ('\\x16\\x03\\x01\\x00\xea\\x01\\x00\\x00\xe6\\x03\\x03')
[29/May/2026 22:55:59] You're accessing the development server over HTTPS, but it only supports HTTP.
[29/May/2026 22:55:59] code 400, message Bad request version ('8U')
[29/May/2026 22:55:59] You're accessing the development server over HTTPS, but it only supports HTTP.
[29/May/2026 22:55:59] code 400, message Bad request version ('\xc0\\x13\xc0')
[29/May/2026 22:55:59] You're accessing the development server over HTTPS, but it only supports HTTP.
[29/May/2026 22:55:59] code 400, message Bad request version ('\xc0\\x13\xc0')
[29/May/2026 22:55:59] You're accessing the development server over HTTPS, but it only supports HTTP.
[29/May/2026 22:55:59] code 400, message Bad request version ('\xc0\\x13\xc0')
[29/May/2026 22:55:59] You're accessing the development server over HTTPS, but it only supports HTTP.
[29/May/2026 22:55:59] code 400, message Bad HTTP/0.9 request type ('\\x16\\x03\\x01\\x00\xea\\x01\\x00\\x00\xe6\\x03\\x03\\x90\xafp\\x19\xa9\\x04:\\x172\xbcy\\x05\\x96\xec\xfd\\x0f\xa8\\x88\\\\\\x9dh\xc6\\x1a\\x93\\x8c\xc3v2\\x10x\\x9a\xec')
[29/May/2026 22:55:59] You're accessing the development server over HTTPS, but it only supports HTTP.
[29/May/2026 22:55:59] code 400, message Bad request version ('\xc0\\x13\xc0')
[29/May/2026 22:55:59] You're accessing the development server over HTTPS, but it only supports HTTP.
[29/May/2026 22:55:59] code 400, message Bad request version ('\xc0\\x13\xc0')
[29/May/2026 22:55:59] You're accessing the development server over HTTPS, but it only supports HTTP.
[29/May/2026 22:55:59] code 400, message Bad request version ('\\x06Q')
[29/May/2026 22:55:59] You're accessing the development server over HTTPS, but it only supports HTTP.
[29/May/2026 22:55:59] code 400, message Bad request version ('\xc0\\x13\xc0')
[29/May/2026 22:55:59] You're accessing the development server over HTTPS, but it only supports HTTP.
[29/May/2026 22:55:59] code 400, message Bad request version ('\xc0\\x13\xc0')
[29/May/2026 22:55:59] You're accessing the development server over HTTPS, but it only supports HTTP.
[29/May/2026 22:55:59] code 400, message Bad request syntax ('\\x16\\x03\\x01\\x00\xea\\x01\\x00\\x00\xe6\\x03\\x03\xa1')
[29/May/2026 22:55:59] You're accessing the development server over HTTPS, but it only supports HTTP.
[29/May/2026 22:55:59] code 400, message Bad request version ('\xc0\\x13\xc0')
[29/May/2026 22:55:59] You're accessing the development server over HTTPS, but it only supports HTTP.
[29/May/2026 22:55:59] code 400, message Bad request version ('\xc0\\x13\xc0')
[29/May/2026 22:55:59] You're accessing the development server over HTTPS, but it only supports HTTP.
[29/May/2026 22:55:59] code 400, message Bad request version ('\xc0\\x13\xc0')
[29/May/2026 22:55:59] You're accessing the development server over HTTPS, but it only supports HTTP.
[29/May/2026 22:55:59] code 400, message Bad request version ('\xc0\\x13\xc0')
[29/May/2026 22:55:59] You're accessing the development server over HTTPS, but it only supports HTTP.
[29/May/2026 22:55:59] code 400, message Bad request version ('\xc0\\x13\xc0')
[29/May/2026 22:55:59] You're accessing the development server over HTTPS, but it only supports HTTP.
[29/May/2026 22:55:59] code 400, message Bad request version ('\xc0\\x13\xc0')
[29/May/2026 22:55:59] You're accessing the development server over HTTPS, but it only supports HTTP.
[29/May/2026 22:55:59] code 400, message Bad request version ('\xc0\\x13\xc0')
[29/May/2026 22:55:59] You're accessing the development server over HTTPS, but it only supports HTTP.
[29/May/2026 22:55:59] code 400, message Bad request version ('\xc0\\x13\xc0')
[29/May/2026 22:55:59] You're accessing the development server over HTTPS, but it only supports HTTP.
[29/May/2026 22:55:59] code 400, message Bad request version ('\xc0\\x13\xc0')
[29/May/2026 22:55:59] You're accessing the development server over HTTPS, but it only supports HTTP.
[29/May/2026 22:55:59] code 400, message Bad request version ('\xf5\\x9c(\\x15\xd4}\\x9a')
[29/May/2026 22:55:59] You're accessing the development server over HTTPS, but it only supports HTTP.
[29/May/2026 22:55:59] code 400, message Bad request version ('\xc0\\x13\xc0')
[29/May/2026 22:55:59] You're accessing the development server over HTTPS, but it only supports HTTP.
[29/May/2026 22:55:59] code 400, message Bad request version ('\xc0\\x13\xc0')
[29/May/2026 22:55:59] You're accessing the development server over HTTPS, but it only supports HTTP.
[29/May/2026 22:55:59] code 400, message Bad request version ('\xc0\\x13\xc0')
[29/May/2026 22:55:59] You're accessing the development server over HTTPS, but it only supports HTTP.
[29/May/2026 22:55:59] code 400, message Bad request version ('\xc0\\x13\xc0')
[29/May/2026 22:55:59] You're accessing the development server over HTTPS, but it only supports HTTP.
[29/May/2026 22:55:59] code 400, message Bad request syntax ('\\x16\\x03\\x01\\x00\xea\\x01\\x00\\x00\xe6\\x03\\x03&\xf4\xa3\xcd,\xd2.\xed\\x8e>Y#\xd6\\x07\xaf\\x99\xa9\\x9bF')
[29/May/2026 22:55:59] You're accessing the development server over HTTPS, but it only supports HTTP.
[29/May/2026 22:55:59] code 400, message Bad request version ('\xc0\\x13\xc0')
[29/May/2026 22:55:59] You're accessing the development server over HTTPS, but it only supports HTTP.
[29/May/2026 22:55:59] code 400, message Bad request version ('\xc0\\x13\xc0')
[29/May/2026 22:55:59] You're accessing the development server over HTTPS, but it only supports HTTP.
[29/May/2026 22:55:59] code 400, message Bad request version ('\xc0\\x13\xc0')
[29/May/2026 22:55:59] You're accessing the development server over HTTPS, but it only supports HTTP.
[29/May/2026 22:55:59] code 400, message Bad request version ('\xc0\\x13\xc0')
[29/May/2026 22:55:59] You're accessing the development server over HTTPS, but it only supports HTTP.
[29/May/2026 22:55:59] code 400, message Bad request version ('\xc0\\x13\xc0')
[29/May/2026 22:55:59] You're accessing the development server over HTTPS, but it only supports HTTP.
[29/May/2026 22:55:59] code 400, message Bad HTTP/0.9 request type ('\\x16\\x03\\x01\\x00\xea\\x01\\x00\\x00\xe6\\x03\\x03\xf4\xfc\\x08U\xebe')
[29/May/2026 22:55:59] You're accessing the development server over HTTPS, but it only supports HTTP.
[29/May/2026 22:55:59] code 400, message Bad request version ('\xc0\\x13\xc0')
[29/May/2026 22:55:59] You're accessing the development server over HTTPS, but it only supports HTTP.
[29/May/2026 22:55:59] code 400, message Bad request version ('\xc0\\x13\xc0')
[29/May/2026 22:55:59] You're accessing the development server over HTTPS, but it only supports HTTP.
[29/May/2026 22:55:59] code 400, message Bad request version ('\xc0\\x13\xc0')
[29/May/2026 22:55:59] You're accessing the development server over HTTPS, but it only supports HTTP.
[29/May/2026 22:55:59] code 400, message Bad request version ('\xc0\\x13\xc0')
[29/May/2026 22:55:59] You're accessing the development server over HTTPS, but it only supports HTTP.
[29/May/2026 22:55:59] code 400, message Bad request version ('\xc0\\x13\xc0')
[29/May/2026 22:55:59] You're accessing the development server over HTTPS, but it only supports HTTP.
[29/May/2026 22:55:59] code 400, message Bad request version ('\xc0\\x13\xc0')
[29/May/2026 22:55:59] You're accessing the development server over HTTPS, but it only supports HTTP.
[29/May/2026 22:55:59] code 400, message Bad request version ('\xc0\\x13\xc0')
[29/May/2026 22:55:59] You're accessing the development server over HTTPS, but it only supports HTTP.
[29/May/2026 22:55:59] code 400, message Bad request syntax ('\\x16\\x03\\x01\\x00\xea\\x01\\x00\\x00\xe6\\x03\\x03`\xf1\\x92\xb4\\x90\\x8d\xe5\\x06[\\x00\xcb$\xa3wUn@\xe5\xa3\\x07\xecj\xb1')
[29/May/2026 22:55:59] You're accessing the development server over HTTPS, but it only supports HTTP.
[29/May/2026 22:55:59] code 400, message Bad request version ('\xc0\\x13\xc0')
[29/May/2026 22:55:59] You're accessing the development server over HTTPS, but it only supports HTTP.
[29/May/2026 22:55:59] code 400, message Bad request version ('\xc0\\x13\xc0')
[29/May/2026 22:55:59] You're accessing the development server over HTTPS, but it only supports HTTP.
[29/May/2026 22:55:59] code 400, message Bad request version ('\xc0\\x13\xc0')
[29/May/2026 22:55:59] You're accessing the development server over HTTPS, but it only supports HTTP.
[29/May/2026 22:55:59] code 400, message Bad request version ('\xc0\\x13\xc0')
[29/May/2026 22:55:59] You're accessing the development server over HTTPS, but it only supports HTTP.
[29/May/2026 22:55:59] code 400, message Bad request version ('\xc0\\x13\xc0')
[29/May/2026 22:55:59] You're accessing the development server over HTTPS, but it only supports HTTP.
[29/May/2026 22:55:59] code 400, message Bad request version ('\xc0\\x13\xc0')
[29/May/2026 22:55:59] You're accessing the development server over HTTPS, but it only supports HTTP.
[29/May/2026 22:55:59] code 400, message Bad request version ('\xc0\\x13\xc0')
[29/May/2026 22:55:59] You're accessing the development server over HTTPS, but it only supports HTTP.
[29/May/2026 22:55:59] code 400, message Bad request version ('\xc0\\x13\xc0')
[29/May/2026 22:55:59] You're accessing the development server over HTTPS, but it only supports HTTP.
[29/May/2026 22:55:59] code 400, message Bad request version ('\xc0\\x13\xc0')
[29/May/2026 22:55:59] You're accessing the development server over HTTPS, but it only supports HTTP.
[29/May/2026 22:55:59] code 400, message Bad request version ('\xc0\\x13\xc0')
[29/May/2026 22:55:59] You're accessing the development server over HTTPS, but it only supports HTTP.
[29/May/2026 22:55:59] code 400, message Bad request version ('\xc0\\x13\xc0')
[29/May/2026 22:55:59] You're accessing the development server over HTTPS, but it only supports HTTP.
[29/May/2026 22:55:59] code 400, message Bad request version ('\xc0\\x13\xc0')
[29/May/2026 22:55:59] You're accessing the development server over HTTPS, but it only supports HTTP.
[29/May/2026 22:55:59] code 400, message Bad request version ('\xc0\\x13\xc0')
[29/May/2026 22:55:59] You're accessing the development server over HTTPS, but it only supports HTTP.
[29/May/2026 22:55:59] code 400, message Bad request version ('\xc0\\x13\xc0')
[29/May/2026 22:55:59] You're accessing the development server over HTTPS, but it only supports HTTP.
[29/May/2026 22:55:59] code 400, message Bad request version ('\xc0\\x13\xc0')
[29/May/2026 22:55:59] You're accessing the development server over HTTPS, but it only supports HTTP.
[29/May/2026 22:55:59] code 400, message Bad request version ('\xc4K\xeef!g')
[29/May/2026 22:55:59] You're accessing the development server over HTTPS, but it only supports HTTP.
[29/May/2026 22:55:59] code 400, message Bad request version ('\xc0\\x13\xc0')
[29/May/2026 22:55:59] You're accessing the development server over HTTPS, but it only supports HTTP.
[29/May/2026 22:55:59] code 400, message Bad request version ('\xc0\\x13\xc0')
[29/May/2026 22:55:59] You're accessing the development server over HTTPS, but it only supports HTTP.
Not Found: /.env.uat
[29/May/2026 22:55:59] "GET /.env.uat HTTP/1.1" 404 2354
[29/May/2026 22:55:59] code 400, message Bad request version ('\\x98\xa2\\x98')
[29/May/2026 22:55:59] You're accessing the development server over HTTPS, but it only supports HTTP.
[29/May/2026 22:55:59] code 400, message Bad request version ('F')
[29/May/2026 22:55:59] You're accessing the development server over HTTPS, but it only supports HTTP.
[29/May/2026 22:55:59] code 400, message Bad request version ('\xc0\\x13\xc0')
[29/May/2026 22:55:59] You're accessing the development server over HTTPS, but it only supports HTTP.
[29/May/2026 22:55:59] code 400, message Bad request version ('\xc0\\x13\xc0')
[29/May/2026 22:55:59] You're accessing the development server over HTTPS, but it only supports HTTP.
[29/May/2026 22:55:59] code 400, message Bad request syntax ('\\x16\\x03\\x01\\x00\xea\\x01\\x00\\x00\xe6\\x03\\x03\xe3r')
[29/May/2026 22:55:59] You're accessing the development server over HTTPS, but it only supports HTTP.
[29/May/2026 22:55:59] code 400, message Bad request version ('\xc0\\x13\xc0')
[29/May/2026 22:55:59] You're accessing the development server over HTTPS, but it only supports HTTP.
[29/May/2026 22:55:59] code 400, message Bad HTTP/0.9 request type ('\\x16\\x03\\x01\\x00\xea\\x01\\x00\\x00\xe6\\x03\\x03')
[29/May/2026 22:55:59] You're accessing the development server over HTTPS, but it only supports HTTP.
[29/May/2026 22:55:59] code 400, message Bad request version ('\xc0\\x13\xc0')
[29/May/2026 22:55:59] You're accessing the development server over HTTPS, but it only supports HTTP.
[29/May/2026 22:55:59] code 400, message Bad request version ('\xc0\\x13\xc0')
[29/May/2026 22:55:59] You're accessing the development server over HTTPS, but it only supports HTTP.
[29/May/2026 22:55:59] code 400, message Bad request version ('\xc0\\x13\xc0')
[29/May/2026 22:55:59] You're accessing the development server over HTTPS, but it only supports HTTP.
Not Found: /.env.preprod
Not Found: /.env.old
[29/May/2026 22:55:59] code 400, message Bad request version ('\\x91')
Not Found: /.env.dev
[29/May/2026 22:55:59] "GET /.env.preprod HTTP/1.1" 404 2366
Not Found: /.env.prod.bak
[29/May/2026 22:55:59] code 400, message Bad request version ('\xc0\\x13\xc0')
Not Found: /.env.copy
[29/May/2026 22:55:59] "GET /.env.old HTTP/1.1" 404 2354
Not Found: /.env
[29/May/2026 22:55:59] You're accessing the development server over HTTPS, but it only supports HTTP.
Not Found: /.env.save
[29/May/2026 22:55:59] "GET /.env.dev HTTP/1.1" 404 2354
Not Found: /.env.pre-production
Not Found: /.env.production
[29/May/2026 22:55:59] You're accessing the development server over HTTPS, but it only supports HTTP.
Not Found: /.env.development
[29/May/2026 22:55:59] "GET /.env.prod.bak HTTP/1.1" 404 2369
Not Found: /.env.demo
[29/May/2026 22:55:59] code 400, message Bad request version ('\xc0\\x13\xc0')
Not Found: /.env.bak
[29/May/2026 22:55:59] "GET /.env.copy HTTP/1.1" 404 2357
[29/May/2026 22:55:59] "GET /.env HTTP/1.1" 404 2342
[29/May/2026 22:55:59] "GET /.env.save HTTP/1.1" 404 2357
[29/May/2026 22:55:59] "GET /.env.pre-production HTTP/1.1" 404 2387
[29/May/2026 22:55:59] You're accessing the development server over HTTPS, but it only supports HTTP.
[29/May/2026 22:55:59] "GET /.env.development HTTP/1.1" 404 2378
[29/May/2026 22:55:59] "GET /.env.demo HTTP/1.1" 404 2357
[29/May/2026 22:55:59] "GET /.env.production HTTP/1.1" 404 2375
[29/May/2026 22:55:59] "GET /.env.bak HTTP/1.1" 404 2354
[29/May/2026 22:55:59] code 400, message Bad request version ('\xc0\\x13\xc0')
[29/May/2026 22:55:59] You're accessing the development server over HTTPS, but it only supports HTTP.
[29/May/2026 22:55:59] code 400, message Bad request version ('\xc0\\x13\xc0')
[29/May/2026 22:55:59] You're accessing the development server over HTTPS, but it only supports HTTP.
[29/May/2026 22:55:59] code 400, message Bad request version ('\xc0\\x13\xc0')
[29/May/2026 22:55:59] You're accessing the development server over HTTPS, but it only supports HTTP.
[29/May/2026 22:55:59] code 400, message Bad HTTP/0.9 request type ('\\x16\\x03\\x01\\x00\xea\\x01\\x00\\x00\xe6\\x03\\x03;\xf1\\x9a\xb7IQX\xa6\xdc\xf1\xf5,\xbe\\x93.Qo(\\x81z\\x8a\xba`\\x0e\xcb\\x92\\x9a\\x9b\xca\\x07\xa6~')
[29/May/2026 22:55:59] You're accessing the development server over HTTPS, but it only supports HTTP.
Not Found: /.env.docker
Not Found: /.env.qa
Not Found: /.env.testing
[29/May/2026 22:55:59] "GET /.env.qa HTTP/1.1" 404 2351
Not Found: /.env.prod
[29/May/2026 22:55:59] "GET /.env.docker HTTP/1.1" 404 2363
[29/May/2026 22:55:59] "GET /.env.prod HTTP/1.1" 404 2357
[29/May/2026 22:55:59] "GET /.env.testing HTTP/1.1" 404 2366
Not Found: /.env.production.bak
[29/May/2026 22:55:59] code 400, message Bad request version ('\xc0\\x13\xc0')
[29/May/2026 22:55:59] You're accessing the development server over HTTPS, but it only supports HTTP.
[29/May/2026 22:55:59] "GET /.env.production.bak HTTP/1.1" 404 2387
[29/May/2026 22:55:59] code 400, message Bad request version ('\xc0\\x13\xc0')
[29/May/2026 22:55:59] You're accessing the development server over HTTPS, but it only supports HTTP.
Not Found: /.env.backup.txt
Not Found: /.env.backup
Not Found: /.env.local
[29/May/2026 22:56:00] "GET /.env.backup HTTP/1.1" 404 2363
Not Found: /.env.template
Not Found: /env
Not Found: /.env.staging
[29/May/2026 22:56:00] "GET /.env.backup.txt HTTP/1.1" 404 2375
Not Found: /.env.stage
[29/May/2026 22:56:00] "GET /.env.local HTTP/1.1" 404 2360
[29/May/2026 22:56:00] "GET /.env.template HTTP/1.1" 404 2369
Not Found: /.env.default
[29/May/2026 22:56:00] "GET /env HTTP/1.1" 404 2339
[29/May/2026 22:56:00] "GET /.env.staging HTTP/1.1" 404 2366
[29/May/2026 22:56:00] "GET /.env.stage HTTP/1.1" 404 2360
[29/May/2026 22:56:00] "GET /.env.default HTTP/1.1" 404 2366
Not Found: /.env.sample
[29/May/2026 22:56:00] "GET /.env.sample HTTP/1.1" 404 2363
Not Found: /.env.production.local
Not Found: /api/v1/.env
[29/May/2026 22:56:00] "GET /.env.production.local HTTP/1.1" 404 2393
Not Found: /qa/.env
[29/May/2026 22:56:00] "GET /api/v1/.env HTTP/1.1" 404 2363
Not Found: /.env.dist
[29/May/2026 22:56:00] "GET /qa/.env HTTP/1.1" 404 2351
Not Found: /.env~
Not Found: /env.txt
[29/May/2026 22:56:00] "GET /.env.dist HTTP/1.1" 404 2357
Not Found: /.env.live
[29/May/2026 22:56:00] "GET /.env~ HTTP/1.1" 404 2345
Not Found: /stage/.env
Not Found: /development/.env
Not Found: /.env.txt
[29/May/2026 22:56:00] "GET /env.txt HTTP/1.1" 404 2351
[29/May/2026 22:56:00] "GET /.env.live HTTP/1.1" 404 2357
Not Found: /.env.development.local
[29/May/2026 22:56:00] "GET /stage/.env HTTP/1.1" 404 2360
Not Found: /.env.example
[29/May/2026 22:56:00] "GET /development/.env HTTP/1.1" 404 2378
[29/May/2026 22:56:00] "GET /.env.development.local HTTP/1.1" 404 2396
Not Found: /.env.dev.local
[29/May/2026 22:56:00] "GET /.env.txt HTTP/1.1" 404 2354
Not Found: /api/.env.dev
[29/May/2026 22:56:00] "GET /.env.example HTTP/1.1" 404 2366
[29/May/2026 22:56:00] "GET /api/.env.dev HTTP/1.1" 404 2366
Not Found: /.env.orig
Not Found: /.env.local.bak
[29/May/2026 22:56:00] "GET /.env.orig HTTP/1.1" 404 2357
[29/May/2026 22:56:00] "GET /.env.local.bak HTTP/1.1" 404 2372
Not Found: /dev/.env
Not Found: /api/.env.local
[29/May/2026 22:56:00] "GET /.env.dev.local HTTP/1.1" 404 2372
[29/May/2026 22:56:00] "GET /api/.env.local HTTP/1.1" 404 2372
[29/May/2026 22:56:00] "GET /dev/.env HTTP/1.1" 404 2354
Not Found: /app/.env.old
Not Found: /app/.env.prod
Not Found: /app/api/.env
[29/May/2026 22:56:00] "GET /app/.env.prod HTTP/1.1" 404 2369
Not Found: /env.bak
[29/May/2026 22:56:00] "GET /app/.env.old HTTP/1.1" 404 2366
Not Found: /v1/.env
[29/May/2026 22:56:00] "GET /app/api/.env HTTP/1.1" 404 2366
Not Found: /env.backup
[29/May/2026 22:56:00] "GET /v1/.env HTTP/1.1" 404 2351
Not Found: /app/.env.backup
Not Found: /uat/.env
[29/May/2026 22:56:00] "GET /env.bak HTTP/1.1" 404 2351
Not Found: /app/.env
[29/May/2026 22:56:00] "GET /app/.env.backup HTTP/1.1" 404 2375
[29/May/2026 22:56:00] "GET /uat/.env HTTP/1.1" 404 2354
Not Found: /app/.env.dev
[29/May/2026 22:56:00] "GET /env.backup HTTP/1.1" 404 2360
[29/May/2026 22:56:00] "GET /app/.env HTTP/1.1" 404 2354
Not Found: /app/.env.bak
[29/May/2026 22:56:00] "GET /app/.env.dev HTTP/1.1" 404 2366
Not Found: /api/.env.production
[29/May/2026 22:56:00] "GET /app/.env.bak HTTP/1.1" 404 2366
[29/May/2026 22:56:00] "GET /api/.env.production HTTP/1.1" 404 2387
Not Found: /app/.env.local
Not Found: /env.old
Not Found: /app/.env.production
Not Found: /app/.env.staging
[29/May/2026 22:56:00] "GET /app/.env.local HTTP/1.1" 404 2372
Not Found: /prod/.env
[29/May/2026 22:56:00] "GET /env.old HTTP/1.1" 404 2351
[29/May/2026 22:56:00] "GET /app/.env.staging HTTP/1.1" 404 2378
Not Found: /staging/.env
[29/May/2026 22:56:00] "GET /app/.env.production HTTP/1.1" 404 2387
Not Found: /production/.env
[29/May/2026 22:56:00] "GET /prod/.env HTTP/1.1" 404 2357
Not Found: /frontend/.env.production
[29/May/2026 22:56:00] "GET /staging/.env HTTP/1.1" 404 2366
[29/May/2026 22:56:00] "GET /production/.env HTTP/1.1" 404 2375
[29/May/2026 22:56:00] "GET /frontend/.env.production HTTP/1.1" 404 2402
Not Found: /frontend/.env.local
Not Found: /api/.env.backup
[29/May/2026 22:56:00] "GET /frontend/.env.local HTTP/1.1" 404 2387
Not Found: /backend/api/.env
[29/May/2026 22:56:00] "GET /api/.env.backup HTTP/1.1" 404 2375
Not Found: /frontend/.env.prod
[29/May/2026 22:56:00] "GET /frontend/.env.prod HTTP/1.1" 404 2384
[29/May/2026 22:56:00] "GET /backend/api/.env HTTP/1.1" 404 2378
Not Found: /backend/.env.dev
[29/May/2026 22:56:00] "GET /backend/.env.dev HTTP/1.1" 404 2378
Not Found: /backend/.env.staging
[29/May/2026 22:56:00] "GET /backend/.env.staging HTTP/1.1" 404 2390
Not Found: /frontend/.env.dev
[29/May/2026 22:56:00] "GET /frontend/.env.dev HTTP/1.1" 404 2381
Not Found: /backend/.env.local
Not Found: /backend/.env.old
[29/May/2026 22:56:00] "GET /backend/.env.local HTTP/1.1" 404 2384
Not Found: /app/backend/.env
[29/May/2026 22:56:00] "GET /backend/.env.old HTTP/1.1" 404 2378
Not Found: /backend/.env
Not Found: /frontend/.env.staging
[29/May/2026 22:56:00] "GET /app/backend/.env HTTP/1.1" 404 2378
Not Found: /backend/.env.prod
[29/May/2026 22:56:00] "GET /backend/.env HTTP/1.1" 404 2366
[29/May/2026 22:56:00] "GET /backend/.env.prod HTTP/1.1" 404 2381
[29/May/2026 22:56:00] "GET /frontend/.env.staging HTTP/1.1" 404 2393
Not Found: /backend/.env.production
Not Found: /backend/.env.backup
[29/May/2026 22:56:00] "GET /backend/.env.production HTTP/1.1" 404 2399
Not Found: /frontend/.env.backup
[29/May/2026 22:56:00] "GET /backend/.env.backup HTTP/1.1" 404 2387
Not Found: /api/.env.staging
[29/May/2026 22:56:00] "GET /frontend/.env.backup HTTP/1.1" 404 2390
Not Found: /server/.env.backup
[29/May/2026 22:56:00] "GET /api/.env.staging HTTP/1.1" 404 2378
Not Found: /api/.env
[29/May/2026 22:56:00] "GET /server/.env.backup HTTP/1.1" 404 2384
Not Found: /src/.env.backup
[29/May/2026 22:56:00] "GET /api/.env HTTP/1.1" 404 2354
Not Found: /src/.env
[29/May/2026 22:56:00] "GET /src/.env.backup HTTP/1.1" 404 2375
[29/May/2026 22:56:00] "GET /admin/.env.backup HTTP/1.1" 302 0
Not Found: /api/.env.prod
[29/May/2026 22:56:00] "GET /admin/.env.local HTTP/1.1" 302 0
Not Found: /src/.env.local
[29/May/2026 22:56:00] "GET /src/.env HTTP/1.1" 404 2354
[29/May/2026 22:56:00] "GET /api/.env.prod HTTP/1.1" 404 2369
[29/May/2026 22:56:00] "GET /src/.env.local HTTP/1.1" 404 2372
Not Found: /server/.env
Not Found: /backend/.env.bak
Not Found: /src/.env.production
Not Found: /src/api/.env
[29/May/2026 22:56:00] "GET /server/.env HTTP/1.1" 404 2363
Not Found: /server/.env.local
[29/May/2026 22:56:00] "GET /src/.env.production HTTP/1.1" 404 2387
Not Found: /server/.env.production
[29/May/2026 22:56:00] "GET /server/.env.local HTTP/1.1" 404 2381
[29/May/2026 22:56:00] "GET /backend/.env.bak HTTP/1.1" 404 2378
[29/May/2026 22:56:00] "GET /src/api/.env HTTP/1.1" 404 2366
[29/May/2026 22:56:00] "GET /server/.env.production HTTP/1.1" 404 2396
Not Found: /services/.env.production
Not Found: /service/.env
[29/May/2026 22:56:00] "GET /services/.env.production HTTP/1.1" 404 2402
Not Found: /services/.env.local
[29/May/2026 22:56:00] "GET /service/.env HTTP/1.1" 404 2366
Not Found: /services/.env
[29/May/2026 22:56:00] "GET /services/.env.local HTTP/1.1" 404 2387
Not Found: /internal/.env
Not Found: /internal/.env.production
[29/May/2026 22:56:00] "GET /admin/api/.env HTTP/1.1" 302 0
[29/May/2026 22:56:00] "GET /admin/.env HTTP/1.1" 302 0
[29/May/2026 22:56:00] "GET /internal/.env.production HTTP/1.1" 404 2402
[29/May/2026 22:56:00] "GET /services/.env HTTP/1.1" 404 2369
[29/May/2026 22:56:00] "GET /internal/.env HTTP/1.1" 404 2369
Not Found: /config/.env
Not Found: /config/.env.production
[29/May/2026 22:56:00] "GET /config/.env HTTP/1.1" 404 2363
Not Found: /config/.env.local
[29/May/2026 22:56:00] "GET /config/.env.production HTTP/1.1" 404 2396
Not Found: /private/.env.production
[29/May/2026 22:56:00] "GET /config/.env.local HTTP/1.1" 404 2381
[29/May/2026 22:56:00] "GET /private/.env.production HTTP/1.1" 404 2399
Not Found: /conf/.env
Not Found: /docker/.env
[29/May/2026 22:56:00] code 400, message Bad request version ('\xaf\\x17\xdfC8\xb7Zg$O')
[29/May/2026 22:56:00] You're accessing the development server over HTTPS, but it only supports HTTP.
Not Found: /private/.env
[29/May/2026 22:56:00] "GET /conf/.env HTTP/1.1" 404 2357
[29/May/2026 22:56:00] "GET /docker/.env HTTP/1.1" 404 2363
[29/May/2026 22:56:00] "GET /private/.env HTTP/1.1" 404 2366
[29/May/2026 22:56:00] code 400, message Bad request version ('\xc0\\x13\xc0')
[29/May/2026 22:56:00] You're accessing the development server over HTTPS, but it only supports HTTP.
[29/May/2026 22:56:00] code 400, message Bad request version ('\xc0\\x13\xc0')
[29/May/2026 22:56:00] You're accessing the development server over HTTPS, but it only supports HTTP.
[29/May/2026 22:56:00] code 400, message Bad request version ('\xc0\\x13\xc0')
[29/May/2026 22:56:00] You're accessing the development server over HTTPS, but it only supports HTTP.
[29/May/2026 22:56:00] code 400, message Bad request version ('\xc0\\x13\xc0')
[29/May/2026 22:56:00] You're accessing the development server over HTTPS, but it only supports HTTP.
[29/May/2026 22:56:00] code 400, message Bad request version ('\xc0\\x13\xc0')
[29/May/2026 22:56:00] You're accessing the development server over HTTPS, but it only supports HTTP.
[29/May/2026 22:56:00] code 400, message Bad request version ('\xc0\\x13\xc0')
[29/May/2026 22:56:00] You're accessing the development server over HTTPS, but it only supports HTTP.
[29/May/2026 22:56:00] code 400, message Bad request version ('\xc0\\x13\xc0')
[29/May/2026 22:56:00] You're accessing the development server over HTTPS, but it only supports HTTP.
[29/May/2026 22:56:00] code 400, message Bad request version ('\xc0\\x13\xc0')
[29/May/2026 22:56:00] You're accessing the development server over HTTPS, but it only supports HTTP.
[29/May/2026 22:56:00] code 400, message Bad HTTP/0.9 request type ("\\x16\\x03\\x01\\x00\xea\\x01\\x00\\x00\xe6\\x03\\x03\xfdc\xf2\xe0\\x01z(\xdd\xa2\\x93\xd7\\x00?\xa8\xd5\\x0e8~\xdf'{I\xd0")
[29/May/2026 22:56:00] You're accessing the development server over HTTPS, but it only supports HTTP.
[29/May/2026 22:56:00] code 400, message Bad request version ('\\x8f\\x8c\xaeZ\\x92\xb8\xa5\xbdJ~')
[29/May/2026 22:56:00] You're accessing the development server over HTTPS, but it only supports HTTP.
[29/May/2026 22:56:00] code 400, message Bad request version ('\xc0\\x13\xc0')
[29/May/2026 22:56:00] You're accessing the development server over HTTPS, but it only supports HTTP.
[29/May/2026 22:56:00] code 400, message Bad HTTP/0.9 request type ('\\x16\\x03\\x01\\x00\xea\\x01\\x00\\x00\xe6\\x03\\x03v"\\x95')
[29/May/2026 22:56:00] You're accessing the development server over HTTPS, but it only supports HTTP.
[29/May/2026 22:56:00] code 400, message Bad request version ('\xc0\\x13\xc0')
[29/May/2026 22:56:00] You're accessing the development server over HTTPS, but it only supports HTTP.
[29/May/2026 22:56:00] code 400, message Bad request version ('\xc0\\x13\xc0')
[29/May/2026 22:56:00] You're accessing the development server over HTTPS, but it only supports HTTP.
[29/May/2026 22:56:00] code 400, message Bad request version ('\xc0\\x13\xc0')
[29/May/2026 22:56:00] You're accessing the development server over HTTPS, but it only supports HTTP.
[29/May/2026 22:56:00] code 400, message Bad request version ('\xc0\\x13\xc0')
[29/May/2026 22:56:00] You're accessing the development server over HTTPS, but it only supports HTTP.
[29/May/2026 22:56:00] code 400, message Bad request syntax ('\\x16\\x03\\x01\\x00\xea\\x01\\x00\\x00\xe6\\x03\\x03\\x00.a\\x18')
[29/May/2026 22:56:00] You're accessing the development server over HTTPS, but it only supports HTTP.
[29/May/2026 22:56:00] code 400, message Bad request version ('\xc0\\x13\xc0')
[29/May/2026 22:56:00] You're accessing the development server over HTTPS, but it only supports HTTP.
[29/May/2026 22:56:00] code 400, message Bad request version ('\xc0\\x13\xc0')
[29/May/2026 22:56:00] You're accessing the development server over HTTPS, but it only supports HTTP.
[29/May/2026 22:56:00] code 400, message Bad request version ('\xc0\\x13\xc0')
[29/May/2026 22:56:00] You're accessing the development server over HTTPS, but it only supports HTTP.
Not Found: /test/.env
[29/May/2026 22:56:00] "GET /test/.env HTTP/1.1" 404 2357
Not Found: /.env.test
[29/May/2026 22:56:00] "GET /.env.test HTTP/1.1" 404 2357
[29/May/2026 22:56:00] code 400, message Bad request version ('\xc0\\x13\xc0')
[29/May/2026 22:56:00] You're accessing the development server over HTTPS, but it only supports HTTP.
Not Found: /wordpress/.env
Not Found: /public/.env
[29/May/2026 22:56:01] "GET /wordpress/.env HTTP/1.1" 404 2372
Not Found: /symfony/.env
Not Found: /wp/.env
[29/May/2026 22:56:01] "GET /symfony/.env HTTP/1.1" 404 2366
[29/May/2026 22:56:01] "GET /public/.env HTTP/1.1" 404 2363
[29/May/2026 22:56:01] "GET /wp/.env HTTP/1.1" 404 2351
Not Found: /api/.env.bak
Not Found: /frontend/.env
Not Found: /api/.env.old
[29/May/2026 22:56:01] "GET /api/.env.bak HTTP/1.1" 404 2366
Not Found: /api/v2/.env
Not Found: /api/v3/.env
[29/May/2026 22:56:01] "GET /api/v2/.env HTTP/1.1" 404 2363
Not Found: /v3/.env
[29/May/2026 22:56:01] "GET /frontend/.env HTTP/1.1" 404 2369
[29/May/2026 22:56:01] "GET /api/.env.old HTTP/1.1" 404 2366
Not Found: /v2/.env
[29/May/2026 22:56:01] "GET /api/v3/.env HTTP/1.1" 404 2363
[29/May/2026 22:56:01] "GET /v2/.env HTTP/1.1" 404 2351
[29/May/2026 22:56:01] "GET /v3/.env HTTP/1.1" 404 2351
Not Found: /api/backend/.env
[29/May/2026 22:56:01] "GET /api/backend/.env HTTP/1.1" 404 2378
Not Found: /laravel/.env
Not Found: /www/.env
Not Found: /web/.env
[29/May/2026 22:56:01] "GET /web/.env HTTP/1.1" 404 2354
Not Found: /htdocs/.env
[29/May/2026 22:56:01] "GET /www/.env HTTP/1.1" 404 2354
[29/May/2026 22:56:01] "GET /laravel/.env HTTP/1.1" 404 2366
[29/May/2026 22:56:01] "GET /htdocs/.env HTTP/1.1" 404 2363
[29/May/2026 22:56:01] "GET /admin/.env.production HTTP/1.1" 302 0
Not Found: /dist/.env
Not Found: /html/.env
Not Found: /build/.env
Not Found: /storage/.env
[29/May/2026 22:56:02] "GET /dist/.env HTTP/1.1" 404 2357
Not Found: /dashboard/.env
[29/May/2026 22:56:02] "GET /build/.env HTTP/1.1" 404 2360
Not Found: /cms/.env
[29/May/2026 22:56:02] "GET /storage/.env HTTP/1.1" 404 2366
Not Found: /apps/backend/.env
[29/May/2026 22:56:02] "GET /html/.env HTTP/1.1" 404 2357
Not Found: /data/.env
[29/May/2026 22:56:02] "GET /dashboard/.env HTTP/1.1" 404 2372
Not Found: /tmp/.env
[29/May/2026 22:56:02] "GET /cms/.env HTTP/1.1" 404 2354
Not Found: /release/.env
[29/May/2026 22:56:02] "GET /apps/backend/.env HTTP/1.1" 404 2381
Not Found: /apps/frontend/.env
[29/May/2026 22:56:02] "GET /data/.env HTTP/1.1" 404 2357
Not Found: /portal/.env
[29/May/2026 22:56:02] "GET /tmp/.env HTTP/1.1" 404 2354
Not Found: /temp/.env
Not Found: /services/backend/.env
[29/May/2026 22:56:02] "GET /release/.env HTTP/1.1" 404 2366
[29/May/2026 22:56:02] "GET /apps/frontend/.env HTTP/1.1" 404 2384
Not Found: /services/api/.env
[29/May/2026 22:56:02] "GET /portal/.env HTTP/1.1" 404 2363
Not Found: /services/auth/.env
Not Found: /packages/api/.env
[29/May/2026 22:56:02] "GET /temp/.env HTTP/1.1" 404 2357
Not Found: /deploy/.env
[29/May/2026 22:56:02] "GET /services/backend/.env HTTP/1.1" 404 2393
Not Found: /apps/api/.env
[29/May/2026 22:56:02] "GET /services/auth/.env HTTP/1.1" 404 2384
Not Found: /uploads/.env
[29/May/2026 22:56:02] "GET /packages/api/.env HTTP/1.1" 404 2381
Not Found: /var/.env
[29/May/2026 22:56:02] "GET /services/api/.env HTTP/1.1" 404 2381
[29/May/2026 22:56:02] "GET /apps/api/.env HTTP/1.1" 404 2369
[29/May/2026 22:56:02] "GET /deploy/.env HTTP/1.1" 404 2363
[29/May/2026 22:56:02] "GET /uploads/.env HTTP/1.1" 404 2366
[29/May/2026 22:56:02] "GET /var/.env HTTP/1.1" 404 2354
Not Found: /
[30/May/2026 04:31:57] "GET / HTTP/1.1" 404 2312
Not Found: /
[30/May/2026 04:32:27] "GET / HTTP/1.1" 404 2312
Not Found: /
[30/May/2026 06:22:14] "GET / HTTP/1.1" 404 2312
Not Found: /
[30/May/2026 06:23:55] "GET / HTTP/1.1" 404 2312
[30/May/2026 06:25:25] code 400, message Bad request version ('\xc0\\x14\xc0')
[30/May/2026 06:25:25] You're accessing the development server over HTTPS, but it only supports HTTP.
[30/May/2026 06:26:48] code 400, message Bad request version ('\xc0\\x14\xc0')
[30/May/2026 06:26:48] You're accessing the development server over HTTPS, but it only supports HTTP.
Not Found: /
[30/May/2026 06:57:16] "GET / HTTP/1.1" 404 2317
Not Found: /
[30/May/2026 08:37:31] "GET / HTTP/1.1" 404 2312
[30/May/2026 08:37:31,799] - Broken pipe from ('147.185.132.57', 59182)
[30/May/2026 08:50:22] code 400, message Bad request version ('\xc0\\x13\xc0')
[30/May/2026 08:50:22] You're accessing the development server over HTTPS, but it only supports HTTP.
[30/May/2026 08:50:22] code 400, message Bad request version ('\xc0\\x13\xc0')
[30/May/2026 08:50:22] You're accessing the development server over HTTPS, but it only supports HTTP.
[30/May/2026 08:50:22] code 400, message Bad request version ('\xc0\\x13\xc0')
[30/May/2026 08:50:22] You're accessing the development server over HTTPS, but it only supports HTTP.
[30/May/2026 08:50:22] code 400, message Bad request version ('\xc0\\x13\xc0')
[30/May/2026 08:50:22] You're accessing the development server over HTTPS, but it only supports HTTP.
[30/May/2026 08:50:22] code 400, message Bad request version ('\xc0\\x13\xc0')
[30/May/2026 08:50:22] You're accessing the development server over HTTPS, but it only supports HTTP.
Not Found: /wp-json/gravitysmtp/v1/tests/mock-data
[30/May/2026 08:50:24] "GET /wp-json/gravitysmtp/v1/tests/mock-data?page=gravitysmtp-settings HTTP/1.1" 404 2470
Not Found: /wp-json/gravitysmtp/v1/settings
[30/May/2026 08:50:24] "GET /wp-json/gravitysmtp/v1/settings HTTP/1.1" 404 2423
Not Found: /wp-json/gravitysmtp/v1/config
[30/May/2026 08:50:24] "GET /wp-json/gravitysmtp/v1/config HTTP/1.1" 404 2417
Not Found: /wp-json/gravitysmtp/v1/tests/mock-data
[30/May/2026 08:50:24] "GET /wp-json/gravitysmtp/v1/tests/mock-data HTTP/1.1" 404 2444
Not Found: /wp-json/wp/v2/settings
[30/May/2026 08:50:24] "GET /wp-json/wp/v2/settings HTTP/1.1" 404 2396
Not Found: /
[30/May/2026 09:41:37] "GET / HTTP/1.1" 404 2315
Not Found: /
[30/May/2026 10:31:57] "GET / HTTP/1.0" 404 2307
[30/May/2026 13:53:41] code 400, message Bad request version ('\xc0#\xc0\xac\xc0\xae\xc0+\xc0')
[30/May/2026 13:53:41] You're accessing the development server over HTTPS, but it only supports HTTP.
Not Found: /
[30/May/2026 13:53:45] "GET / HTTP/1.1" 404 2312
Not Found: /favicon.ico
[30/May/2026 13:56:10] "GET /favicon.ico HTTP/1.1" 404 2363
Not Found: /
[30/May/2026 14:06:50] "GET / HTTP/1.1" 404 2312
Not Found: /
[30/May/2026 17:17:45] "GET / HTTP/1.1" 404 2312
[30/May/2026 17:17:46] code 400, message Bad request syntax ('MGLNDD_3.37.138.89_8000')
[30/May/2026 17:17:46] "MGLNDD_3.37.138.89_8000" 400 -
Not Found: /
[30/May/2026 18:33:24] "GET / HTTP/1.1" 404 2312
Not Found: /
[30/May/2026 18:40:30] "GET / HTTP/1.1" 404 2312
[30/May/2026 20:06:22,034] - Broken pipe from ('193.32.209.243', 3090)
Not Found: /
[30/May/2026 20:06:22] "GET / HTTP/1.1" 404 2312
Not Found: /favicon.ico
[30/May/2026 20:06:22] "GET /favicon.ico HTTP/1.1" 404 2363
Not Found: /
[30/May/2026 22:49:57] "GET / HTTP/1.1" 404 2312
[30/May/2026 22:49:57] code 400, message Bad request syntax ('MGLNDD_3.37.138.89_8000')
[30/May/2026 22:49:57] "MGLNDD_3.37.138.89_8000" 400 -
Not Found: /
[31/May/2026 00:38:53] "GET / HTTP/1.1" 404 2312
Not Found: /favicon.ico
[31/May/2026 00:39:34] "GET /favicon.ico HTTP/1.1" 404 2363
Not Found: /http:/api.ipify.org/
[31/May/2026 00:40:04] "GET http://api.ipify.org/?format=json HTTP/1.1" 404 1873
Not Found: /www.shadowserver.org:443
[31/May/2026 00:40:11] "CONNECT www.shadowserver.org:443 HTTP/1.1" 404 1882
[31/May/2026 02:32:37] code 400, message Bad request version ('\xc0#\xc0\xac\xc0\xae\xc0+\xc0')
[31/May/2026 02:32:37] You're accessing the development server over HTTPS, but it only supports HTTP.
Not Found: /
[31/May/2026 02:32:41] "GET / HTTP/1.1" 404 2312
Not Found: /favicon.ico
[31/May/2026 02:35:08] "GET /favicon.ico HTTP/1.1" 404 2363
[31/May/2026 04:35:46] code 400, message Bad request version ('\xc0\\x14\xc0')
[31/May/2026 04:35:46] You're accessing the development server over HTTPS, but it only supports HTTP.
Not Found: /
[31/May/2026 06:52:20] "GET / HTTP/1.1" 404 2312
Not Found: /
[31/May/2026 06:53:59] "GET / HTTP/1.1" 404 2312
[31/May/2026 06:55:13] code 400, message Bad request version ('\xc0\\x14\xc0')
[31/May/2026 06:55:13] You're accessing the development server over HTTPS, but it only supports HTTP.
[31/May/2026 06:56:54] code 400, message Bad request version ('\xc0\\x14\xc0')
[31/May/2026 06:56:54] You're accessing the development server over HTTPS, but it only supports HTTP.
Not Found: /
[31/May/2026 08:33:44] "GET / HTTP/1.1" 404 2312
[31/May/2026 08:33:58] "GET /guestbook/ HTTP/1.1" 200 6935
[31/May/2026 08:33:59] "GET /static/rest_framework/css/bootstrap-tweaks.css HTTP/1.1" 200 3426
[31/May/2026 08:33:59] "GET /static/rest_framework/css/bootstrap.min.css HTTP/1.1" 200 121457
[31/May/2026 08:33:59] "GET /static/rest_framework/css/default.css HTTP/1.1" 200 1152
[31/May/2026 08:33:59] "GET /static/rest_framework/css/prettify.css HTTP/1.1" 200 817
[31/May/2026 08:33:59] "GET /static/rest_framework/js/jquery-3.7.1.min.js HTTP/1.1" 200 87533
[31/May/2026 08:33:59] "GET /static/rest_framework/js/ajax-form.js HTTP/1.1" 200 3796
[31/May/2026 08:33:59] "GET /static/rest_framework/js/csrf.js HTTP/1.1" 200 1793
[31/May/2026 08:33:59] "GET /static/rest_framework/js/bootstrap.min.js HTTP/1.1" 200 39680
[31/May/2026 08:33:59] "GET /static/rest_framework/js/prettify-min.js HTTP/1.1" 200 13632
[31/May/2026 08:33:59] "GET /static/rest_framework/js/default.js HTTP/1.1" 200 1268
[31/May/2026 08:33:59] "GET /static/rest_framework/js/load-ajax-form.js HTTP/1.1" 200 59
[31/May/2026 08:33:59] "GET /static/rest_framework/img/grid.png HTTP/1.1" 200 1458
Not Found: /
[31/May/2026 10:50:51] "GET / HTTP/1.0" 404 2307
Not Found: /
[31/May/2026 15:10:45] "GET / HTTP/1.1" 404 2312
Not Found: /favicon.ico
[31/May/2026 15:10:45] "GET /favicon.ico HTTP/1.1" 404 2363
[31/May/2026 18:15:31] code 400, message Bad request version ('\xc0\\x13\xc0')
[31/May/2026 18:15:31] You're accessing the development server over HTTPS, but it only supports HTTP.
[31/May/2026 18:15:42] code 400, message Bad request version ('\xc0\\x13\xc0')
[31/May/2026 18:15:42] You're accessing the development server over HTTPS, but it only supports HTTP.
Not Found: /
[31/May/2026 18:15:42] "GET / HTTP/1.1" 404 2312
Not Found: /favicon.ico
[31/May/2026 18:15:46] "GET /favicon.ico HTTP/1.1" 404 2363
/home/ubuntu/toyproj/toyproj1/config/settings.py changed, reloading.
Performing system checks...

System check identified no issues (0 silenced).
May 27, 2026 - 07:01:51
Django version 6.0.5, using settings 'config.settings'
Starting development server at http://0.0.0.0:8000/
Quit the server with CONTROL-C.

WARNING: This is a development server. Do not use it in a production setting. Use a production WSGI or ASGI server instead.
For more information on production servers see: https://docs.djangoproject.com/en/6.0/howto/deployment/
Watching for file changes with StatReloader
/home/ubuntu/toyproj/toyproj1/guestbook/models.py changed, reloading.
Performing system checks...

System check identified no issues (0 silenced).
May 31, 2026 - 18:20:33
Django version 6.0.5, using settings 'config.settings'
Starting development server at http://0.0.0.0:8000/
Quit the server with CONTROL-C.

WARNING: This is a development server. Do not use it in a production setting. Use a production WSGI or ASGI server instead.
For more information on production servers see: https://docs.djangoproject.com/en/6.0/howto/deployment/
Watching for file changes with StatReloader
Not Found: /
[31/May/2026 18:22:09] "GET / HTTP/1.1" 404 2312
Not Found: /favicon.ico
[31/May/2026 18:22:09] "GET /favicon.ico HTTP/1.1" 404 2363
[31/May/2026 18:22:13] "GET /guestbook/ HTTP/1.1" 200 6935
[31/May/2026 18:22:13] "GET /static/rest_framework/css/bootstrap-tweaks.css HTTP/1.1" 200 3426
[31/May/2026 18:22:13] "GET /static/rest_framework/css/prettify.css HTTP/1.1" 200 817
[31/May/2026 18:22:13] "GET /static/rest_framework/css/bootstrap.min.css HTTP/1.1" 200 121457
[31/May/2026 18:22:13] "GET /static/rest_framework/css/default.css HTTP/1.1" 200 1152
[31/May/2026 18:22:13] "GET /static/rest_framework/js/jquery-3.7.1.min.js HTTP/1.1" 200 87533
[31/May/2026 18:22:13] "GET /static/rest_framework/js/csrf.js HTTP/1.1" 200 1793
[31/May/2026 18:22:13] "GET /static/rest_framework/js/ajax-form.js HTTP/1.1" 200 3796
[31/May/2026 18:22:13] "GET /static/rest_framework/js/prettify-min.js HTTP/1.1" 200 13632
[31/May/2026 18:22:13] "GET /static/rest_framework/js/bootstrap.min.js HTTP/1.1" 200 39680
[31/May/2026 18:22:13] "GET /static/rest_framework/js/default.js HTTP/1.1" 200 1268
[31/May/2026 18:22:13] "GET /static/rest_framework/js/load-ajax-form.js HTTP/1.1" 200 59
[31/May/2026 18:22:13] "GET /static/rest_framework/img/grid.png HTTP/1.1" 200 1458
[31/May/2026 18:22:19] "OPTIONS /guestbook/ HTTP/1.1" 200 7176
Bad Request: /guestbook/
[31/May/2026 18:23:28] "POST /guestbook/ HTTP/1.1" 400 6947
[31/May/2026 18:24:00] "GET /guestbook/ HTTP/1.1" 200 67
[31/May/2026 18:24:31] "POST /guestbook/ HTTP/1.1" 201 166
[31/May/2026 18:24:35] "GET /guestbook/ HTTP/1.1" 200 7226
[31/May/2026 18:24:47] "POST /guestbook/1/like/ HTTP/1.1" 201 43
[31/May/2026 18:24:53] "GET /guestbook/hot/ HTTP/1.1" 200 5743
[31/May/2026 19:19:05] code 400, message Bad request version ('\xea\\x97P9\xc6\\x87u\\x15\\x95,j\\x00\xd1\xfc\xf8\xfd\xfc[\xe7\\x96\xefuMZ')
[31/May/2026 19:19:05] You're accessing the development server over HTTPS, but it only supports HTTP.
[31/May/2026 19:19:05] code 400, message Bad request version ('\xc0(\xc0$\xc0\\x14\xc0')
[31/May/2026 19:19:05] You're accessing the development server over HTTPS, but it only supports HTTP.
Not Found: /
[31/May/2026 20:23:25] "GET / HTTP/1.1" 404 2312
Not Found: /
[31/May/2026 20:24:55] "GET / HTTP/1.1" 404 2307
Not Found: /favicon.ico
[31/May/2026 20:24:56] "GET /favicon.ico HTTP/1.1" 404 2358
Not Found: /
[31/May/2026 22:00:18] "GET / HTTP/1.1" 404 2307
Not Found: /favicon.ico
[31/May/2026 22:00:19] "GET /favicon.ico HTTP/1.1" 404 2358
[31/May/2026 23:09:13] code 400, message Bad request version ('\xc0\\x13\xc0')
[31/May/2026 23:09:13] You're accessing the development server over HTTPS, but it only supports HTTP.
Not Found: /
[31/May/2026 23:09:23] "GET / HTTP/1.1" 404 2312
[31/May/2026 23:09:23,423] - Broken pipe from ('8.216.11.138', 52096)
Not Found: /
[31/May/2026 23:09:23] "GET / HTTP/1.1" 404 2312
Not Found: /
[31/May/2026 23:09:41] "GET / HTTP/1.1" 404 2312
Not Found: /
[01/Jun/2026 00:41:42] "GET / HTTP/1.1" 404 2312
Not Found: /favicon.ico
[01/Jun/2026 00:42:40] "GET /favicon.ico HTTP/1.1" 404 2363
Not Found: /http:/api.ipify.org/
[01/Jun/2026 00:43:20] "GET http://api.ipify.org/?format=json HTTP/1.1" 404 1873
Not Found: /www.shadowserver.org:443
[01/Jun/2026 00:43:31] "CONNECT www.shadowserver.org:443 HTTP/1.1" 404 1882
[01/Jun/2026 03:12:32] code 400, message Bad request syntax ('\\x16\\x03\\x01\\x00\xee\\x01\\x00\\x00\xea\\x03\\x03\\x0fm\\x08zO\\x16.\xf7~s\xcf\xac\xe8\xc9')
[01/Jun/2026 03:12:32] You're accessing the development server over HTTPS, but it only supports HTTP.
[01/Jun/2026 04:57:13] code 400, message Bad request version ('\xc0\\x14\xc0')
[01/Jun/2026 04:57:13] You're accessing the development server over HTTPS, but it only supports HTTP.
[01/Jun/2026 04:57:14] code 400, message Bad request syntax ('MGLNDD_3.37.138.89_8000')
[01/Jun/2026 04:57:14] "MGLNDD_3.37.138.89_8000" 400 -
/home/ubuntu/toyproj/toyproj1/guestbook/serializers.py changed, reloading.
Performing system checks...

System check identified no issues (0 silenced).

You have 3 unapplied migration(s). Your project may not work properly until you apply the migrations for app(s): guestbook.
Run 'python manage.py migrate' to apply them.
May 31, 2026 - 18:20:42
Django version 6.0.5, using settings 'config.settings'
Starting development server at http://0.0.0.0:8000/
Quit the server with CONTROL-C.

WARNING: This is a development server. Do not use it in a production setting. Use a production WSGI or ASGI server instead.
For more information on production servers see: https://docs.djangoproject.com/en/6.0/howto/deployment/
Watching for file changes with StatReloader
Exception in thread django-main-thread:
Traceback (most recent call last):
  File "/usr/lib/python3.14/threading.py", line 1082, in _bootstrap_inner
    self._context.run(self.run)
    ~~~~~~~~~~~~~~~~~^^^^^^^^^^
  File "/usr/lib/python3.14/threading.py", line 1024, in run
    self._target(*self._args, **self._kwargs)
    ~~~~~~~~~~~~^^^^^^^^^^^^^^^^^^^^^^^^^^^^^
  File "/home/ubuntu/.cache/pypoetry/virtualenvs/toyproj1-isJ9Rx2b-py3.14/lib/python3.14/site-packages/django/utils/autoreload.py", line 64, in wrapper
    fn(*args, **kwargs)
    ~~^^^^^^^^^^^^^^^^^
  File "/home/ubuntu/.cache/pypoetry/virtualenvs/toyproj1-isJ9Rx2b-py3.14/lib/python3.14/site-packages/django/core/management/commands/runserver.py", line 134, in inner_run
    self.check(**check_kwargs)
    ~~~~~~~~~~^^^^^^^^^^^^^^^^
  File "/home/ubuntu/.cache/pypoetry/virtualenvs/toyproj1-isJ9Rx2b-py3.14/lib/python3.14/site-packages/django/core/management/base.py", line 496, in check
    all_issues = checks.run_checks(
        app_configs=app_configs,
    ...<2 lines>...
        databases=databases,
    )
  File "/home/ubuntu/.cache/pypoetry/virtualenvs/toyproj1-isJ9Rx2b-py3.14/lib/python3.14/site-packages/django/core/checks/registry.py", line 89, in run_checks
    new_errors = check(app_configs=app_configs, databases=databases)
  File "/home/ubuntu/.cache/pypoetry/virtualenvs/toyproj1-isJ9Rx2b-py3.14/lib/python3.14/site-packages/django/core/checks/urls.py", line 136, in check_custom_error_handlers
    handler = resolver.resolve_error_handler(status_code)
  File "/home/ubuntu/.cache/pypoetry/virtualenvs/toyproj1-isJ9Rx2b-py3.14/lib/python3.14/site-packages/django/urls/resolvers.py", line 743, in resolve_error_handler
    callback = getattr(self.urlconf_module, "handler%s" % view_type, None)
                       ^^^^^^^^^^^^^^^^^^^
  File "/home/ubuntu/.cache/pypoetry/virtualenvs/toyproj1-isJ9Rx2b-py3.14/lib/python3.14/site-packages/django/utils/functional.py", line 47, in __get__
    res = instance.__dict__[self.name] = self.func(instance)
                                         ~~~~~~~~~^^^^^^^^^^
  File "/home/ubuntu/.cache/pypoetry/virtualenvs/toyproj1-isJ9Rx2b-py3.14/lib/python3.14/site-packages/django/urls/resolvers.py", line 722, in urlconf_module
    return import_module(self.urlconf_name)
  File "/usr/lib/python3.14/importlib/__init__.py", line 88, in import_module
    return _bootstrap._gcd_import(name[level:], package, level)
           ~~~~~~~~~~~~~~~~~~~~~~^^^^^^^^^^^^^^^^^^^^^^^^^^^^^^
  File "<frozen importlib._bootstrap>", line 1406, in _gcd_import
  File "<frozen importlib._bootstrap>", line 1371, in _find_and_load
  File "<frozen importlib._bootstrap>", line 1342, in _find_and_load_unlocked
  File "<frozen importlib._bootstrap>", line 938, in _load_unlocked
  File "<frozen importlib._bootstrap_external>", line 759, in exec_module
  File "<frozen importlib._bootstrap>", line 491, in _call_with_frames_removed
  File "/home/ubuntu/toyproj/toyproj1/config/urls.py", line 22, in <module>
    path('guestbook/', include('guestbook.urls')), # 추가
                       ~~~~~~~^^^^^^^^^^^^^^^^^^
  File "/home/ubuntu/.cache/pypoetry/virtualenvs/toyproj1-isJ9Rx2b-py3.14/lib/python3.14/site-packages/django/urls/conf.py", line 39, in include
    urlconf_module = import_module(urlconf_module)
  File "/usr/lib/python3.14/importlib/__init__.py", line 88, in import_module
    return _bootstrap._gcd_import(name[level:], package, level)
           ~~~~~~~~~~~~~~~~~~~~~~^^^^^^^^^^^^^^^^^^^^^^^^^^^^^^
  File "<frozen importlib._bootstrap>", line 1406, in _gcd_import
  File "<frozen importlib._bootstrap>", line 1371, in _find_and_load
  File "<frozen importlib._bootstrap>", line 1342, in _find_and_load_unlocked
  File "<frozen importlib._bootstrap>", line 938, in _load_unlocked
  File "<frozen importlib._bootstrap_external>", line 759, in exec_module
  File "<frozen importlib._bootstrap>", line 491, in _call_with_frames_removed
  File "/home/ubuntu/toyproj/toyproj1/guestbook/urls.py", line 2, in <module>
    from guestbook.views import *
  File "/home/ubuntu/toyproj/toyproj1/guestbook/views.py", line 9, in <module>
    from .serializers import GuestbookSerializer, CommentSerializer
  File "/home/ubuntu/toyproj/toyproj1/guestbook/serializers.py", line 8
    class Meta:
               ^
IndentationError: unindent does not match any outer indentation level
/home/ubuntu/toyproj/toyproj1/guestbook/serializers.py changed, reloading.
Performing system checks...

Watching for file changes with StatReloader
Error: That port is already in use.
Watching for file changes with StatReloader
[01/Jun/2026 05:33:11] "GET /guestbook/ HTTP/1.1" 200 7226
[01/Jun/2026 05:33:22] "GET /guestbook/1/ HTTP/1.1" 200 8498
/home/ubuntu/toyproj/toyproj1/guestbook/serializers.py changed, reloading.
Performing system checks...

System check identified no issues (0 silenced).
June 01, 2026 - 05:30:08
Django version 6.0.5, using settings 'config.settings'
Starting development server at http://0.0.0.0:8000/
Quit the server with CONTROL-C.

WARNING: This is a development server. Do not use it in a production setting. Use a production WSGI or ASGI server instead.
For more information on production servers see: https://docs.djangoproject.com/en/6.0/howto/deployment/
Watching for file changes with StatReloader
[01/Jun/2026 05:35:43] "GET /guestbook/1/ HTTP/1.1" 200 8534
/home/ubuntu/toyproj/toyproj1/guestbook/models.py changed, reloading.
Performing system checks...

System check identified no issues (0 silenced).
June 01, 2026 - 05:35:40
Django version 6.0.5, using settings 'config.settings'
Starting development server at http://0.0.0.0:8000/
Quit the server with CONTROL-C.

WARNING: This is a development server. Do not use it in a production setting. Use a production WSGI or ASGI server instead.
For more information on production servers see: https://docs.djangoproject.com/en/6.0/howto/deployment/
Watching for file changes with StatReloader
/home/ubuntu/toyproj/toyproj1/guestbook/serializers.py changed, reloading.
Performing system checks...

System check identified no issues (0 silenced).
June 01, 2026 - 05:43:07
Django version 6.0.5, using settings 'config.settings'
Starting development server at http://0.0.0.0:8000/
Quit the server with CONTROL-C.

WARNING: This is a development server. Do not use it in a production setting. Use a production WSGI or ASGI server instead.
For more information on production servers see: https://docs.djangoproject.com/en/6.0/howto/deployment/
Watching for file changes with StatReloader
[01/Jun/2026 05:44:11] "POST /guestbook/1/comment/ HTTP/1.1" 201 165
Not Found: /guestbook/1/comment/like/
[01/Jun/2026 05:44:25] "POST /guestbook/1/comment/like/ HTTP/1.1" 404 4163
[01/Jun/2026 05:44:29] "POST /guestbook/1/comment/1/like/ HTTP/1.1" 201 43
Method Not Allowed: /guestbook/1/comment/1/
[01/Jun/2026 05:44:36] "GET /guestbook/1/comment/1/ HTTP/1.1" 405 40
[01/Jun/2026 05:44:38] "GET /guestbook/1/comment/ HTTP/1.1" 200 174
